6.315306779340027,8.616914739557858,31.496064
6.08786104788323,9.100962741930227,32.480315999999995
6.1790494420151845,9.350789635777987,33.136484
6.322355993025485,9.690233174456207,34.776903999999995
6.100622728166689,10.136166354899705,36.089240000000004
5.865052953647451,10.51239592690714,37.729659999999996
5.8310165913081,10.616848627349958,38.713912
5.794655434624561,10.81643789901656,40.354332
5.675878515131065,10.969965347709694,41.0105
5.750155360462421,11.131707804090574,42.65092
5.757683076145019,11.239442098446991,43.635172
5.530439557720608,11.409849586511683,46.916012
5.339131403682951,11.51605667025986,44.291340000000005
5.26938557377426,11.590172424958473,45.275591999999996
5.264216849531764,11.419918145148149,47.900264
4.822989413652367,11.44974151214611,48.556432
4.7462459519183975,10.963879976234761,50.524936
4.459464324692255,10.751546867259389,51.181104
4.322929199451653,10.471693352372245,52.165356
3.9916597605544353,10.009667633513006,53.805776
3.9162354144905405,9.828384759819782,54.790028
3.7392101845523946,9.604208588877642,56.430448
3.708229598210568,9.5058579758099,57.4147
3.5737694665506776,9.569759765568529,58.070868000000004
3.531170112911299,9.62823983321228,59.711288
3.493135891089967,9.66558487753284,60.367456000000004
3.5450982001522062,9.758946656502271,61.023624
3.4419815718654556,9.857286642173872,61.679792000000006
3.502871521570926,10.010611689282705,62.664044
3.4981139079046897,10.112241046979037,63.320212
3.486459108553131,10.21376361055913,63.976380000000006
3.4365985978294047,10.344416366294583,64.632548
3.416987199377553,10.62071859692132,65.944884
3.426807825116327,10.765183151373506,66.272968
3.397910324723418,10.920765320596281,66.929136
3.4227837192694817,11.06340332380531,67.58530400000001
3.0904994533303447,11.268223730711263,68.241472
3.1114479010991247,11.45791789407634,69.88189200000001
3.10729890973983,11.572848714284282,71.19422800000001
3.027448890614816,11.569510001153695,70.53806
2.9444325749681592,11.647132969994866,72.506564
2.7655159806245417,11.704257472340839,71.85039599999999
2.855424111692974,11.653870859569972,73.8189
2.770623101882158,11.698430529148151,75.45931999999999
2.76666923531239,11.743054371039415,76.115488
2.6372683837098765,11.833402848018123,76.77165600000001
2.711680650851596,11.889169011144029,77.427824
2.5657163744414238,12.109188583732417,78.74016
2.5543128792099665,12.227288188428831,79.396328
2.4472869180962427,12.342689829720776,79.724412
2.4104828893761487,12.523107577236635,80.708664
2.4266036532969566,12.589865855926734,81.036748
2.4282920374832444,12.671960858237616,82.34908399999999
2.3712814400948496,12.708251905347852,82.67716800000001
2.4112608205670196,12.705736016362131,83.333336
2.401262576279379,12.731601906566821,84.317588
2.4173689414971133,12.741410369953812,84.97375600000001
2.4042666509151744,12.746827288926491,85.30184
2.347116061297254,12.759242319730186,85.95800799999999
2.3404304949438584,12.773412136534576,87.270344
2.3579764191483568,12.770184795772229,87.270344
2.2898809031056246,12.78517064599941,87.926512
2.316127822229173,12.585571968391488,90.2231
2.2867363950824773,12.23335254412059,91.535436
2.2612683952225665,12.00676804579746,92.191604
2.1989437059905415,11.753886055127882,92.84777199999999
2.2608408001428018,11.518072150762716,93.50394
2.2924596624830262,11.340326643712173,94.160108
2.4095003272699462,11.316036755997482,94.160108
2.5089025311687676,11.171645470776037,94.488192
2.723381782057336,11.036944623667539,97.112864
2.913787238381375,10.975754517725237,95.800528
2.857570256051617,10.98882983801133,96.128612
2.849223743569459,11.00319791930075,95.472444
2.9054992526141366,11.067286673178613,97.44094799999999
2.7834785419740924,11.21593839765142,98.097116
2.8257885614653597,11.472096494212805,98.4252
2.708675025510787,12.32623632579189,99.73753599999999
2.745590598054153,13.56629641469174,100.721788
2.643154524823421,14.284620204217733,101.37795600000001
2.572327344592996,14.96085228718825,101.70604
2.2416594932363823,15.67576744569542,102.034124
2.0579667586027863,16.484470463423225,102.690292
1.8902647611037653,16.851103524534032,103.018376
1.6558832836862067,17.17923916590896,103.018376
1.4801073217701701,17.240454356888677,103.674544
1.3378626743606845,17.19995045829017,103.34646
1.1730330494972336,17.13344836307315,103.674544
1.1519408290775792,17.002590954045978,103.674544
1.1320881668758065,16.809263653228538,103.674544
1.059262670799387,16.74237812441278,103.674544
1.0629018579385006,16.74214748193778,103.674544
1.0863886073752622,16.662949761241467,104.002628
1.0411083715187228,16.61922690090434,104.002628
1.0434503885736135,16.58781768624358,104.002628
1.048150655380268,16.571281642890625,104.002628
0.9529567429047905,16.634110292724277,104.330712
0.9927018546900546,16.70757588124842,104.330712
1.0279936964414516,16.809573959604407,104.330712
1.06702043501583,16.87515847770839,104.330712
1.0446845251139791,16.910084439631934,104.330712
1.0512149233034622,17.00339605943318,104.330712
1.0584791254181962,17.068294268567655,104.330712
1.0785899490096684,17.118153757929427,104.330712
1.0877900822819142,17.178224749104753,104.330712
1.0832130949061467,17.287521338284826,104.330712
1.113034368103073,17.48695689674579,104.330712
1.1479186531413172,17.570284819695992,104.330712
1.1333006095777876,17.667856888602433,104.330712
1.1712060756911802,17.737688029925724,104.330712
1.218353399398559,17.83329943998715,104.330712
1.2047856484300954,17.870293865915997,104.330712
1.1848888153239205,17.897961291587116,104.330712
1.1964765911087687,17.899722272899417,104.330712
1.173471226364428,17.900653361545686,104.330712
1.216946919386002,17.867069257883124,104.330712
1.2031534133544866,17.859848487597837,104.330712
1.1710342707039254,17.742532709315835,104.330712
1.1790549429506558,17.644574616431292,104.330712
1.181177664076792,17.461802691542754,104.330712
1.2060682618434448,17.368149147869325,104.330712
1.3504196976512712,17.357522061488368,104.330712
1.5089864873494263,17.249708048047765,104.330712
1.4547353741343323,17.137152823018322,104.330712
1.6611053804433524,16.7482735243496,104.330712
1.6192571252489856,16.233912223895988,104.330712
1.8641012448787322,15.929655065383711,104.330712
1.8935000683687833,15.348076236638557,104.330712
2.0138380817551815,15.065043906368064,104.330712
2.4783615124754754,14.995626560227658,104.330712
2.7248169591424265,14.736991146167114,104.330712
2.8824241708852623,14.522552804552584,104.330712
2.9536221445842004,14.292086059372831,104.330712
3.1581867394850764,14.203212109495507,104.330712
3.245563954889554,14.158762188143255,104.330712
3.4449405432402016,14.127179518012813,104.330712
3.4781810183562847,14.142548504410456,104.330712
3.4937463384619973,14.259263318191046,104.330712
3.3943795263992813,14.586001081427085,104.002628
3.4186496902415504,15.140595564090681,104.002628
3.184684492146928,15.626250988603806,104.002628
3.151301607997803,16.12347203767419,104.002628
2.9248677881990637,16.746397239738943,104.002628
2.4103760931928178,17.476657535704923,104.002628
2.2386607514033674,18.97040138917077,104.002628
1.9639057672272435,20.35073449945628,104.002628
1.7735173531798027,20.78645394378462,104.002628
1.4475950183627675,21.611744247241013,104.002628
1.317172706505654,21.776244678720282,104.002628
1.10265031305551,21.775053190060994,104.002628
1.0596945385022487,21.629602172914126,104.330712
0.8828317457948811,21.506461860076833,104.002628
0.38626258198523056,21.592641913928652,104.330712
0.6899971684668776,21.49401375603919,104.330712
0.781779827813346,21.40570966684322,104.330712
0.431082858850037,21.389292248204093,104.002628
0.28230186334869173,21.355746435678512,104.002628
0.10819922055654586,21.291359616370016,104.002628
0.26909285497455143,21.16056010032186,104.002628
0.14872823254918963,20.97417808948975,104.002628
0.3572612688441816,20.19037683420277,104.002628
0.7852860120218599,19.41027016147225,104.002628
0.5282537459892029,19.004701049806418,104.002628
1.0479663977761897,18.560760839860343,104.002628
1.1622263961132289,18.14427891015251,103.674544
1.400389525966648,17.719717493363213,103.674544
1.7784100416704047,17.685777805703804,103.674544
1.950793283951592,17.287128984877892,103.674544
2.3762494789957684,16.874886548092455,103.674544
2.940657206948354,16.470917460816526,103.674544
3.2321202450076294,16.02818571349888,103.674544
3.285535649644903,15.895762245081844,103.674544
3.6349345043878905,15.708311486489587,103.674544
3.856090915310316,15.523478049688196,103.674544
4.112775791605303,15.4520219327123,103.674544
4.442050312309827,15.385190490155269,103.674544
4.964650087286656,15.297110996633812,103.674544
5.269875439172281,15.70063886659467,103.674544
5.587432364786703,15.911382840696211,103.674544
6.232066977801022,16.437270085798858,103.674544
6.633464095220674,16.279424461163057,103.674544
7.2482247765662855,16.015172314953922,103.674544
7.464360085774385,16.448665285687557,103.34646
7.747239013048589,16.644230092433315,103.674544
7.875177211375233,16.629612756219547,103.674544
7.808018048443869,16.459141408555787,103.34646
7.575786905709368,16.072887058055578,103.674544
7.456280384337261,15.885889733310867,103.674544
7.033079461812091,15.305965956414965,104.002628
6.8348175173315315,15.270985485879976,104.002628
6.807489887271179,15.221355171843346,104.002628
6.261100442402159,15.635967376525484,104.002628
6.043179972985412,15.9984207338595,104.002628
5.746244459221161,16.4641683805817,103.674544
5.537006473820976,17.07980091770624,103.674544
4.819809541730348,17.9264210291873,103.674544
4.513814903442369,18.761805082537297,103.674544
4.037829924415063,19.75997384091072,103.674544
3.8463265662968738,20.771856909143466,103.674544
2.813672566809993,22.751745292145902,103.674544
1.912303964527395,23.628583843947254,103.674544
1.4024221336379548,24.525619324327867,103.674544
1.0703602652655575,25.176109642342954,103.674544
-0.121643341,26.382725659843274,103.674544
-0.651236695,26.918075684704522,103.674544
-1.312527399,27.561942501060848,103.674544
-1.71456031,27.923888758237844,103.674544
-2.139942128,28.51890872641479,104.002628
-2.468028626,29.04082239177529,104.002628
-3.657996991,29.16407351328919,104.002628
-3.973156502,29.348058853048528,104.002628
-4.488009009,29.65927852867705,103.674544
-4.375819332,29.67603802531672,103.674544
-5.074504453,29.69739201589204,103.674544
-5.465776356,29.769885951624563,103.674544
-5.505705186,29.94611647108598,103.34646
-6.034133216,29.927568865561234,103.34646
-5.800331656,30.01329153481317,103.34646
-5.762691998,30.062633515783343,103.34646
-5.694636899,30.153898294035777,103.34646
-5.650579186,30.21826059875755,103.34646
-6.05072353,30.356159703900357,103.34646
-6.486820179,30.47973840157143,103.34646
-6.601882366,32.11660398540398,103.34646
-7.010446265,34.56728190572717,103.34646
-7.427469188,35.589510797213414,103.34646
-7.760340611,35.518413406599464,103.34646
-8.937852702,35.24053584161297,103.34646
-9.674867537,36.219604312855616,103.34646
-11.34653592,36.88168881881726,103.34646
-12.45517312,38.97179436114858,103.34646
-13.4029633,39.79329667482787,103.674544
-14.33205708,40.49356483292038,103.674544
-16.1816049,40.76505573554836,103.674544
-16.93382712,41.69723055398261,103.674544
-18.08540976,41.73875023405299,103.674544
-18.57345524,41.7961576065398,103.674544
-19.34954353,41.701684151226544,103.674544
-19.61200627,41.60174702225961,103.674544
-19.71095141,41.425649786019136,104.002628
-19.68786743,40.98830787201913,104.002628
-19.57983659,40.3245531261362,103.674544
-19.64035863,40.2951101050887,103.674544
-19.1854425,40.11473166085372,103.674544
-19.10390518,39.705545979861625,103.674544
-18.58314642,39.07416632184814,103.674544
-18.33021418,38.73588655044642,103.674544
-18.08961607,38.37493186031414,103.674544
-17.55067676,38.25145885518972,103.674544
-17.2220333,37.9625288764513,103.674544
-16.14250357,37.73413599292628,103.674544
-15.96800903,37.16283977419125,103.674544
-15.36640057,37.17928567879218,103.674544
-15.17953472,36.93799400646707,103.674544
-14.6526671,36.553809732754445,103.674544
-14.4670932,36.354132873557695,103.674544
-13.43738226,36.115655864656716,103.674544
-13.40923686,36.12611531107501,103.674544
-12.79387021,36.34860005089994,103.674544
-12.59116841,36.08415801155207,103.674544
-12.22712411,35.59567061725996,103.674544
-11.88690086,35.09504074895636,103.674544
-11.77881173,34.86041542671151,103.34646
-11.30330116,34.44543892113343,103.34646
-11.07688416,34.23247253486765,103.34646
-10.78433244,34.06912624429869,103.34646
-10.40114585,33.6616536199357,103.34646
-10.05994831,33.497398149738224,103.34646
-9.699000524,33.32016663053772,103.34646
-9.257274696,32.98987740042766,103.674544
-9.055063702,32.842141583553435,103.674544
-8.977122731,32.70161412004255,103.674544
-8.607216501,32.47959976382502,103.674544
-8.195350281,32.41746044070706,103.674544
-7.898541813,32.15230161024014,103.674544
-7.534043329,32.02230589750578,103.674544
-7.204828155,31.88103156621044,103.674544
-6.843547348,31.467012068812984,103.674544
-6.674582102,31.216153954589878,103.674544
-6.472847397,30.98499450518575,103.674544
-6.247173202,30.493288328242212,103.674544
-6.242893117,30.258533736113957,103.674544
-6.29375847,30.02266463945444,103.674544
-5.565715587,29.971527903491744,103.674544
-5.352706843,29.563460087653986,103.674544
-4.840698162,29.129266936439457,103.674544
-4.689508691,28.848496625937862,104.002628
-4.344552482,28.567360769116103,104.002628
-4.255854602,27.873659133373145,104.002628
-3.79446571,27.940207620028808,104.002628
-3.19453374,27.65911212135509,104.002628
-2.524548617,27.36255957655598,104.002628
-2.045807089,26.69018107908805,104.002628
-1.951402344,26.339427420831388,104.002628
-1.78687443,25.624749952834097,104.002628
-1.681605533,25.25164916419219,104.002628
-1.400252095,24.483219989058867,104.002628
-1.132545215,24.099781979867196,103.674544
-0.751392304,23.74214912180261,104.002628
-0.351570912,23.0135556270735,104.002628
-0.053268077,22.64678847349862,104.002628
0.11485025363105023,21.927521445233307,104.002628
0.629443358847969,21.582687532396914,104.002628
0.9889802517935927,20.924509476555826,104.002628
1.1764595687212793,20.91480627823448,104.002628
1.4118086993099674,20.589778028464842,104.002628
1.6575068073559354,20.282353469767827,104.002628
1.9833507429610295,19.710274121213107,104.002628
2.3930908985577335,19.1704361538122,104.002628
2.52362436030672,18.93506268852448,104.002628
2.8472385411227323,18.720577817609477,104.002628
3.5479809905298025,18.45064743890452,104.002628
3.737002228438021,18.41329341450258,104.002628
3.806851497507645,18.289812239751747,104.002628
3.9842379937977372,18.132022309202434,104.002628
4.21926342713367,18.050274722410023,104.002628
4.329889239115324,18.090826128672603,103.674544
4.5484632249015755,18.161837911475306,103.674544
4.582370664200504,18.164816998083076,103.674544
4.504764287535812,17.990584743609254,104.002628
4.734993548216947,18.13577067278454,103.674544
4.686006649689636,18.14605014703937,103.674544
4.708691203864048,17.78024653090121,103.34646
4.629142240629134,17.48581263980934,103.34646
4.5981624953817155,17.006946626390306,103.34646
4.721751184571191,16.415788406167493,103.34646
4.485754572422365,15.762559705829728,103.34646
4.224213709402122,15.12465688209504,103.34646
4.04926057244343,14.40924079187872,103.34646
3.601918963397337,13.219895510131032,103.674544
3.3923276131441367,12.77616968667673,103.674544
3.098737777131427,12.451677963355317,103.674544
2.807991212732128,12.37609724531656,103.674544
2.5219533041572233,12.508164550879998,103.674544
2.476714327763774,13.139614465662776,103.674544
2.2160212850501644,13.976627544829077,103.674544
1.9351027282100433,14.988758499579385,103.674544
1.75460142259601,17.240539222851453,103.674544
1.2314590455064476,18.68942777506832,103.34646
0.8921055198133621,20.223706691133767,103.34646
-0.52079466,21.81376501659343,103.34646
-1.521849801,23.45918705991541,103.34646
-2.588932571,26.81883440884385,103.34646
-4.180325494,28.222929615709816,103.34646
-5.644084306,29.55551357409135,103.34646
-6.359226913,31.545360091478994,103.674544
-7.272574015,32.26736060015535,103.674544
-8.75334611,32.92214462504998,103.34646
-9.649190627,32.9693491675208,103.34646
-10.31106687,32.76838055680815,103.34646
-10.30806265,32.78445848012763,103.34646
-10.50356815,31.87744643789349,103.34646
-10.31406019,31.076220791154174,103.674544
-10.23274946,30.593027123120624,103.674544
-9.591297556,29.68107191914438,103.674544
-9.195508344,28.62195515323647,103.34646
-8.522273784,28.244684755469375,103.34646
-8.044845887,27.741109350116535,103.34646
-7.691290874,27.240079846676064,103.34646
-7.241048435,26.67063006695299,103.34646
-6.164972381,25.491287427215816,103.34646
-5.560771857,24.865724311837518,103.34646
-5.109758868,24.09874902225355,103.34646
-4.622806638,23.332680497367132,103.34646
-3.531772746,21.630563349649016,103.34646
-2.664698855,20.732906594987124,103.34646
-1.620101402,19.107819512076542,103.34646
-1.315520157,18.363537632739497,103.34646
-0.966183582,16.96036336846581,103.34646
-0.582355632,16.53502415493794,103.34646
-0.345213256,15.893856940397045,103.34646
-0.005112845,15.70160727756361,103.34646
0.16512866978576596,15.841987695535991,103.34646
0.5061949628495374,16.444508106212847,103.34646
0.5181645078537015,16.92478038548564,103.34646
0.4568441355682992,17.345724361966237,103.34646
0.3327424855936518,17.80765328404892,103.34646
0.22766906186631417,18.150344401362418,103.34646
0.22779048167600238,18.633450823813316,103.674544
0.03210062767043403,18.72051113806078,103.674544
-0.010606889,18.78493855541804,103.674544
-0.04191095,18.61330642532802,103.674544
-0.143949229,18.518076277813265,103.674544
-0.345762891,18.046130734776735,103.674544
-0.192450855,17.749449383178646,103.674544
-0.166388044,17.562007651075003,103.674544
-0.355046477,17.559206693835783,103.674544
-0.164546471,17.310668659847423,103.674544
-0.112494515,16.957895133603085,103.674544
-0.118555392,16.57336259014186,103.34646
-0.088841251,16.408355821134986,103.34646
0.049833563063828426,16.34739832362489,103.34646
0.03085650597323051,16.2842888755915,103.34646
0.37956028339147924,16.096608769631334,103.674544
0.2500442795378844,16.137171037393838,103.34646
0.2892778561660663,16.11177388848878,103.34646
0.30369439406422816,16.25005006157194,103.674544
0.38550268881597166,16.39921022408099,103.674544
0.08449951306646356,16.5151715014613,103.674544
-0.096998945,16.647552594454872,103.34646
-0.034405497,16.862498250307997,103.34646
-0.072968847,16.946332943239558,103.34646
-0.188656955,17.07763307320792,103.674544
-0.337390007,17.189570370820633,103.674544
-0.216215114,17.400592986265792,103.674544
-0.435585081,18.13420563998662,103.674544
-0.577464754,19.132298366132424,103.674544
-1.024680583,19.62448120587946,103.674544
-1.329915077,20.093866523080095,103.674544
-1.44365306,20.543564102493168,103.674544
-1.539318978,20.927947689193914,103.674544
-1.768431755,21.539271543377367,103.674544
-2.074999362,21.771552365327295,103.34646
-2.437499302,21.94229259932156,103.34646
-2.863412704,21.890785162883816,103.34646
-2.882943017,21.888221648211044,103.34646
-3.05675355,22.712054530161854,103.018376
-3.245487037,23.4586460839375,103.018376
-3.47985032,23.981719336537395,103.018376
-3.637441528,24.23912563972507,103.018376
-3.779547486,24.447363358837276,103.018376
-3.622499114,24.705287735520777,103.018376
-3.785880537,24.680778968391127,103.018376
-3.539737964,24.86396411423778,103.018376
-3.635605234,25.01391496582134,103.018376
-3.761112134,25.141589706901893,103.34646
-3.960611902,25.17682933554749,103.34646
-3.577004194,25.220237087576443,103.34646
-3.826970653,25.12225737969685,103.34646
-3.777756316,24.893725184284932,103.34646
-4.051408462,24.67073541408249,103.34646
-3.829663094,24.36533861747875,103.34646
-4.013626069,24.21792662583742,103.674544
-3.968602136,24.128828051162074,103.674544
-3.954506945,24.15198714988832,103.674544
-3.931651972,24.201854362323154,104.002628
-4.260763433,24.217378908549723,104.002628
-4.085927138,24.33475483041852,104.002628
-4.337116933,24.46016126302804,103.674544
-4.361611877,24.52165496122027,103.674544
-4.494468184,24.55275453871284,103.674544
-4.390046427,24.626362551981533,103.674544
-4.546199314,24.57262392921176,103.674544
-4.541856946,24.393405742861294,103.674544
-4.573859807,24.387425340203098,103.674544
-4.354601083,24.427528685200805,103.674544
-4.612577944,24.301660074578837,103.674544
-4.22307025,24.2770306854516,103.674544
-3.999642483,24.21757975099693,103.674544
-4.08819009,23.97137683569515,103.674544
-3.445468329,23.89307758505221,103.674544
-3.16275854,23.739820253221186,103.674544
-2.656194802,23.144503228955625,103.674544
-2.081624999,22.338787235035877,103.674544
-1.606942054,21.904061469644354,103.674544
-1.400127323,21.547176848081005,103.674544
-1.040116873,20.917923796921848,103.674544
-0.821520152,20.65607877198798,103.674544
-0.455654809,20.2207860731434,103.674544
-0.046662568,20.04512349773128,103.674544
0.10216407478392751,19.820045725137042,103.674544
0.23238057613331256,19.155480894490026,103.674544
0.7016430160668785,18.693760230790577,103.674544
0.9064480364672197,17.585282858224364,103.674544
0.9437475804825753,16.955219057713283,103.674544
0.9182671755356604,16.36503892404956,103.674544
1.0114690297564477,15.798396185663211,103.674544
0.8999005409792352,14.491738803365266,103.674544
0.9501351790342919,14.205531421741819,103.674544
0.961318824232492,14.146344546762608,103.34646
0.949828085137411,14.297948079416779,103.34646
0.990635576118035,14.983331146928805,103.34646
0.900318799430072,15.748630588603024,103.34646
0.8321063668865691,16.514844789149585,103.34646
0.48820639516143444,17.64751400366575,103.34646
-0.112953989,20.10296415110412,103.018376
-0.764209205,21.432837386649805,103.018376
-1.537092041,24.46222238367756,103.018376
-1.922508463,26.055417340270694,103.018376
-2.73084667,27.541750685991097,103.018376
-4.520265313,29.988467760813297,103.018376
-5.600697367,30.76069380127423,103.018376
-6.344989645,31.374455975955755,103.018376
-6.976238674,32.26626459266088,103.018376
-8.056693605,32.22667780879428,103.34646
-8.560329491,32.09249578588065,103.34646
-8.652230586,31.811549754269883,103.34646
-8.974916811,31.58322750175437,103.34646
-8.856622101,31.345003765010432,103.34646
-9.070791015,31.12496068092796,103.34646
-8.96348038,30.96395549737885,103.674544
-9.128279787,30.762761601479685,103.674544
-9.330952961,30.666402181215446,103.34646
-9.162362793,30.62556519599049,103.34646
-9.106161965,30.37580923196299,103.34646
-8.99237642,30.017061440408284,103.34646
-8.726618626,29.598150748028452,103.34646
-8.232523206,29.096621380018274,103.34646
-7.540180537,28.531427858115336,103.34646
-7.03313523,27.82097454001517,103.34646
-5.683637076,26.288609528006482,103.34646
-5.049293947,24.571908458166906,103.34646
-4.614417962,23.80435187006152,103.34646
-3.82929747,23.121166336984867,103.34646
-3.36240838,22.46548376966378,103.34646
-2.844763617,21.1554567490158,103.34646
-2.056886686,20.565670573993607,103.34646
-1.581217432,20.028000307745405,103.34646
-1.325404607,18.899054254523612,103.018376
-0.788163248,17.315306818156472,103.018376
-0.473864912,16.80916898708501,103.018376
0.0006212372055225551,16.30324853816384,103.018376
0.2524179506509309,16.301294379933953,103.018376
0.7214525838475286,16.28727784045992,103.018376
0.9338217074900009,16.27648273742511,103.018376
1.0598252933105716,15.30797604290089,103.34646
1.5111953546380035,14.76492663640365,103.34646
1.5197176432672372,13.547376562279004,103.34646
1.7418876553367966,12.940773949440064,103.34646
2.059607316142867,11.660046266988362,103.34646
2.0638847583297504,11.109722726915487,103.34646
2.0692474353964543,10.144356394318365,103.34646
2.1725733185963962,9.591336389345514,103.674544
2.5097201762555157,9.45703258985078,103.674544
3.0400468124120805,9.745540508024316,103.674544
3.3883215834082616,10.15969035721516,103.674544
3.923039152031494,10.683003690602714,103.674544
4.466114355916236,11.352683621657796,103.674544
5.442743291421603,12.956514210216772,103.674544
5.860724466470836,12.772886273038454,103.674544
6.515206507857124,13.477739511194487,103.674544
7.09874079295708,14.064528653419819,103.674544
7.826218706596947,14.449854419541525,103.674544
8.495546733170032,14.952250023804451,103.674544
8.7125623687596,14.847809308983779,103.34646
8.623872695874297,14.849020072351664,103.34646
8.593359538241929,14.678895017802736,103.34646
8.023103550223139,13.734140380635132,103.34646
7.4428449036335005,12.885406697240793,103.34646
6.957273845735617,12.521459162514663,103.34646
6.766600088736534,12.187257086844683,103.674544
6.464115420454135,11.857818913978173,103.674544
6.330252350740916,11.920717892751007,103.674544
6.373398247371553,11.977667518757912,103.674544
6.5151787243731745,12.196319874245745,103.674544
6.497770848049965,12.20560306956107,103.674544
6.553610758052126,12.336583771291988,103.674544
6.925486991530697,12.920674009014089,103.34646
7.049403978426048,13.186804317556694,103.34646
7.2693952318628465,13.30569034442661,103.34646
7.4071456851210105,13.255176379231292,103.34646
7.129066462266185,13.276889265056344,103.34646
6.957868695999881,12.926035191106202,103.34646
5.281334427822214,10.326891188228897,103.34646
2.931143644746336,9.824425396958905,103.34646
1.794115156753369,8.799273422150781,103.674544
1.8995789976245199,9.508769404927058,103.674544
1.9274354890535894,10.231752468285476,103.674544
2.0521452850664783,11.925342547199367,104.002628
2.0568308332657907,12.800601867667636,104.002628
1.8084837885614495,13.733835821311505,104.002628
1.8154938753942598,15.186552849478296,104.002628
1.1957059413923161,14.147494612970078,103.018376
1.1611803273493193,13.79610187621573,103.018376
0.9566401422098642,13.533850615595858,103.018376
0.8209359958626279,13.964867949285232,103.34646
0.8909298332920371,14.213279333523817,103.34646
0.9052900659779527,14.463954596166312,103.34646
0.8710964234266305,14.895384271872022,103.674544
0.8626425966308471,15.341514766487702,103.34646
0.8704415809835894,14.631119165445389,103.674544
0.8574628945748105,14.46433801796533,103.674544
0.8109931763082887,14.391932398492017,104.002628
0.7719936859318071,14.80176548835752,104.002628
0.7312304042380429,15.276308826402994,104.002628
0.6207263847146137,16.030441282344103,104.002628
0.3209431410198584,16.931342184062334,104.002628
-0.126062061,16.9339145211749,104.002628
-0.536765477,19.4076711335907,103.674544
-1.26582156,20.954880669945872,103.674544
-2.170749924,26.14274203687168,103.674544
-4.01720359,30.072006511000076,103.34646
-5.354426298,32.087557498533585,103.34646
-6.877029115,34.05134226470181,103.34646
-9.555227045,38.213910022692744,103.34646
-11.3008196,37.734556569128465,103.34646
-13.70936894,39.351237183794886,103.34646
-16.82283842,40.538036393761345,103.674544
-19.72225823,43.606298541722246,103.674544
-21.79430095,44.6663076284964,103.674544
-24.73119558,44.72309116608887,103.674544
-26.63124082,45.03228752359621,103.674544
-28.30960075,46.234274016043415,103.674544
-30.46733537,45.70149930794074,103.674544
-31.44179761,45.3839142227073,103.674544
-31.84924726,45.31963868983652,104.002628
-32.13264228,45.04501559263334,104.002628
-32.34062273,44.46296688327246,104.002628
-31.94946926,43.68758597614325,104.002628
-31.77600251,43.14993109224788,104.002628
-31.25252484,42.68646381283352,104.002628
-30.80273923,42.15249679163989,104.002628
-30.19247933,41.734228601559565,104.002628
-29.18025345,41.654247909396084,103.674544
-28.25650562,40.91999339315471,103.674544
-27.82706694,40.54686292108414,103.674544
-26.96068635,40.28155477753361,103.674544
-25.92304843,39.13450664159116,103.674544
-24.30048575,39.14284595397915,103.674544
-22.62818439,37.61376313669078,103.674544
-21.44921847,36.85935750216508,103.674544
-20.09373201,36.139214681716645,103.674544
-18.07908368,34.0227117587585,104.002628
-16.13073222,33.30192304191411,104.002628
-14.79297582,32.1868963487742,104.002628
-13.28010118,31.032784194164172,104.002628
-11.49270716,29.899861987610773,104.002628
-9.431930512,28.72992592621446,104.002628
-7.375662165,25.41230850649438,104.002628
-5.430233022,23.886466468140533,104.002628
-3.797085677,20.122339855087674,104.002628
-2.431666026,18.284057029573617,104.002628
-1.1821663,16.384771255728907,104.002628
-0.376431945,12.594638676182765,103.674544
0.5119742907753899,10.914574056470666,103.674544
0.9087143858952835,9.541108883995184,103.674544
1.534199357973172,8.611250144041163,103.674544
2.0454385977525,10.165047213049652,103.674544
3.3044441035942853,11.582772917165924,103.674544
5.148684361078491,15.321703306192829,103.674544
6.729365788542861,16.80668403984374,103.674544
8.584345551632076,18.198480631018384,104.002628
10.135735429682398,19.436261388208983,104.002628
11.982365797173363,20.379371236034107,104.002628
14.082754223320071,22.430828744820882,104.002628
16.016384736548535,22.455121731052575,104.002628
17.23984201411765,22.89744425446162,104.002628
18.154660727268926,23.172048905763052,103.674544
19.836335141256914,23.416729234308747,103.674544
20.180562383191138,23.731669764691574,103.674544
20.654342968448937,23.754846617228193,103.674544
20.964854368879283,23.571784726315894,103.674544
21.201629918071454,23.204981062693847,103.34646
21.209242038398255,22.85756184279947,103.34646
21.189156902459604,22.65768792535379,103.34646
21.093498027603978,22.52869520022939,103.34646
21.058072191334947,22.5618120293982,103.34646
21.203315466594542,22.425369109324475,103.34646
20.977189001381547,22.28557654702936,103.674544
20.6853703996269,22.10653933020082,103.674544
20.53539701650482,21.695744695784775,103.674544
20.379070915718227,21.838700723184626,103.674544
20.50332419227003,21.94374984556415,103.674544
20.74928205777351,22.351090876697402,103.674544
21.099850240267475,22.566872938803865,103.34646
21.683801203117586,22.937581462671265,103.34646
22.678362150657406,23.097231323140484,103.34646
25.8293342081745,25.94754499248045,103.34646
28.401747262316473,28.29336020538638,103.34646
31.69014453230559,30.601368602330833,103.34646
38.68449179809893,32.21049817865839,103.674544
43.31370112800658,33.639106217754204,103.674544
48.24806284907381,35.27803721032144,103.674544
50.818852866407425,36.157838908532035,103.674544
53.838692311978654,36.46653593550658,103.674544
56.97333186054747,36.758915485253304,103.674544
62.04875292122321,39.45550687692885,104.002628
54.71134161812251,34.6893947301387,103.34646
40.43968795863063,26.560700139083707,103.674544
37.205555413302285,25.930772966667167,103.674544
29.22227203653854,21.218419318791558,103.674544
20.53654999486798,16.11834382954405,103.34646
11.843036955969566,10.95727486298835,103.34646
11.388960556496253,11.428515835667804,103.34646
10.698889672872367,12.07696801897075,103.34646
8.146671594959324,10.160817444544106,103.34646
4.829208661708981,6.633007538612548,103.34646
3.9847859099234797,6.535770098514079,103.34646
5.08850008369033,10.232193359838277,103.34646
6.503279166750664,16.81823058248055,103.34646
5.715641447451226,20.84550692513991,103.34646
4.833787353695685,24.83393929293644,103.34646
2.942148777297623,28.877807428661274,103.34646
0.06117311723892026,36.26110441997747,103.34646
-5.056941801,39.30992446772246,103.34646
-9.179513875,45.39516571435124,103.34646
-13.46106062,47.480767419145934,103.34646
-19.97353496,48.34132245044226,103.674544
-24.00877041,49.47874373450193,103.674544
-28.71327357,49.98949474718017,103.674544
-33.17598966,50.01401279332342,103.674544
-36.56140785,50.449890452641874,103.674544
-39.97818835,52.82973711721725,103.674544
-43.7429509,51.96396057370226,103.674544
-47.47510443,52.631530653370774,103.674544
-50.0002087,52.02031598910423,103.34646
-51.77755797,51.730989722383526,103.34646
-52.96418345,51.87169949826768,103.34646
-54.71613424,51.09396201048223,103.34646
-56.2022136,51.037253809175056,103.34646
-56.91243521,50.76947409542388,103.34646
-57.35315694,50.72979730896525,103.34646
-57.46734655,50.41602796402899,103.34646
-57.18902828,50.057611818627684,103.34646
-57.03032724,49.65521862984853,103.34646
-56.67450203,49.49319339504942,103.34646
-56.27648714,49.246619250790836,103.34646
-55.24536678,48.53306053107176,103.34646
-54.60679028,48.099125304613445,103.34646
-53.7612544,47.85933300444084,103.34646
-51.98681533,46.97797151908075,103.34646
-51.90589729,47.06736239755725,103.34646
-49.60242065,46.22770520081165,103.34646
-47.82008489,46.1655517191812,103.34646
-44.47601181,43.54457756458553,103.34646
-42.57840328,43.1374504159924,103.34646
-40.86067521,42.44956604377186,103.34646
-37.93313651,42.714083440413596,103.34646
-34.83384466,40.3008428131512,103.34646
-33.97661053,41.0261453413727,103.34646
-31.77772484,40.16602884605597,103.34646
-28.94679038,39.635429086655705,103.34646
-26.07655146,38.83455859548851,103.34646
-21.96686961,35.96670093321426,103.34646
-19.92634507,34.514201386576424,103.34646
-16.73948967,33.420067730425295,103.34646
-12.76346417,29.614077949440198,103.34646
-10.12963551,27.84821431173219,103.34646
-7.663194395,25.908223616726932,103.34646
-5.035611625,23.9292793756011,103.674544
-3.13559731,19.478566287977554,103.674544
-1.247327984,17.727958918819905,103.674544
0.14562678002888585,15.387566004922588,103.674544
1.220242236693308,15.970873772021982,103.674544
2.8324196869954257,17.287182002883913,103.674544
4.799119309829393,19.022194325162253,103.674544
8.52048217598752,23.658910756383538,103.674544
11.925654304947907,25.72570718805007,103.674544
17.81765691259686,30.206038885184476,103.674544
21.522160444664493,31.56775279522937,104.002628
25.436439109577922,32.402961390092145,104.330712
28.892398800305156,33.097290128750416,104.658796
31.525686096266682,34.4457923529771,104.98688
35.168091443492536,34.42084725435135,104.98688
38.42204439539599,34.62400640957235,104.98688
42.816087284901485,36.39418914998011,104.330712
45.562017183814866,36.17153563065893,104.330712
48.380325116297236,35.73187620327409,104.002628
50.3387565114848,35.96597162452948,104.002628
52.17744100628251,36.399232025648345,104.002628
55.332638215961744,36.612839660759455,104.002628
56.80634609195122,36.60135794749827,103.674544
58.82899669021987,37.19299116439415,104.002628
59.97931419523875,36.89784807911912,103.674544
54.30095870729879,33.28012144798193,104.002628
53.035112471048464,32.7792691550589,104.002628
50.22160624770463,31.77194457912855,104.002628
48.70892141613317,31.196734230346898,104.002628
45.54524770476623,29.676015274617164,104.002628
43.73349213454876,29.043562054830772,103.674544
41.57168809343497,28.906444202328096,103.674544
41.35383114686956,29.217262309058864,103.674544
39.49193639453731,28.542022001995008,103.674544
33.665813290035125,26.97398264942708,103.674544
31.650876617649722,26.72937207313598,103.674544
28.498653025018097,24.847557930152476,103.674544
26.753547692700202,24.052033737504566,103.674544
23.261150572786207,22.277457426562325,104.002628
19.076373804273647,19.05361143010746,103.674544
17.705080340686823,18.11858203447783,103.674544
15.79388695565798,17.61906257926827,103.674544
13.384810229568023,15.611878601776109,103.674544
11.93861675138154,14.954489744686466,103.674544
10.709294995973648,14.054988563172286,103.674544
9.579946897210805,13.114119755705827,103.674544
8.31274827886733,12.187941125780013,103.674544
7.083372229325791,11.261426031589055,103.674544
6.197984783051614,10.257903770533694,103.674544
4.912939515842291,8.568100938776682,103.34646
4.199179294384783,8.188318346354226,103.34646
3.788675359036104,7.916558954244923,103.34646
3.543437170608206,7.832329266107096,103.34646
3.290225801807035,7.992782949045909,103.34646
3.106624617568618,8.183201901727152,103.34646
3.0614414752596444,8.311345878237226,103.34646
3.0033807833806314,8.810631192653531,103.674544
2.922932301122815,8.964344340970133,103.674544
2.5259156686825457,9.330378063110432,103.018376
2.535237847771631,9.606732915063137,103.018376
2.591628184803925,10.2441239346029,103.018376
2.6044929200323788,10.566253643284957,103.018376
2.655094859486876,10.86452812911066,103.018376
2.5653415460260236,11.15505017670219,103.018376
2.6115077365643264,11.52559047452341,103.018376
2.466172251957775,11.557560420271814,103.018376
2.465163456721742,11.810329311548651,103.018376
2.3858496814354795,11.702242424796173,103.018376
2.397574703061623,11.902325023343634,103.018376
2.452445649644265,12.515425566098985,103.018376
2.2072760239502403,13.123778697102875,103.018376
1.8917630128496836,13.8679230644727,103.018376
1.7372603883609705,14.832565627646023,103.018376
1.6007714740648011,17.31500752140261,103.018376
1.23828464064568,20.52491877038824,103.018376
0.12052796869739878,22.317785494651382,103.018376
-1.051193046,26.27983841168712,103.018376
-2.024193106,28.41263333552733,103.018376
-4.359591251,32.545594437050056,103.34646
-6.06941985,34.288158124848714,103.34646
-7.953434047,35.63603780909623,103.34646
-10.08531146,37.7576438283292,103.018376
-11.64867608,38.269712908136825,103.018376
-12.41024226,38.46762467506049,103.018376
-13.07060109,38.69389239993205,103.34646
-13.88556944,39.11224692071698,103.34646
-15.80524591,39.8586647056646,103.34646
-16.84341239,40.577451990163866,103.34646
-18.93876929,41.13362054750574,103.34646
-20.2116206,42.399478944876606,103.34646
-23.44893854,45.28479244235703,103.018376
-27.50714304,48.19512150572675,103.018376
-30.33547396,49.60291501123538,103.018376
-35.3690824,52.80259934327609,103.34646
-40.78609815,52.505473436846856,103.34646
-45.16254747,52.674913512121286,103.34646
-50.28348694,56.2005573813781,103.34646
-57.42233363,57.82377669393276,103.674544
-61.00337762,58.34559179853605,103.674544
-64.96148972,57.700288266700774,104.002628
-68.16747173,57.508486985085156,104.002628
-73.06351607,57.992764069751985,104.002628
-73.64162025,57.25687585163472,104.002628
-76.80495056,56.03097122875144,103.674544
-78.45084666,56.052017459984,103.674544
-79.87255995,56.29465721106381,103.674544
-82.36734556,55.61328541274827,103.674544
-83.20727581,55.0449885076725,103.674544
-83.90181547,54.713656462149316,103.34646
-84.21987248,54.51920003374258,103.34646
-83.99794445,54.34884562781757,103.34646
-83.84627573,54.05818238658205,103.34646
-83.72151344,53.71358281336243,103.674544
-83.02738006,53.24315824359624,103.674544
-81.49700239,52.3646002313702,103.674544
-80.7627645,52.09411876608174,103.674544
-79.97730373,51.77361277831894,103.34646
-79.12557073,51.45404998913775,103.34646
-78.8995522,51.79996008965902,103.34646
-77.95456596,51.49010589720584,103.34646
-76.6754463,51.41472173830902,103.34646
-74.46355807,50.368058149780325,103.34646
-72.78757014,50.502360500900515,103.34646
-69.81328573,49.63343789237596,103.34646
-68.13983732,49.13650541436119,103.34646
-65.93208255,49.24909449000555,103.34646
-63.50771342,49.446011595743336,103.34646
-36.00394365,41.02550822818092,103.674544
-32.92790307,39.93155404743966,103.34646
-27.40104526,37.09940119880711,103.34646
-24.5772865,35.78180202360262,103.34646
-21.3136468,34.721307527545676,103.34646
-17.94517598,33.81038716413142,103.34646
-15.23805357,32.47867780065781,103.34646
-11.87649913,29.290474030546825,103.34646
-9.653270754,28.14096676714755,103.34646
-7.301127327,25.21690233210314,103.018376
-6.011625168,23.841934171508804,103.018376
-4.348572518,21.214844130054423,103.018376
-3.3758052,20.08804049722036,103.018376
-1.767652006,17.877489431157546,103.34646
-1.229232283,17.922561479071472,103.34646
-0.801674846,17.946769609529902,103.34646
-0.202472313,17.03547715709556,103.34646
0.7200532603865206,15.557328931780061,103.34646
0.9092287387912978,15.031023281872082,103.34646
0.95755404829606,14.362571119904052,103.34646
1.090560475257761,14.236769862923014,103.34646
1.1757026012315084,14.391557759995635,103.018376
1.214282438286621,15.029505051173018,103.018376
1.2943156078248665,15.535184911105977,103.018376
1.2767138397881514,16.166134728480806,102.690292
1.2104259783080207,17.79214227838111,103.018376
1.1049377218878866,18.77607991434375,103.018376
1.0433343779903255,19.79394663471034,103.018376
0.5828974442549588,20.908051463130167,103.018376
0.09868284376345914,21.87963379847535,103.018376
-0.044756286,23.88175016162971,103.018376
-1.24654903,24.740303136318964,103.018376
-4.496893291,29.724795659405984,103.34646
-10.37982116,36.06249047070296,103.34646
-10.54044519,36.37364390134997,103.34646
-11.00900652,36.1714823417999,103.34646
-11.39126812,35.88911289962621,103.34646
-11.29353393,35.53116916638094,103.34646
-11.6986344,35.18037439296096,103.674544
-11.60968656,34.67915099461162,103.674544
-11.59449161,34.39318338234534,103.674544
-11.34104546,33.40350805338218,103.674544
-11.24772198,33.209279302763136,103.674544
-10.96044127,32.93473293781725,103.674544
-10.86869026,32.81101631380373,103.674544
-10.88367992,32.72826274136939,103.34646
-10.90887306,32.63201938090316,103.34646
-10.90271661,32.69287613423815,103.34646
-11.08087617,32.77633275292155,103.34646
-10.98343391,32.872768459273594,103.34646
-11.02066901,32.988315107243096,103.34646
-11.18253968,33.01243695973834,103.34646
-11.09409438,33.16683086591714,103.34646
-11.2016315,33.242857536302935,103.34646
-11.33365832,33.26567169227823,103.34646
-11.23985016,33.34942140559107,103.34646
-11.25365376,33.27273487187522,103.34646
-10.86832633,32.61753612606882,103.34646
-10.64901543,32.20982776603917,103.34646
-10.48731667,31.77467569240967,103.34646
-9.611381073,31.434506597023095,103.34646
-9.300039284,30.26776355864032,103.674544
-8.682513579,29.891780275842397,103.674544
-8.146577989,29.090616116270827,103.674544
-7.734453074,28.81852808995136,103.674544
-7.523123674,28.43110961691716,103.674544
-7.491813971,28.407618531807092,103.674544
-6.830217384,28.57390763811224,103.674544
-6.241115513,28.635877373998344,103.674544
-6.23058816,28.70024853985257,103.674544
-6.120153578,28.726483006056693,103.674544
-6.158003395,28.776405649266714,103.674544
-6.006777482,28.810329442721173,103.674544
-5.849275629,28.82353674071017,103.674544
-5.870617795,28.78327018581119,103.34646
-5.708206882,28.749191165897514,103.34646
-5.749940895,28.664818185200215,103.34646
-5.689521994,28.519248609791358,103.34646
-5.233980782,28.424797419410236,103.34646
-4.081352361,26.88017481088453,103.34646
-3.516094541,26.232369288828522,103.34646
-2.959943147,24.712574798979826,103.34646
-1.927150096,23.04939979447584,103.34646
-1.480644865,22.198148820983192,103.34646
-0.895302131,21.285740664293325,103.34646
-0.075290626,20.42719129722189,103.34646
0.4094208917283332,19.5257939906832,103.34646
1.0250268351011393,18.666399166421712,103.34646
1.2401414742443906,17.849030612459956,103.34646
1.7050490552244286,15.728422876834852,103.34646
1.920589501125446,15.101226582196777,103.34646
2.5682759008362535,14.438118624158127,103.34646
2.68992852675059,13.904834443730916,103.34646
3.0382018422717745,13.378280694103132,103.34646
3.4184026331070965,12.933939396710889,103.34646
4.056615090577429,12.511687542969662,103.018376
4.620065026964351,13.475234844461399,103.34646
6.123141287478884,15.372829097650264,102.690292
6.664321791580467,15.146073707408693,102.690292
6.837113105203248,15.068862534333809,102.690292
7.020451979504094,14.984324732715459,102.690292
7.003966997011512,14.992037219696485,102.690292
7.999227486750831,17.275344854770537,103.018376
7.614071955186834,16.623254828761418,103.018376
7.228378697107937,16.186145965511745,103.018376
6.267011391616755,15.742519639594436,103.018376
5.8584404937748085,15.899089010587062,103.018376
5.556009384424231,16.007283220642428,103.018376
10.598784564951876,32.3227361747439,103.674544
8.512955628621253,30.80589437393493,103.674544
0.0321623986981088,29.9499508808633,103.674544
-1.93286313,38.39856335561098,103.674544
-5.055731056,40.512528603156724,103.674544
-9.925553675,44.13253254637335,103.674544
-13.71353599,45.37933271115803,103.674544
-16.1146751,46.5824121134617,103.674544
-19.5926471,47.158520850011556,104.002628
-21.72288898,47.75467885854985,103.674544
-23.44094697,49.463601374161875,103.674544
-26.33989363,49.91153080527283,104.002628
-28.1850142,49.97796513023189,104.002628
-29.95163277,49.98867760870611,104.330712
-31.08686423,50.573443697904494,104.330712
-33.1237117,50.654997609224885,104.658796
-34.98817979,51.064585241919914,104.658796
-38.71290692,53.891111174959974,104.658796
-40.57744953,54.79581187657612,104.330712
-43.68792131,54.8662738130362,104.330712
-45.72276492,55.41501487736725,104.330712
-48.32833557,55.5724622102832,104.330712
-50.74819673,55.94750588989543,104.330712
-53.68208474,55.61562824428678,104.002628
-55.49526591,56.03237179367784,104.002628
-58.70789405,58.05850285663947,104.002628
-60.23849126,57.673839094735314,104.002628
-62.46011251,56.71363178750281,104.002628
-62.72807369,56.68414993174018,104.330712
-63.17570718,56.18482095300246,104.330712
-63.25896031,56.09106901177393,104.330712
-63.2626555,55.865095524108234,104.330712
-62.87344155,55.60644484121328,104.330712
-62.64454635,55.47845261460217,104.330712
-62.26688152,55.04132456026308,104.002628
-61.50195628,54.88973722718752,104.002628
-61.02829506,54.82754515299597,104.002628
-59.55617001,54.51686932287997,104.002628
-58.56912679,53.912517047076484,104.002628
-56.54485354,52.832725505224495,104.002628
-55.1166143,51.466432213782625,104.002628
-51.49368197,49.79580987978712,104.002628
-49.97246625,49.30652902184169,104.002628
-47.39418093,47.4147342162377,104.002628
-45.37942536,47.0171262808943,104.002628
-43.49335813,46.46071615589673,104.002628
-41.12441114,46.262099483610704,104.002628
-39.24608436,45.62443593970981,104.002628
-36.39796989,43.775576012813985,104.002628
-33.7734782,42.2521782031068,104.002628
-31.7370312,42.31845572442233,104.002628
-30.61002291,41.673045107593,104.002628
-28.68891133,40.65133900108892,104.002628
-27.15803858,40.70408212509976,104.002628
-25.59736549,40.78262870334756,104.002628
-24.04804296,40.14336293362688,103.674544
-23.3235382,40.56859035759301,103.674544
-22.33801081,40.470121866008874,103.674544
-21.36040746,40.328176394681186,103.674544
-19.90576776,39.938976958724396,103.34646
-18.90246338,39.843967260330686,103.34646
-17.7863219,38.97455474921868,103.34646
-15.50488722,37.36091856325319,103.34646
-11.94036425,35.6672832853121,103.674544
-10.24607722,32.55288540966273,104.002628
-8.978235228,31.450366621554952,104.002628
-8.141448123,31.67729614255326,104.002628
-7.238427042,32.60648368800573,104.002628
-6.633293619,32.027077359745924,104.002628
-6.067320804,32.13910214533905,104.002628
-4.05052382,30.655310517087976,103.674544
-1.899817475,29.091346558074143,103.34646
-1.750912049,28.47897066341163,103.34646
-1.421078444,28.09794597212387,103.34646
-1.053800322,28.014177172063324,103.34646
-1.075319582,27.92533510847984,103.34646
-0.985253793,27.900556350770035,103.34646
-1.070385284,27.95057585241059,103.018376
-1.112391167,27.96722433646907,103.018376
-1.389292281,27.916896574630076,103.018376
-1.494460372,27.8636923752372,102.690292
-1.698952594,27.85197164778043,102.690292
-1.6955964,27.77644529271932,102.690292
-1.941087845,27.661736438904086,103.018376
-2.014308881,27.394746415441144,102.690292
-2.099709283,27.257897192691047,102.690292
-2.3781279,27.003358831847912,103.018376
-3.283115604,26.819679635532125,103.018376
-3.419068818,26.73782714695217,102.690292
-3.598773326,26.746212199242557,102.690292
-3.826691184,26.772753750827746,102.690292
-4.309933362,27.138040252832827,102.690292
-4.846984743,27.7223801942066,102.690292
-5.151246407,28.21808702005872,102.690292
-5.497885938,28.152602452050225,102.690292
-5.700645804,28.11224665571899,102.690292
-5.857053307,28.080076587838267,102.690292
-6.08602728,28.341879108634185,102.690292
-6.383527425,28.959276455590192,102.690292
-6.852172515,29.239062587876642,102.690292
-7.772158528,29.79389030287535,102.690292
-8.136816202,30.068569502025788,102.690292
-8.824205076,30.50071947161564,102.690292
-9.182481982,30.716288003142715,102.690292
-9.337280232,30.636970080613622,102.690292
-9.344342134,30.366759239615366,102.690292
-9.248555227,30.19381750283458,102.690292
-8.94087645,29.818946261076924,102.690292
-8.631341851,29.375781308165692,102.690292
-8.577811386,29.39145694661353,102.690292
-7.938019636,29.014154228664633,102.690292
-6.334591977,28.274719229132174,103.018376
-5.532604571,28.328373495336702,103.018376
-5.23664036,28.278576440664946,103.34646
-4.493589183,28.38981576814169,103.674544
-4.554529222,28.414759489095825,103.34646
-4.426189694,28.34677549901396,103.674544
-4.341253682,28.338466204631896,103.674544
-4.44865711,28.33601840131104,103.674544
-4.421750865,28.33720781697309,103.674544
-4.318135115,28.34458673489809,103.674544
-4.32332547,28.339348351684723,103.674544
-4.277256547,28.32941629942242,103.674544
-4.426187884,28.297796006824537,103.674544
-4.243626747,28.2936351789907,103.674544
-4.206901898,28.203157723816442,103.674544
-4.257604421,28.0954722534629,103.34646
-4.210893892,28.047539478406623,103.34646
-4.123685891,28.02404961451951,103.34646
-4.096438089,27.981160775956063,103.34646
-4.125754095,27.97685322784642,103.34646
-3.901514049,28.009004829049697,103.34646
-4.129435894,27.934887691237964,103.34646
-3.937423624,27.853953843357075,103.34646
-3.933400942,27.74119973675315,103.34646
-3.896492777,27.679714960514747,103.34646
-3.81464798,27.523657655320914,103.34646
-3.834965732,27.459550771616254,103.34646
-3.732914593,27.428910901233888,103.34646
-3.784669772,27.42181757835031,103.34646
-3.736743021,27.385940100127172,103.34646
-3.722161097,27.361735567800338,103.34646
-3.821881572,27.321814151449203,103.34646
-3.717455061,27.33201334970064,103.34646
-3.803998412,27.311656017091607,103.34646
-3.824234127,27.299421383317885,103.34646
-3.808465072,27.301625745009698,103.34646
-3.860073427,27.28871078256305,103.34646
-3.804787482,27.176057463747366,103.34646
-3.778433931,27.130809233497796,103.34646
-3.836205623,27.10205757773088,103.34646
-3.868769069,27.074361979983603,103.34646
-3.866091937,27.053003595022954,103.34646
-3.937501809,27.04270234056077,103.34646
-3.866091937,27.053003595022954,103.34646
-3.862368443,27.061058446746873,103.34646
-3.816621573,27.086334605183904,103.34646
-3.930440199,27.109006390530975,103.34646
-3.971889173,27.279523248535092,103.34646
-3.98883413,27.43964420109569,103.34646
-4.068531665,27.62971502059959,103.34646
-4.066230979,28.216821518709544,103.34646
-4.063237783,28.624733724113845,103.34646
-4.07607423,29.634344352577514,103.018376
-4.352824916,30.183817401305006,103.018376
-4.38037968,31.455390391189102,103.018376
-4.359354253,32.05556003130175,103.018376
-4.387876695,32.58317415817763,103.018376
-4.638964374,32.96621695347462,103.018376
-4.539700468,33.32906011145132,103.018376
-4.62984027,33.63329214398015,103.018376
-4.583946325,33.744869748121445,103.018376
-4.439496563,32.85661499194828,103.34646
-3.524838224,31.189711526448914,103.674544
-3.277917669,30.831622436367258,103.674544
-2.992583562,30.092115877090126,103.674544
-2.485650699,29.76009083385206,103.674544
-2.185336573,28.97140433052537,103.674544
-2.050270715,28.515232929724444,103.674544
-1.78172439,27.5962832951458,103.34646
-1.542073474,27.044852235075606,103.34646
-0.923991521,26.430180002504393,103.34646
-0.46688097,24.986452910201514,103.34646
-0.009133383,24.188811385676456,103.34646
0.8652113237661132,22.550107921735247,103.34646
1.3997396556207977,21.749921061687548,103.34646
1.7343050658922308,20.353311176717845,103.34646
2.4131977866802314,19.750792318726983,103.34646
2.86953956570729,18.976558241448107,103.34646
3.756186208302162,18.88265462602407,103.34646
4.499864236033005,19.22676821282989,103.34646
6.412062495231526,19.854795325831724,103.34646
7.121671274609247,19.6114568844293,103.34646
6.541304270692895,20.37937243160759,102.690292
5.908987697939096,22.69951586274268,103.34646
5.5615931607397275,23.391763010681608,103.34646
4.902819755598304,24.84983149576769,103.674544
3.535844027203862,25.797660882053805,103.674544
2.895878655518486,26.52014975737719,103.674544
1.7459148971526288,27.360198573726922,103.674544
0.7377221389740227,28.0656349185422,103.674544
-0.396607071,29.545961203457587,103.674544
-1.399786874,31.23472707072278,103.674544
-2.663473871,32.19490319756044,103.674544
-4.934286312,34.2825522901814,103.34646
-6.629747413,35.335534630866555,103.34646
-7.85470721,38.097663879875086,103.34646
-10.4091735,39.12081189889944,103.34646
-12.94551638,41.82108688840732,103.018376
-14.65524192,43.01317594873095,103.018376
-17.49911844,43.82372143794648,103.018376
-20.59360701,46.12532314872708,103.018376
-22.65779431,47.12248165525322,103.018376
-25.40457817,47.725983152145496,103.018376
-27.98643246,48.273683701264126,103.018376
-30.56635233,50.08085516769808,103.018376
-32.48588385,48.85756132939858,103.018376
-35.1520735,50.029233799182606,103.018376
-37.51193112,51.12391893655146,103.34646
-38.32784697,51.18970488157444,103.34646
-39.74430618,49.90427716001908,103.018376
-39.90594167,49.27794520063834,103.34646
-40.33838068,48.92458592984388,103.34646
-40.77232637,48.56354050252589,103.34646
-40.70768452,48.61773837785258,103.34646
-40.68234216,48.10780277447341,103.34646
-40.39099414,47.829108260618504,103.34646
-39.33716587,46.55906014745406,103.34646
-38.62443169,46.29170652719311,103.018376
-37.47092949,45.33991806575255,103.018376
-36.89721221,44.84005935729294,103.018376
-36.19173388,44.40556979310728,103.018376
-35.17648914,44.30521360758498,103.018376
-33.81488909,44.41515185480733,103.018376
-32.55965929,43.66971620620192,103.018376
-31.93270477,43.368231655635356,103.018376
-31.41332596,43.007432194238554,103.018376
-30.90236998,42.597798730461875,103.018376
-29.53480336,42.40148467495504,103.018376
-28.98627287,42.07623258950975,103.018376
-28.06441263,41.99799947277857,103.018376
-27.53880031,41.75977646216628,103.018376
-25.89293424,42.14154748740043,103.018376
-25.22007633,41.24830839420233,103.018376
-24.61898409,40.94631750877424,103.018376
-24.19177613,40.51308304757247,103.018376
-23.42906383,40.24221384199882,103.018376
-22.33866426,40.13553728682722,103.018376
-21.73199096,39.698066294406296,103.018376
-20.86165149,39.46628953161678,103.018376
-19.27329935,38.807281148117916,103.018376
-18.19800612,37.79306677033115,103.018376
-17.64660122,37.26343381436167,103.018376
-16.74446168,36.037767581286396,103.018376
-15.51545352,34.87607948753711,103.018376
-15.06547456,35.0728056248624,103.018376
-14.26191432,34.5390942616274,103.018376
-13.63087625,33.94023457206954,103.018376
-12.05130399,32.86084370509033,103.018376
-11.15298867,32.32423226441345,103.018376
-10.40141355,30.796515402575558,103.018376
-9.626055049,30.147032674698202,103.018376
-8.629690833,29.54046747678779,103.018376
-7.838827612,28.86246034434749,103.018376
-6.89023358,28.198921203794324,103.018376
-5.63206012,26.67447151171622,103.018376
-4.948313034,25.011467485203134,103.018376
-4.342780335,24.242036930250993,103.018376
-3.664155581,23.508181032504286,103.018376
-3.002480582,22.232691703252456,103.018376
-2.383221902,21.71096009250403,103.018376
-1.991534742,21.257406535149894,103.018376
-1.602333573,20.826378201639947,103.018376
-1.460778871,20.455519627630917,103.018376
-1.199459146,19.823325728519183,103.018376
-0.685509082,19.63968108844693,103.018376
-0.510952102,19.464128622873112,103.018376
-0.421844056,19.159202277375652,103.674544
-0.28703743,19.03090695359252,104.330712
-0.044732607,18.934298159294748,104.98688
0.03621741251910821,18.736678196470276,106.29921599999999
0.3738542287792677,18.4893643672598,107.611552
0.5788362688030839,18.331940516191978,108.26772
0.6819816582872453,18.151497971350164,108.595804
0.7685754038806082,17.907070876634148,109.580056
0.7453919209188673,17.877709629207324,110.89239199999999
0.8323406667803912,18.026562683739602,113.845148
0.5125157857704308,18.162357407223872,115.813652
0.32716939978157267,18.20463965251546,117.454072
0.24421146851224831,18.160169639971475,119.09449199999999
0.23763674205078764,18.13850303971043,120.406828
0.009310903678103274,18.16098900321034,121.39108
0.025291982606405892,18.207397713401914,124.015752
0.0027177793898238937,18.245472817584723,125.328088
-0.062561799,18.279388280422356,126.640424
-0.185425942,18.318911243618555,127.95276000000001
-0.115053569,18.32952795068299,129.59318000000002
-0.166141606,18.333696630377283,132.217852
-0.115656876,18.33457674437968,133.53018799999998
-0.139971981,18.33322610315185,136.482944
-0.214265301,18.34313898148026,137.467196
-0.291173374,18.352513747320494,138.77953200000002
-0.217453258,18.381654039085962,140.091868
-0.257886815,18.404329056126905,141.07612
-0.235954698,18.449147954736315,142.38845600000002
-0.327302403,18.48279834191644,143.37270800000002
-0.233713959,18.540095805116348,144.35696000000002
-0.197395147,18.597607902732424,145.669296
-0.242492668,18.702004680058078,148.293968
-0.084155068,18.846761535196084,153.54331200000001
-0.14565302,18.86334903976084,154.855648
0.010907664174622118,18.854918704931297,159.12073999999998
0.1272596678942064,18.62915910641568,184.711292
0.11716001020158998,18.511867385918567,189.30446799999999
0.18838773267447897,18.45363219742662,190.944888
0.2739284108068028,18.224549633325044,195.538064
0.25842757393053256,17.976292695760893,201.443576
0.20984942787574362,17.933188820803707,202.75591200000002
0.219931281748784,17.89421994375424,207.349088
0.2828056243792861,17.90327887760096,204.068248
0.3117288884609435,17.897450046450622,208.989508
0.35382394655326105,17.90362408310802,210.95801200000002
0.24942428833980226,17.91109204171827,212.59843199999997
0.3656407663340008,17.929573201090314,215.87927200000001
0.17030963364669344,17.943122779471956,217.519692
0.20049777350108688,17.952457118916406,219.160112
0.280815010373061,17.938550766914425,224.08137200000002
0.3647146611926402,17.911543706785665,225.721792
0.534266661956286,17.865110685712068,229.00263199999998
0.699589536755777,17.85940075027388,229.00263199999998
0.5899067516708904,17.863360005977444,229.00263199999998
0.5761374386264274,17.833642787968657,230.643052
0.44311712613081644,17.795895384958353,233.923892
0.44032628327109613,17.757928064950754,235.564312
0.3822551317577094,17.706603274986275,238.51706800000002
0.4859045096431593,17.639405146059648,241.797908
0.4722848324889375,17.603213374542634,243.110244
0.5337241277371442,17.558163465643265,244.42257999999998
0.5530848877639353,17.502943917738616,245.40683199999998
0.5939545863901837,17.42478863510096,246.39108399999998
0.4725577435267471,17.320425370290113,247.04725200000001
0.5997670750842876,17.012660030018097,248.359588
0.617278448181364,16.84243280824499,249.34384
0.5271991108189528,16.643621421033053,250.328092
0.641404437898216,16.44967239161133,251.312344
0.5181191560321072,16.250338668374578,252.296596
0.4945650618883233,15.916235875864347,254.2651
0.616196955205824,15.580339754835332,256.233604
0.6995714253115808,15.447783627362176,257.217856
0.6886573442499793,15.210271732292947,258.858276
0.7133476895378911,15.100516263859308,259.84252799999996
0.6826964858206418,14.941432898535185,261.482948
0.6284634761774848,14.87429520156262,262.4672
0.6516552189489647,14.728833232031368,264.10762
0.7224864168102247,14.660752398117275,265.091872
0.7622686636904389,14.590108015398824,266.07612400000005
0.7619576823340831,14.519653871763394,266.732292
0.8026486671175433,14.401436510193536,268.37271200000004
0.7526238400584295,14.305905598744507,269.685048
0.830062209062796,14.169376141166714,271.981636
0.8730479664054873,14.166792535684777,271.981636
0.8881839695195328,14.121867533928567,272.30972
0.8490058998258889,14.040266521770645,273.293972
0.9217064465590201,13.976662946752764,274.278224
0.9101160865775412,13.947437691228767,274.606308
0.9075926362826374,13.915414618448699,275.918644
0.9094732068550684,13.902896653212398,276.574812
0.9403632722380055,13.874041407611436,277.887148
0.876355399963111,13.861268590063117,278.21523199999996
0.9053832641539198,13.834513849223143,278.543316
0.9031230156938248,13.79267580737957,278.543316
0.8929961821347908,13.769137542485558,278.543316
0.9277207810277605,13.755003663564144,278.543316
0.8998305857556907,13.762051149963114,278.543316
0.8960328671490444,13.762298937250678,278.543316
0.9218506703556324,13.766249358089643,278.543316
0.9219909642915831,13.768344405983877,278.543316
0.9169220994726369,13.75526739480444,278.543316
0.8870886899564261,13.743382545521785,278.543316
0.8575800386109428,13.706235913621885,278.8714
0.8816337945132354,13.679427804055049,278.8714
0.8918963436805009,13.61977872707309,279.199484
0.8953172425635432,13.59578250931552,279.199484
0.8901425479438757,13.582937934045257,279.199484
0.8833440429052188,13.571019716827603,279.199484
0.9388153984041178,13.554699484544976,279.199484
0.8434811694726145,13.586967252145401,279.199484
0.8600093197673562,13.528598230975694,279.52756800000003
0.875879084455459,13.513870261569277,279.52756800000003
0.8821035020316829,13.501662098385584,279.52756800000003
0.8729281420924043,13.50225842094653,279.52756800000003
0.906735824181275,13.50003022783374,279.52756800000003
0.8785272073288055,13.486968720530074,279.52756800000003
0.9050994277382461,13.477056745449312,279.199484
0.8800723556135578,13.499920596732956,279.199484
0.9024473444311787,13.510741034042201,279.199484
0.8905097187466536,13.517089752717403,279.199484
0.8854754943514916,13.534615986038652,279.199484
0.9161338054691026,13.595776763348296,279.199484
0.8913232555038743,13.608867654840413,279.199484
0.8918682824083082,13.618629805081392,279.199484
0.8985783218583261,13.65823599444152,279.199484
0.9094423520043279,13.720779417323762,279.199484
0.9157362352302185,13.752485743337385,279.199484
0.9042147744915818,13.957027148378566,278.8714
0.9082486807238288,14.068942377844643,278.8714
0.9156932546959917,14.445481914144402,279.855652
0.9245605830396939,14.462078068276481,280.183736
0.930696037885949,14.470232347906798,280.839904
0.9309530912586366,14.461766610372054,281.167988
0.9248928831148763,14.439109703043156,281.496072
0.8856189233575564,14.407222423215318,281.824156
0.8993059031378474,14.330274488310204,282.480324
0.8822222766018765,14.295573081144466,282.808408
0.8772691404909914,14.256926600636897,283.136492
0.8712972997291163,14.195037263468546,284.448828
0.8451801431018737,14.154579774136883,285.761164
0.8944549504620019,14.125876864905878,287.0735
0.8564638985033214,14.125568826832195,287.729668
0.858134405791588,14.126486376159132,289.042004
0.8682721918408941,14.123434487214965,288.057752
0.8599852728519874,14.127951535972226,288.385836
0.8215958478596133,14.13434397874929,289.370088
0.8099683891300863,14.163046444343786,290.026256
0.8479709818293891,14.165160425443826,290.026256
0.8696835304231162,14.16075414291755,290.026256
0.8879425517435885,14.17267143851827,290.026256
0.8587553433944195,14.19011530271317,290.026256
0.8707047230685643,14.189387101962122,290.026256
0.8522970863487173,14.210290869613154,290.35434
0.8957932843857119,14.220140057144617,290.35434
0.9113258493039063,14.223459786307199,290.682424
0.869697584805906,14.088668201494357,291.010508
0.8743431625980813,13.954065134069863,291.010508
0.8632198536916056,13.954757655224215,291.010508
0.8675056535721317,13.954491881572277,291.010508
0.8498311806798731,13.955579410980773,291.010508
0.8219584366874029,13.048777075565244,291.666676
0.7466980762700317,10.95624517987901,294.29134799999997
0.7029425325967837,9.913626958317245,294.947516
0.6978304515578175,9.47180268609237,295.2756
0.7271596745144414,8.814315217819717,295.93176800000003
0.6938277139513629,8.570057280840393,296.259852
0.7473475688411355,8.565556041780338,296.259852
0.7274608836264926,8.412108175506308,296.587936
0.734182981378449,8.268585009622539,296.91602
0.7649511900102818,8.211758124825424,297.244104
0.7481900744424119,8.165433081628914,297.90027200000003
0.7487528612092738,8.150621553898668,297.572188
0.7624181002999547,8.155450688168791,298.228356
0.8380547944837498,8.192813186881525,298.884524
0.8711969561390215,8.23406013070175,299.540692
0.8165480024271228,8.259473159668365,300.19686
0.8443648239797558,8.246122304864222,300.19686
0.847228415593726,8.232866896827977,300.19686
0.8311893062460893,8.230214888329526,300.19686
0.8042040481661401,8.268760216770694,300.19686
0.8430972548097593,8.378587631118318,300.19686
0.8493168951002165,8.583114616023247,300.19686
0.8768083546584413,8.846385076012943,300.19686
0.999627839014779,10.006855809283675,300.19686
1.03077274886763,10.842781839304319,300.524944
1.1198504703247498,11.859747055802396,300.524944
1.076868777389342,11.863727025677223,300.524944
1.0249492014816244,11.868325258345525,300.524944
1.0454713643664488,11.866535085263513,300.524944
1.050651428965324,11.866077569201765,300.524944
1.0202599930754244,12.16286148349169,300.524944
0.9770607912090217,12.885023088605722,300.524944
1.0039418678679892,14.089112971908609,300.524944
1.129414244352711,14.939917014242653,300.524944
1.1061887986077659,17.121291101033282,300.853028
1.1084311973862313,18.383116459528868,300.853028
1.0847151071798578,19.799575059258423,300.853028
0.9806896672132072,21.21399188299092,300.853028
0.8940009852331039,22.691977028054378,300.853028
0.7480425968864995,24.1410058511866,300.853028
0.1782719683676351,27.243348048178134,300.524944
0.03030646486329239,28.873672684826285,300.524944
-0.330190829,30.57019945507097,300.524944
-1.01907341,34.250920232106886,300.524944
-1.829687731,36.236645986840905,300.524944
-2.347273078,40.538400933038574,300.524944
-3.500557212,45.02423027631531,300.524944
-4.615403825,51.735810206527326,300.524944
-5.692185078,53.609744986644024,300.524944
-7.098776426,55.298187714128254,300.524944
-8.151128409,56.68035097994679,300.524944
-9.334157254,56.49758038990935,300.524944
-10.47657748,56.29693069669938,300.524944
-10.72716256,57.684277995608056,300.524944
-11.81481098,59.49036559373722,300.19686
-12.19239845,60.004812186864704,300.19686
-12.91594191,60.49046478347324,300.19686
-13.36436667,60.48571480533592,300.19686
-13.45522796,59.96063143004961,300.19686
-12.14595882,57.84722988333592,300.524944
-12.01092013,56.21176330222399,300.853028
-11.47399354,55.40743776938162,300.853028
-10.87395882,53.48420584383286,300.853028
-9.633050541,51.38537172199098,300.524944
-9.173717571,50.1301257807921,300.524944
-8.798722317,48.83341374457536,300.524944
-8.23714825,47.429138917646526,300.19686
-7.179149539,44.38442506385601,300.19686
-5.783728724,42.853588665650825,300.19686
-4.692277881,39.1747100306621,299.86877599999997
-3.528373629,37.238729611434266,299.86877599999997
-2.74682302,32.95264534884417,300.19686
-1.839270105,30.7281408155023,300.19686
-0.860221195,21.1070522186042,300.19686
0.09845578112891369,16.767985763437505,300.524944
0.5284867377642407,13.845265464712387,300.853028
0.6888433743561184,12.546656180642161,300.853028
0.7233082445800967,11.582687349958235,300.853028
0.750961646130285,9.245701124758066,300.524944
1.1974558417370214,8.534149519436603,299.86877599999997
1.2462771029472903,9.429149795197016,299.540692
1.3038471429210512,10.048274052907171,299.212608
1.3515476818013934,11.178037157784901,298.228356
1.420042111676542,11.757998156222124,297.244104
1.2985055458532495,12.173495168267646,297.244104
1.3138113849852513,12.579676884567158,296.91602
1.4498098742980992,13.063364148819918,296.587936
1.3721183282809493,14.035023850064249,295.93176800000003
1.492133270947749,14.449573056834618,295.603684
1.5117890759966317,14.853678056985663,295.2756
1.4398025005825548,15.178584546821629,294.947516
1.5042706134477877,15.659773595530528,294.29134799999997
1.6239462833631189,15.647815745672263,294.29134799999997
1.5049457970850273,15.844503101185996,293.63518
1.5931777051314582,15.918274555665183,293.307096
1.5729442129752813,16.021660576224278,292.65092799999996
1.5687528950834158,16.1758805948781,291.666676
1.6118851086386439,16.24236074726456,291.338592
1.4660986039473898,16.338257096347267,290.682424
1.4801292798890668,16.560463512642944,289.370088
1.550272578751768,16.63414902355835,289.042004
1.5148454967697593,16.70735186331306,288.71392000000003
1.4650731636044882,16.877377097840025,288.057752
1.4807586965640824,17.025459673918686,287.40158399999996
1.4686489998646486,17.166556574015686,286.74541600000003
1.4988637125215374,17.269394689739975,286.417332
1.567406619761186,17.263308543470508,286.417332
1.5773704028667919,17.262400991487045,286.417332
1.4222547681245212,17.333118867583927,286.089248
1.4260891766804273,17.44317973909702,285.43307999999996
1.4072898507498626,17.552369284041106,285.10499599999997
1.4539497424524133,17.606407047130464,284.77691200000004
1.352238738707726,17.710525833708694,284.448828
1.4047172164083068,17.747250711817536,284.448828
1.4642187563905276,17.778487763503062,284.120744
1.4687830389480465,17.809187729288677,283.79266
1.51452907486456,17.815365491800815,283.79266
1.513595582066659,17.817453344827623,283.46457599999997
1.5252770849603852,17.805393173817105,283.136492
1.5449829684524936,17.77451643411116,282.808408
1.429838187267038,17.75841032388742,282.808408
1.5233730783237027,17.727251518652356,282.480324
1.4716152377623943,17.705944518519406,282.480324
1.4718303189307458,17.7329221793848,281.496072
1.549663621775078,17.83262993672188,281.167988
1.5027030368379346,18.189148451307176,280.51182
1.5718029268808007,18.535905121689435,280.51182
1.7019039984110562,19.576720027445084,279.855652
1.848550536506867,20.249329295770284,279.855652
1.74552248024214,20.258470507062714,279.855652
1.9420178324874524,21.086747129272634,279.52756800000003
1.961718315873062,21.93598151811927,279.199484
2.2353087381475607,23.83122394821096,278.543316
2.409268331883775,24.815208905040453,278.21523199999996
2.587076170797539,25.75523543166575,277.887148
2.875905592872646,26.657754041180546,277.55906400000003
2.8185289284891146,27.542710733928033,277.23098
3.144124162103464,28.95614821113486,276.574812
3.2492184305414167,30.91320835028973,273.95014
3.0947362947408537,30.713838361459395,272.965888
3.108503805805466,30.596963806921057,272.637804
3.216186045071361,30.585832299223643,272.637804
3.271820430682382,30.407688200550382,272.637804
3.3258972875664625,30.28336636187148,272.637804
3.2426038082301583,30.14585973973439,272.30972
3.1879368697320385,30.218628257360724,271.981636
3.183638519871859,30.19275528845364,272.30972
3.107372824193654,30.45085437777064,271.653552
3.239750261645655,30.726922588761653,271.325468
3.1192918114535053,30.865221893186998,270.997384
3.2002339164453786,31.01967485611295,270.997384
3.2146473788554313,31.261201440658766,270.34121600000003
3.170855155666295,31.374362942335072,270.013132
3.269109404357041,31.483255956895366,269.356964
3.3158163862069356,31.505290684615,269.356964
3.225738998745666,31.554018489059796,269.02887999999996
2.1544507682868765,36.146481780373726,267.716544
1.8797867088430325,37.82044056208544,267.716544
1.4235411079620086,38.72417272353786,267.38846
1.0912350857842972,39.58437236282526,267.38846
0.3952907081608002,41.032218044730875,267.38846
-0.285643238,42.02757396445508,267.38846
-0.647051043,42.40352941247877,267.38846
-0.553761428,42.59449896868308,267.06037599999996
-0.960356517,42.77596773160914,267.06037599999996
-1.209826258,42.8365948626212,267.06037599999996
-1.636489992,42.97016268637329,267.06037599999996
-1.800576733,43.028288958537296,267.06037599999996
-1.891031231,43.02440851599277,267.06037599999996
-2.018697409,43.134548214788644,266.732292
-2.138718354,43.509147900529186,266.732292
-2.156423898,43.81376401084034,266.732292
-2.161556258,43.9087709336998,266.732292
-2.613222231,44.012385028482804,266.732292
-2.534967161,44.016961592295665,266.732292
-2.476319103,43.95030742694004,266.732292
-2.351500009,44.07346977490614,266.732292
-2.440324797,44.16130197426386,266.732292
-2.615142009,44.209795705883685,266.732292
-2.787049953,44.23775336035505,266.732292
-2.882965258,44.28223814925541,266.732292
-2.58572284,44.39359396251599,267.06037599999996
-2.809019483,44.39120147856794,267.06037599999996
-2.646926332,44.390972812797294,267.06037599999996
-2.747668579,44.29708460732113,267.06037599999996
2.2558729342093446,36.48873328355916,267.38846
2.623289496846599,34.85746598772619,267.38846
3.879421802008245,30.042455424116262,267.06037599999996
3.9913794168045933,29.157375063011656,267.06037599999996
3.7569401039540304,27.44894308353576,267.06037599999996
3.8139046359753266,26.676183226447932,267.06037599999996
3.9635735667870926,24.99530611824331,267.06037599999996
3.848056905056705,24.385624327612778,267.38846
3.652161345751791,24.253235979914226,267.38846
3.539109877728044,24.080823558642717,267.38846
3.8893165272852572,23.98267589439071,267.716544
3.5799294291379713,24.199995545998895,267.716544
3.25629072270662,24.90554970874533,267.716544
3.0229268979400548,25.411876212379873,267.716544
2.8305048751555315,26.62592465480957,267.716544
2.621872890594077,27.251989687204667,267.716544
2.351483659428492,27.867107101400823,267.716544
2.15335082840931,28.697605845570767,267.716544
1.9609992384579433,29.04374937674678,268.044628
1.9088946650660554,28.972156906691012,268.044628
1.6860957720035799,28.913741471003807,268.044628
1.4628684653059032,28.64173569700825,268.044628
1.3248692783809572,28.648450730873137,268.044628
1.2878517622488341,28.45765315411438,267.716544
1.3360238941153688,28.120807689073228,267.716544
1.1625269273091285,27.65037630477534,267.716544
1.0178625160528503,27.558769351019784,267.38846
0.8467752292755584,27.5863845257505,267.38846
0.8492230913755898,27.78528734034578,267.38846
0.668160065766963,28.779647406170923,267.38846
0.06566490549802009,29.57227056598525,267.38846
-0.053139081,30.436371912082667,267.716544
-0.261300134,32.76752876564539,267.716544
-0.929140995,34.13335477980737,267.716544
-1.447359139,35.40218558403854,267.716544
-1.721459601,37.88249595454506,267.716544
-2.771504875,38.87771722044335,267.716544
-2.970990479,40.40568530619488,267.716544
-3.367045487,40.86019460021171,267.716544
-3.53554193,40.98393938730785,268.044628
-3.336348373,40.77910134716038,268.044628
-3.491300856,40.44835833230777,268.044628
-3.468766318,39.21927712971148,268.044628
-3.387772099,38.344072404923104,268.044628
-3.41476419,37.52836304908778,268.044628
-3.032243317,34.57628565407842,268.044628
-2.524805771,33.56429407625685,268.044628
-2.191799457,31.363041694524043,268.044628
-1.771574842,30.284218990322653,268.044628
-1.209720132,29.19867240562756,268.044628
-0.991211537,28.157658317844664,268.044628
-0.710205975,27.100965693563037,268.044628
-0.344115189,25.231775098713157,268.044628
0.05054008562178685,24.438301539872196,268.044628
0.3959912777132406,23.647669712917164,267.716544
0.8428656705565661,22.988885193996897,267.716544
0.9794454245152158,21.923047200915143,267.716544
1.4716718755230949,21.501927155887696,267.716544
1.820389853189099,21.006607206763437,267.38846
1.9838831023193855,20.881562079137485,267.38846
2.3776845007382024,20.84039451266435,267.38846
2.6961655215400846,20.756198859151887,267.06037599999996
2.874918730638972,20.91157183753757,267.06037599999996
3.3008843204580858,21.357911587810076,267.06037599999996
3.856428662667633,21.64013418962119,267.06037599999996
4.19892947568117,22.464259823314247,267.38846
4.450986828202482,22.864831777045843,267.38846
4.836967508926749,23.533484682557216,267.06037599999996
5.039323549785912,23.75103926596775,267.06037599999996
5.420469541527118,23.898507437455915,267.06037599999996
5.425668448073883,24.001341917565288,267.06037599999996
5.657288977202463,23.967458532348203,266.732292
5.578358247332714,23.94583291746875,266.732292
5.754260736757371,23.988562410494193,267.06037599999996
5.757104311698916,23.813679262578095,266.732292
5.787448588995717,23.707517991640533,266.732292
5.952555408851892,23.698502721502166,266.732292
6.043562425555553,23.75224566894124,267.06037599999996
6.084137146110908,23.720208383486412,267.06037599999996
5.910948039780283,23.04935459903442,267.38846
5.430915332846331,22.80094554432798,267.38846
4.405078757903483,22.620145211209067,267.38846
3.9541865480196297,21.479721010924784,267.38846
3.5799317637823282,20.93885692939133,267.38846
3.4384161050410516,21.706290061137558,267.716544
2.9788952949804433,22.365549174811715,267.716544
2.807771034795536,23.14157548553945,267.716544
2.3412665848034733,25.163462768177574,267.716544
2.0107307538113255,26.41521666471343,267.716544
1.9129147425863116,29.29811761377898,267.716544
1.4637740383049027,30.933760433679392,267.716544
0.7943400888469497,34.52367239716165,267.716544
-0.144506116,40.658209071285626,267.716544
-1.083788148,42.7992735415054,267.716544
-2.452875396,46.827864233933006,267.716544
-3.367181944,48.93876250997739,267.716544
-4.855291664,53.40046384193411,267.716544
-5.284412915,55.59324378683083,267.716544
-8.260333765,57.828373019317006,267.716544
-11.01989977,59.74815562266112,267.716544
-15.69034705,72.75113711054733,267.716544
-29.51146709,75.61891295188735,267.38846
-24.62730218,67.54092070827322,267.716544
-23.20198863,65.09074044624957,267.38846
-21.11090691,62.642044007647996,267.38846
-19.91411394,59.474741070066564,267.38846
-18.12575212,56.17053591499578,267.38846
-17.00142333,54.417813344864925,267.38846
-15.67937073,52.54826093275068,267.38846
-13.73479317,50.863917939025114,267.38846
-11.80667161,46.98177014835036,267.38846
-9.799074066,45.17180902645816,267.38846
-8.141804116,40.86546578115905,267.38846
-7.370564833,38.710066318129954,267.38846
-6.579099557,38.85241188556662,267.38846
-5.128692759,36.88497652097654,267.38846
-3.80793492,32.81655448559745,267.38846
-2.590605561,29.097833122768844,267.38846
-2.071824275,27.594544217220584,267.38846
-1.52467,25.270386255482986,267.38846
-1.067968957,24.608563411345862,267.38846
-0.461386702,23.998354633863524,267.06037599999996
0.07425404784245852,24.525511733558787,267.06037599999996
0.7006698323749243,25.151200965848854,267.06037599999996
0.9056540059423872,27.128752937817783,267.06037599999996
1.6562183890166247,28.377793587831146,267.06037599999996
1.9843826664750814,29.837071375191883,267.06037599999996
2.1364264636983505,31.43230197034003,267.06037599999996
2.890909471468696,33.22585025192687,267.06037599999996
3.348999251039791,34.949490620773645,267.06037599999996
4.034134666097605,36.88800657932619,267.06037599999996
5.013304796910022,38.83059932956322,267.06037599999996
6.071293709714218,45.28412600615951,267.38846
7.431239609660019,49.63245788082255,267.38846
8.274019389978019,51.72496396565381,267.716544
9.723300661104371,55.78494170939934,267.716544
11.568147080233521,66.19561559227324,267.716544
-17.44508193,63.20391294099182,247.70342000000002
-16.55048823,61.960528825845614,246.71916800000002
-16.33372069,61.233981176554835,246.063
-15.77299715,60.604438587106834,245.73491600000003
-15.38910858,59.24929633613794,244.42257999999998
-15.10622094,58.04789896530006,243.43832799999998
-14.41459855,57.658221346646755,242.78216
-14.34566137,57.13940791799845,242.125992
-14.36064059,55.882128963450185,241.14174
-13.63610245,55.33475370088854,240.48557200000002
-13.49902619,54.59202310951295,239.829404
-12.72045181,53.914726945375214,239.50132000000002
-12.4928473,53.09973018511497,238.845152
-11.87575718,52.34427278416029,238.51706800000002
-10.82001711,49.508946013168284,235.892396
-4.602359457,35.49618573135999,225.393708
-3.061530133,31.679246657420983,222.11286800000002
-1.254438934,29.797196424858498,218.83202799999998
-1.088868898,28.811125181189237,216.207356
-0.939836132,27.602739036573038,213.91076800000002
-0.733324024,27.30810260700551,213.58268399999997
-0.729477222,26.362285330272506,211.61417999999998
-0.710620792,25.78089137474738,210.301844
-0.557409265,25.177623953560182,209.317592
-0.265429406,24.909905578458293,208.661424
-0.286524666,24.646169986434643,208.005256
-0.109374042,24.647592756763903,208.005256
-0.057136605,24.435432669727245,207.349088
-0.086838674,24.243874127597913,206.69292
0.03409582821195321,23.94797517811681,205.708668
-0.018646061,23.817053831122067,205.380584
0.07598975724726958,23.587476775465625,204.396332
0.21200823750896128,23.493860459926758,203.740164
0.045416352077479814,23.41173490852104,203.41208
0.08944749087918823,23.22056337114921,201.77166
0.11852476466313631,23.071579495582686,200.787408
0.3821746465883147,22.965095242007937,200.13124
0.5682921383814179,22.823011899892947,199.47507199999998
0.662299012528459,22.432154943525262,198.49081999999999
0.783687571578803,22.190398745050917,198.16273600000002
0.5352690490121752,21.926900066415026,197.506568
0.7563904291198921,21.648930094429147,197.178484
0.8825328989983845,21.342490022845748,196.8504
0.7233823104353113,20.78663008445354,195.866148
0.7348327700632482,20.559018104544137,195.538064
0.6904297589336339,20.38558899339576,195.538064
0.7428793870015702,20.24457727087616,195.20998
0.7497503486528273,20.118449787122323,194.88189599999998
0.652430391259258,20.121840919926502,194.88189599999998
0.5960482883598138,20.21194876862179,194.55381200000002
0.7040927901034475,20.226299228813872,194.55381200000002
0.6643025467334359,20.213726898909155,194.225728
0.6066624563520024,20.19003530563004,194.225728
0.6598251124912355,20.122026532584567,193.56956
0.7219913892555904,20.084895583468647,193.241476
0.657036148846702,20.06877565357947,192.913392
0.6729218567520192,20.05324740060706,192.585308
0.7225859089701905,20.030015798759774,192.585308
0.7546180214811109,20.009135567073717,192.257224
0.7778121164187942,20.01025019130836,191.92914
0.8576281425982936,20.01260362920228,191.92914
0.7731400513404666,20.023892731145704,191.601056
0.8856720284381038,20.05423892197274,191.601056
0.7551110447338198,20.11644356520544,191.272972
0.8623921865128564,20.193963377280483,190.944888
0.7026479868872738,20.283700218745796,190.944888
0.8398280346469411,20.36947327660928,190.616804
0.7572398638482231,20.53318801586913,189.96063600000002
0.8315829503090402,20.61108612580189,189.632552
0.8065570791628425,20.698104132432547,189.632552
0.6340915255469325,20.788921803826465,189.30446799999999
0.5107720838943989,20.896712027422012,188.976384
0.1904693971299528,21.05045132185418,188.6483
0.08407051212967695,21.363614792683798,188.320216
0.11278990513580266,21.534154130962254,187.992132
0.024707101774259443,21.87830039917493,187.664048
-0.030887027,22.070090636859103,187.664048
-0.08404669,22.382093569276226,187.335964
-0.11704989,22.60160052117899,187.00788
-0.302774689,22.702214078363788,187.00788
-0.271544414,22.813771877748184,186.35171200000002
-0.431081838,22.825129806354166,186.35171200000002
-0.255209212,22.86547286654776,186.023628
-0.409015851,22.87787365270366,185.69554399999998
-0.416420378,22.884105958236802,185.69554399999998
-0.440589889,22.883653379401938,185.69554399999998
-0.436073073,22.883739897871067,185.69554399999998
-0.518230643,22.913202717089018,185.36746000000002
-0.523048115,22.92953454203448,185.36746000000002
-0.557929349,22.946335637478533,185.36746000000002
-0.557051159,22.95600548407944,185.36746000000002
-0.618071985,22.971805531586657,185.36746000000002
-0.545118381,23.009522138482136,185.36746000000002
-0.692789993,23.013952197779112,185.039376
-0.670742179,23.070009371956385,185.039376
-0.696939425,23.109244475647714,184.711292
-0.560072866,23.126750122117652,184.055124
-0.597129479,23.131566378527136,183.72704
-0.489978403,23.1458977938737,183.398956
-0.542068036,23.14473645916797,183.398956
-0.766830447,23.13838012015461,183.398956
-0.629159132,23.142532754792565,183.398956
-0.590084794,23.163286283032974,182.742788
-0.645039843,23.212037336044617,181.75853600000002
-0.541435597,23.244942588442413,181.430452
-0.572068275,23.40114583664018,180.774284
-0.816382207,23.84350904491915,180.4462
-0.855010088,24.17435380308876,180.4462
-0.922820816,25.09140276346094,180.4462
-1.262575075,26.245699554298227,180.118116
-1.29756764,27.405290697822576,180.118116
-1.624074224,27.959795156075298,180.118116
-1.725882907,28.472938651250573,180.118116
-1.990632255,30.106671256075604,179.790032
-2.559328953,30.06366754422229,179.790032
-2.867376951,30.30573087417892,179.790032
-3.173624924,31.15297204743633,179.461948
-4.061965273,31.302412488328827,179.461948
-4.112628686,31.49191329893698,179.461948
-4.252803494,31.4732899515549,179.461948
-4.257167488,31.481374021823243,179.133864
-4.199511393,31.513543806461172,179.133864
-4.199463722,31.513186078812932,179.133864
-4.353067263,31.535391436391745,178.80578
-4.337930685,31.58904001595853,178.477696
-4.306984062,31.65837098572606,178.477696
-4.451316526,31.779799108524745,178.14961200000002
-4.707192011,31.91135426878622,177.821528
-4.969873316,32.03552269336738,177.821528
-5.129512841,33.87698032250473,177.49344399999998
-5.748427488,35.02750562249526,177.49344399999998
-6.154668943,37.763558185841674,177.821528
-6.538543083,38.24596378253459,177.821528
-6.700907737,38.909492967667,177.49344399999998
-6.402097633,38.77323813659287,177.49344399999998
-6.616698348,38.421295534892316,177.49344399999998
-6.397647235,37.913484904453554,177.49344399999998
-6.695352198,37.86204546367079,177.49344399999998
-6.48679636,37.35366963236264,177.16536000000002
-6.340993611,36.0119453870653,177.16536000000002
-6.137754799,35.26846595527046,177.16536000000002
-5.786750917,34.596481303324,177.16536000000002
-5.671230191,33.15061534275963,177.16536000000002
-5.43651694,32.549772050085494,177.16536000000002
-5.088903687,30.925203813553495,177.49344399999998
-5.100342495,30.795692453740312,177.16536000000002
-4.968818538,30.74889299109329,177.16536000000002
-4.901038602,30.735981796014133,177.16536000000002
-4.391941817,30.876342971896268,177.16536000000002
-4.503873619,30.92370667135659,177.49344399999998
-4.894572572,31.05433956909161,176.837276
-4.671424473,31.062679118403477,177.49344399999998
-4.909239974,31.13781799302307,177.49344399999998
-4.849258923,31.253164081679955,177.821528
-4.955271621,31.800095638314477,177.821528
-5.454232908,32.249173928507375,177.821528
-5.319789946,32.913073116535266,177.821528
-6.267226657,34.623043186338904,177.49344399999998
-6.881292977,35.730878251335696,177.49344399999998
-7.400546799,36.90941489285285,177.49344399999998
-8.175344377,39.76375526135909,177.49344399999998
-9.849510122,42.82349328477346,177.49344399999998
-11.41989028,44.312633413479986,177.49344399999998
-13.571917,49.38082894025671,177.821528
-15.12190646,50.741815429691364,177.821528
-16.43406898,50.3321494143011,177.821528
-17.62830043,51.72280891027001,177.821528
-20.00730395,56.861677407274506,177.821528
-21.88614786,56.886511960535636,177.49344399999998
-22.90691674,56.12794127129849,177.821528
-24.68214829,55.00113843484158,177.821528
-21.70550763,51.80349833554253,177.821528
-16.0257254,47.5020888835883,177.821528
-14.71118428,44.87697586704344,177.821528
-13.07110053,42.1909084175193,177.821528
-9.368758181,36.96982474178871,177.821528
-7.326153616,33.15428022525499,177.49344399999998
-6.537675965,31.862782817197996,177.49344399999998
-5.639058793,29.611380947164896,177.49344399999998
-4.84619689,28.755350135052975,177.49344399999998
-3.723491894,26.892830035077772,177.16536000000002
-3.23140155,26.020956719383328,177.16536000000002
-1.861764974,24.53079804551963,177.16536000000002
-1.530795599,23.829951775379147,177.16536000000002
-1.3311103,23.11607080914838,177.16536000000002
-0.93369317,22.478025324244495,177.16536000000002
-0.663970416,21.45659343577449,177.16536000000002
-0.319520731,21.020439836356587,177.16536000000002
-0.178003907,20.63666735787114,177.16536000000002
0.024348154414166517,19.85510382103247,177.49344399999998
0.5471051598103711,19.43823454101841,177.49344399999998
0.5446584806735846,18.979884140107938,177.49344399999998
0.8645418200977258,18.464910201210127,177.49344399999998
0.8165814861312126,17.237789427170775,177.49344399999998
0.8954272416850297,16.51044835930557,177.49344399999998
0.8418291057150792,15.823357885019652,177.16536000000002
0.8721077802129992,15.058067518043574,177.16536000000002
0.8137065030532818,14.364143233020329,177.16536000000002
0.7393966956713818,12.976984474823436,177.16536000000002
0.685779115334533,12.339028822083565,177.16536000000002
0.7795871489112558,11.818476270367777,177.16536000000002
0.806024575274579,11.013359812283618,177.16536000000002
0.8485887941442751,10.715006752044799,177.16536000000002
0.8930509502168295,10.199462068913958,177.16536000000002
0.8490904299849076,10.098520688820914,177.49344399999998
0.9189666744974542,10.013695774146939,177.49344399999998
0.9102519302096013,9.953676217600874,177.49344399999998
0.9087179436396665,9.914743166108648,177.49344399999998
0.9662005968643324,9.878451827356107,177.821528
0.9503324041688349,9.879265896620339,177.821528
0.9906833902727503,9.880313042937704,177.821528
0.984716769954874,9.882261293394485,177.821528
1.0409318108947165,9.875805390411637,177.821528
0.977208553825043,9.884918733010279,177.821528
0.975675346891171,9.868718012776787,177.821528
0.9805389482523521,9.842387178351276,177.49344399999998
1.0095335239352092,9.838202211193437,177.49344399999998
1.0326039729414067,9.828451016255027,177.49344399999998
0.9810011636276522,9.850451944341728,177.49344399999998
1.0065077360270938,9.871029596342513,177.49344399999998
0.9885039619337225,9.882476684284793,177.49344399999998
0.991056028800541,9.987893887201402,177.49344399999998
0.9769079016784757,9.912443585369791,177.49344399999998
1.0015343608443843,9.904017073790172,177.49344399999998
1.0107061847572387,10.126887088980094,177.49344399999998
0.9954861996860306,10.365463594057282,177.49344399999998
0.9641941342573155,10.71770779677548,177.49344399999998
1.0976227571311836,11.677036931976188,177.49344399999998
1.0986264751754689,12.29916022611897,177.49344399999998
1.0315887596309459,13.09617942886495,177.49344399999998
1.1001472277048345,13.925508595624112,177.49344399999998
1.0835654179347136,15.904733455259487,177.49344399999998
1.1664922829136228,18.153933730869586,177.49344399999998
1.1690925974029662,19.409245623941885,177.49344399999998
0.9295404151834872,20.71606612093041,177.49344399999998
0.7256437113373535,23.61349295887623,177.49344399999998
-0.074308675,23.624522994876692,177.49344399999998
-0.557754533,25.20505084919042,177.49344399999998
-1.491384265,26.81232816983617,177.49344399999998
-2.147841348,30.331102155004032,177.49344399999998
-3.071582791,32.13341942586392,177.49344399999998
-4.920143484,35.779103772525445,177.49344399999998
-6.027327126,37.59105279106872,177.49344399999998
-7.534729454,41.33028748336441,177.821528
-8.473640318,43.160639777104514,177.821528
-9.455642485,45.02002056855791,177.821528
-12.8638471,48.2513583856389,177.821528
-15.724775,49.3998426426226,177.821528
-17.58873076,52.79035587923179,177.821528
-19.237375,56.09276302158288,177.821528
-21.70597543,55.184466028014945,177.821528
-23.08582103,56.57830947049388,177.821528
-25.11489254,57.49623289871657,177.821528
-27.33728798,59.681274805803405,177.821528
-28.28044058,60.58073605313509,177.821528
-29.75066086,61.834647520664916,177.821528
-31.17608246,61.595361067294796,177.49344399999998
-32.5740654,61.271805474161454,177.49344399999998
-33.03494147,60.99955976989147,177.16536000000002
-32.69108593,60.47797151313084,177.16536000000002
-33.51179575,60.39243222999017,177.16536000000002
-32.53434322,59.99537448534295,177.49344399999998
-32.34282726,58.75973927658816,177.49344399999998
-31.34397385,57.63605010782208,177.49344399999998
-29.88002248,55.22623208129499,177.49344399999998
-29.47615969,55.442839602305675,177.49344399999998
-28.31635148,54.804305483607145,177.49344399999998
-26.70426936,54.24800535614075,177.49344399999998
-25.60398443,53.27898426946358,177.49344399999998
-23.93309338,50.99187359500038,177.16536000000002
-22.82733924,49.76239193917876,177.16536000000002
-21.19289327,48.68505449540059,177.16536000000002
-20.02782753,47.25948051736282,177.16536000000002
-17.77577578,44.08743268011862,177.49344399999998
-15.8438421,42.69679382150883,177.49344399999998
-12.68618516,37.27985145404498,177.49344399999998
-11.07726421,33.741658699393206,177.49344399999998
-9.067295135,30.63879204869755,177.49344399999998
-3.940071811,28.38463628014621,177.49344399999998
-2.902804303,25.532996827014532,177.49344399999998
-2.244535099,24.300235211114146,177.49344399999998
-1.642111953,21.836967433248557,177.16536000000002
-1.132382524,19.581327271636965,177.16536000000002
-0.624074202,17.643198942136816,177.16536000000002
-0.31988491,16.81099937079272,177.16536000000002
0.046415348096867565,16.16279476372599,177.16536000000002
0.3267330974583805,15.556609085498513,177.16536000000002
0.5732583883079821,15.15018240432226,177.16536000000002
0.7006252152700575,14.838817191386882,177.16536000000002
0.8219319015458583,14.607603417257964,177.49344399999998
0.7667018552474753,14.185858303913452,177.49344399999998
0.8053563770157184,13.716009470902842,177.49344399999998
0.839647597579019,13.185300725851826,177.49344399999998
0.8496133827746877,12.43219067447474,177.821528
0.8564612690484261,10.660072958125232,177.821528
0.8724615412208552,9.71299471040217,177.821528
0.8860269250497379,8.743212615141907,177.821528
0.8265390874726245,7.5932050512056115,177.821528
0.818585017065927,6.4755327189193235,177.821528
0.7259078951451756,5.516982843231736,177.821528
0.6407772673409593,4.589075714373022,177.821528
1.5678001677898235,6.163739829415577,177.821528
2.7111831952054692,8.899021851402349,177.821528
3.477470245798322,11.2545314953057,177.49344399999998
3.883230038619939,12.12682908795239,177.49344399999998
3.9746438413894487,12.097175934711098,177.49344399999998
3.9724543071216556,12.406270290698004,177.49344399999998
4.11047585998323,12.4708843196396,177.49344399999998
4.068394220136708,12.422066202154777,177.49344399999998
4.052243761005005,12.241207324317566,177.49344399999998
3.9289755181123405,11.90296196239576,177.49344399999998
3.8163669939765676,11.577119362442458,177.49344399999998
3.6933369822129616,11.143943959574036,177.49344399999998
3.389428215526213,10.363661504660325,177.49344399999998
3.13568500353373,9.70936393656519,177.49344399999998
3.0132744820205475,9.493772555972194,177.49344399999998
2.889985403914164,9.387497754607473,177.49344399999998
2.7530490149175897,9.477738362699638,177.49344399999998
2.6171515298305317,9.760562375702147,177.49344399999998
2.648278105591534,10.160847945561915,177.49344399999998
2.6630552182389073,11.506111438769931,177.49344399999998
2.5055121505392646,11.541441521763296,177.49344399999998
2.511003301636881,12.490121755286413,177.49344399999998
2.5478740105787683,13.53778525555774,177.49344399999998
2.3949660103765495,16.159478669489804,177.49344399999998
2.0284592772693664,17.773500724999415,177.49344399999998
1.8190237998300824,21.27144698400379,177.49344399999998
1.4417214199966444,23.147337317339062,177.49344399999998
0.9623395680250539,27.021058683547036,177.49344399999998
-0.011575153,30.939434524734693,177.49344399999998
-1.045292407,32.89186028862681,177.49344399999998
-2.298247633,36.47918539953213,177.49344399999998
-3.087868397,38.02213039736988,177.49344399999998
-4.967238298,39.38253733178788,177.49344399999998
-6.066477435,40.47241021516043,177.49344399999998
-7.608552922,42.148491465609844,177.49344399999998
-8.241623949,42.02928794399958,177.49344399999998
-8.693681513,42.65355180062476,177.16536000000002
-9.395737212,42.86958390737159,177.16536000000002
-9.629390427,43.18619133566672,177.16536000000002
-10.21012539,43.3219566770714,177.16536000000002
-10.53174711,43.158445223928666,177.16536000000002
-10.77116153,43.01240151497862,177.16536000000002
-10.94504426,42.72738751049332,177.16536000000002
-10.93979512,42.08428498185966,177.49344399999998
-10.80468626,41.687863525293785,177.49344399999998
-10.02628517,41.3979721181509,177.49344399999998
-9.613865433,40.91588992625327,177.49344399999998
-9.217494357,39.59850920088342,177.49344399999998
-8.785440534,38.871593228819094,177.49344399999998
-8.075715946,38.06819816953447,177.49344399999998
-7.608396039,37.14513606845071,177.49344399999998
-6.922788757,34.904757332115416,177.49344399999998
-5.954640208,33.74605527410417,177.49344399999998
-5.11471057,31.031078836476123,177.49344399999998
-4.021012718,29.737315870328487,177.49344399999998
-2.99495549,25.588054310573376,177.49344399999998
-2.102721383,24.405089191590516,177.49344399999998
-1.489100716,22.04329775946096,177.49344399999998
-1.062854772,20.921905506412955,177.49344399999998
0.41985541924825054,19.924678556937593,177.49344399999998
0.9806031915367927,17.950270025427248,177.49344399999998
1.148175424393953,16.995677119032944,177.49344399999998
1.2321555494591039,15.569825742256619,177.49344399999998
1.536474136314996,14.570063665402435,177.49344399999998
1.8642424210363673,14.247979450108105,177.49344399999998
2.6482146823346757,13.807389417142367,177.49344399999998
2.748185621306147,13.570524360624054,177.16536000000002
2.712455240324194,13.10929820162386,177.16536000000002
2.6077257650611902,12.513890322085924,177.16536000000002
2.5089865534203257,12.374754924997657,177.16536000000002
2.4830107189847213,12.308042198315125,177.16536000000002
2.4772077120233282,12.32222954970608,177.49344399999998
2.428933457713205,12.696423656017163,177.49344399999998
2.4491020126815353,13.067089051793184,177.49344399999998
2.35310765062045,13.60499244444997,177.49344399999998
2.3223513012956993,14.287953676988453,177.49344399999998
2.0937570322637096,15.182888118203493,177.49344399999998
2.2089345919170134,17.34527896615571,177.49344399999998
1.8024635473838633,18.67311706955967,177.49344399999998
1.8166558597758609,21.52363533073068,177.49344399999998
1.7162835036103181,24.58800850657894,177.821528
1.6878826708803127,27.83966159276804,177.821528
1.4037789708605977,31.256157605441647,177.821528
-16.02699152,47.46149439337385,177.49344399999998
-19.33524943,53.571929199395754,177.49344399999998
-23.48123945,57.64086089416698,177.49344399999998
-25.37979639,58.11051911015304,177.49344399999998
-27.3777288,60.12880154676057,177.49344399999998
-28.58451785,61.53898587339168,177.49344399999998
-29.65163288,62.889873422447636,177.49344399999998
-32.00546373,64.02803588381865,177.49344399999998
-35.45691018,67.03952946154314,177.821528
-36.99699963,66.20206196345974,177.821528
-39.5513526,67.13841687845714,177.821528
-41.27025683,68.53372380425364,177.821528
-51.37424867,72.13052220478204,178.14961200000002
-52.83984848,72.4297019537162,177.821528
-53.52598995,72.29471790753317,177.821528
-53.51297424,72.1781904881099,177.49344399999998
-53.65444663,71.31867519102062,177.49344399999998
-53.28581281,71.04491229528955,177.49344399999998
-52.78967126,70.55449537252922,177.49344399999998
-52.30944183,70.08398307826609,177.821528
-51.81381647,69.4054506070813,177.821528
-50.31358737,68.30295378196031,177.821528
-48.4313214,65.76130038595284,177.821528
-47.6079559,64.92303695697939,177.821528
-45.92589379,62.96532293216897,177.821528
-44.30270311,62.390972831009144,177.821528
-42.46624485,61.92827095044192,177.49344399999998
-41.07306586,61.01893757315394,177.49344399999998
-38.43358113,58.949461537163046,177.49344399999998
-36.71069081,60.03752455565982,177.49344399999998
-35.36186722,58.98142275063432,177.49344399999998
-33.73392551,58.015570008971956,177.49344399999998
-31.22834083,55.6884450895952,177.821528
-29.57475835,54.7781115031269,177.821528
-26.78117945,50.9165069423675,177.821528
-24.09389279,48.974142679451525,177.821528
-23.26660922,49.372535038290714,177.821528
-22.24267791,48.313466716433176,177.49344399999998
-20.55864084,47.509693718141264,177.49344399999998
-18.90114623,46.80538484616329,177.49344399999998
-17.14802206,44.78569429898389,177.16536000000002
-15.45798126,43.96432299721638,177.16536000000002
-14.18494775,43.13083739059052,176.837276
-12.98607761,40.66515200457762,176.837276
-12.0631362,39.46695678609755,176.837276
-10.90656748,38.31588803092851,176.837276
-9.881347324,37.17095737375684,176.837276
-7.78526761,35.14878284813568,177.16536000000002
-6.932189476,33.23452958893093,177.16536000000002
-6.569040965,32.50962240805729,177.16536000000002
-5.807434908,31.974024521187765,177.16536000000002
-5.630466021,32.005661947256826,177.16536000000002
-5.289155438,32.063832881351274,177.16536000000002
-4.885175152,31.656384002511082,177.16536000000002
-4.229478569,31.084711419646464,177.16536000000002
-4.199454679,30.856193870715437,177.16536000000002
-4.011354601,30.735171710556706,177.16536000000002
-3.809305216,30.71309618730399,177.16536000000002
-3.541203472,30.61292452906472,177.49344399999998
-3.498078824,30.617882271545614,177.49344399999998
-3.466602481,30.692284551244423,177.49344399999998
-3.318792915,30.583317096689502,177.49344399999998
-2.99142645,30.448518494645956,177.49344399999998
-2.600880892,30.296571767471956,177.49344399999998
-2.301408546,30.192665956186076,177.49344399999998
-2.235423813,29.99355193998113,177.49344399999998
-2.191808139,29.938511856578145,177.49344399999998
-2.124550585,29.844521954794498,177.49344399999998
-2.233128962,29.72101445781836,177.49344399999998
-2.504109592,29.77118625374098,177.49344399999998
-2.27834956,29.687770420331344,177.49344399999998
-2.330661251,29.62980360550075,177.49344399999998
-2.150322613,29.458270207187404,177.49344399999998
-2.133266484,29.267667388547636,177.49344399999998
-1.987446623,28.70210722859436,177.49344399999998
-1.934693674,28.294136308815542,177.49344399999998
-1.816208866,27.159880798588972,177.49344399999998
-1.561242328,25.470010690521843,177.49344399999998
-1.317931875,24.469652784318146,177.49344399999998
-0.986450429,22.064443695073663,177.821528
-0.558559064,19.431442865329558,177.821528
-0.005964534,18.124343428566828,177.821528
2.8838527785242514,16.649265809209908,177.821528
2.566463453177601,13.121410176198783,177.821528
2.8231100340493143,13.73561769458559,177.821528
3.4018570221286337,14.816855272266721,177.821528
3.8238683041525214,15.330264528492032,177.16536000000002
4.059203330715399,15.622839381934288,177.821528
4.279218617814602,15.827288119748607,177.16536000000002
4.407706472313288,15.17520315753058,177.821528
4.396279070398117,14.722867462076534,177.16536000000002
4.14198924411253,13.88640964560075,177.49344399999998
4.096246436247167,13.89997168620533,177.49344399999998
3.919865855416051,13.522075014110884,177.49344399999998
3.7449764427110988,12.774514092901049,177.49344399999998
3.337425947287779,12.36659415877494,177.49344399999998
3.2542114893654617,12.287096196358128,177.49344399999998
3.1961940585572135,12.483753670664537,177.49344399999998
3.101648278209964,12.835723581885869,177.49344399999998
2.954641380014428,12.870358045828027,177.49344399999998
2.8595071619673944,13.398724432797191,177.49344399999998
2.8310900788950577,14.090781199570166,177.49344399999998
2.9163987091825336,15.975782570598627,177.49344399999998
2.750801689653095,17.182846064055195,177.49344399999998
2.4106435694233865,18.559122489423324,177.49344399999998
1.8062714186888973,20.055603865717195,177.49344399999998
1.5187123744274533,21.733814153215036,177.821528
1.4233871051293054,25.007392377440457,177.821528
0.40229544955892,26.75252085885763,177.821528
-0.127122713,28.513726725889974,177.49344399999998
-1.408647525,31.923497705899162,177.49344399999998
-1.959356481,33.57378144095185,177.49344399999998
-2.803398803,36.946289566325355,177.49344399999998
-4.821615455,40.09796296293924,177.49344399999998
-6.611190113,41.50597411052342,177.49344399999998
-8.440948567,42.70328181645623,177.49344399999998
-9.014862465,44.13633586726962,177.49344399999998
-11.12875289,46.40063317009763,177.49344399999998
-12.45545359,47.180513351984956,177.16536000000002
-13.24604749,47.98108440586752,177.16536000000002
-14.44742113,48.35435228159503,177.16536000000002
-15.20292998,49.05996085381669,176.837276
-15.71454531,49.16652378745068,176.837276
-15.88746663,49.16298524227004,177.16536000000002
-16.00707934,49.127621084667695,177.16536000000002
-16.36724273,48.98009616961911,177.16536000000002
-16.10510192,49.15254334418817,177.16536000000002
-18.52599109,49.46440897969175,177.16536000000002
-18.97958124,49.31710563894259,177.16536000000002
-18.79605253,49.36768594529968,177.49344399999998
-17.96024268,49.62029220693453,177.49344399999998
-18.23952274,49.47006296077746,177.49344399999998
-18.10499278,49.452730042594055,177.49344399999998
-17.74836399,49.50970058264657,177.49344399999998
-18.13927835,49.188470417390135,177.16536000000002
-17.66195894,49.265338133291955,177.16536000000002
-17.35635728,49.05133655808713,177.16536000000002
-17.58312611,48.86696153843789,177.16536000000002
-17.37236255,48.84932202974151,177.16536000000002
-17.26998322,48.7109024234056,177.16536000000002
-17.16206982,48.66519469689666,177.16536000000002
-17.3593041,48.519581794164566,177.16536000000002
-17.38200191,48.42501608536357,177.16536000000002
-17.39128483,48.35474585319272,177.16536000000002
-17.10888728,48.32593286752315,177.16536000000002
-17.3693062,48.181333227573866,177.16536000000002
-16.75934394,48.33993653957576,177.16536000000002
-16.96774733,48.20318599905318,177.16536000000002
-16.90200947,48.10875426234533,177.16536000000002
-16.88852362,48.06515591113782,177.16536000000002
-16.82281855,47.989815786593894,177.16536000000002
-16.4697111,48.05284026927518,177.16536000000002
-16.28607513,48.07486150062215,177.16536000000002
-15.99580856,48.08889825450109,177.16536000000002
-16.16881578,47.966611910785815,177.16536000000002
-16.26212294,47.912538559694504,177.16536000000002
-16.11932938,47.960767445466864,177.16536000000002
-16.12992698,47.957204352384665,177.16536000000002
-16.36051858,47.85371860256189,177.16536000000002
-16.40918393,47.806182313602626,177.16536000000002
-16.20395734,47.72509327822024,177.16536000000002
-16.15205734,47.58679901544929,177.16536000000002
-16.45951926,47.37714566520068,177.16536000000002
-15.890928,47.44010443280792,177.16536000000002
-15.7666014,47.343615103460756,177.16536000000002
-15.5619902,47.41126524184567,177.16536000000002
-15.7473932,47.160843347220805,177.16536000000002
-15.83054676,46.93464128264927,177.16536000000002
-15.22639395,46.67602550838871,177.16536000000002
-15.3172155,46.35925355440932,177.16536000000002
-15.01382737,45.66748821244715,177.16536000000002
-14.83891458,45.174488128313776,177.16536000000002
-14.39339987,43.758205489368486,177.16536000000002
-13.87692801,42.8693248509324,177.16536000000002
-13.31930619,41.889489999000276,177.16536000000002
-12.40394786,39.25486824838996,177.16536000000002
-10.7976971,36.27106675246855,177.16536000000002
-10.0432328,34.571045403460396,177.16536000000002
-8.828217878,32.97347596757445,177.16536000000002
-7.298073444,31.27816874198461,177.16536000000002
-6.214574833,29.415994003119433,177.16536000000002
-5.364870515,27.35744070043426,177.16536000000002
-4.289896501,25.28196415013085,177.49344399999998
-2.873143024,20.80325438500741,177.49344399999998
-1.878620032,18.50953583851734,177.49344399999998
-1.125040346,16.133689677062627,177.49344399999998
-0.739986528,13.82804963172627,177.49344399999998
-0.247274622,11.639007810214324,177.49344399999998
0.1821969865440746,8.14806190757245,177.821528
0.5348765938536313,6.863079950320563,177.821528
0.6559375271851516,5.761535187766993,177.49344399999998
0.5751362973241305,4.488565466501001,177.16536000000002
0.6591392264188461,4.430303497245134,176.837276
0.8180113670590866,4.448412732383933,176.837276
0.8257815960790746,4.351238722169326,176.837276
0.8523603934792112,4.276915946374981,176.837276
0.8106835880100545,4.084833462194908,176.837276
0.7046533919688873,3.474106994967036,176.837276
0.6934998138919944,3.5510252783360094,177.16536000000002
0.8752389735871182,4.560974231043528,177.16536000000002
1.1499390424145786,6.182649330344539,177.16536000000002
1.399731235925293,8.325111317935093,177.16536000000002
1.402658223380394,9.543072152365232,177.16536000000002
1.7586553755449135,13.67709467499984,177.16536000000002
1.7889414874597376,16.53929428243288,177.49344399999998
1.520917673502097,16.566091163485144,177.49344399999998
1.2954584457101934,17.924014626983197,177.49344399999998
1.0940036805189268,19.315697842264367,177.49344399999998
0.7989104591284043,21.783846634371933,177.49344399999998
0.3072931471000384,22.821685258340068,177.49344399999998
-0.074778001,23.852541025323525,177.49344399999998
-0.626994628,24.572055204725043,177.49344399999998
-1.17296274,25.553179143060593,177.49344399999998
-1.308516838,25.897180474705003,177.49344399999998
-1.470625189,26.044964691140404,177.49344399999998
-1.669398425,25.92886123675994,177.49344399999998
-1.749040798,25.884578473830405,177.49344399999998
-1.845138148,25.71551698356451,177.49344399999998
-1.840579461,25.61117919281419,177.49344399999998
-1.779432671,25.483850070728558,177.49344399999998
-1.917601775,25.410325941678884,177.49344399999998
-1.821803306,25.581735308089417,177.16536000000002
-1.902376385,25.51069629329272,177.49344399999998
-2.109811951,25.7417687620865,177.16536000000002
-2.237105608,26.25190091318833,177.16536000000002
-2.458915031,26.595265175342014,177.16536000000002
-2.622752682,27.19162058592455,177.16536000000002
-2.757081293,28.764033730878793,177.16536000000002
-3.176670088,29.660887702090548,177.16536000000002
-3.372806987,30.821320383594227,177.16536000000002
-4.317677502,31.86679963046731,177.16536000000002
-5.322578133,34.43822752043043,177.49344399999998
-5.698922699,35.87929156973049,177.49344399999998
-6.601683602,37.173602431265365,177.49344399999998
-7.52983859,38.53900869564874,177.49344399999998
-8.235178876,39.90417742980996,177.49344399999998
-9.306020884,42.72631142891857,177.49344399999998
-10.34763935,44.01087609076543,177.49344399999998
-12.91944354,47.96812995096776,177.49344399999998
-15.2047561,48.87354149489293,177.49344399999998
-16.62310917,51.44049779410656,177.49344399999998
-18.96248517,53.71509557347922,177.49344399999998
-20.8209386,54.45515064150649,177.49344399999998
-23.77420331,54.42004996734196,177.16536000000002
-24.98369799,54.68199509863953,177.49344399999998
-23.84680086,53.483579204500195,177.49344399999998
-22.39424849,50.86921011445098,177.49344399999998
-20.97493476,48.95572610082625,177.49344399999998
-19.65185888,46.622312682683614,177.49344399999998
-17.70245944,44.201047123567555,177.49344399999998
-16.49807268,42.91504863541477,177.49344399999998
-14.05572107,40.09661808907538,177.49344399999998
-12.22080916,36.67807253088986,177.49344399999998
-10.86477288,34.97741440347276,177.49344399999998
-9.484029729,33.016214542789015,177.49344399999998
-8.156933935,31.197223053543905,177.49344399999998
-6.835356485,31.513175009868064,177.49344399999998
-5.811519265,29.344267305049044,177.49344399999998
-4.537881777,27.14802463757403,177.49344399999998
-3.030767714,22.301995355967314,177.821528
-1.902370952,19.878635730221554,177.821528
-1.15207133,17.567711497769963,177.821528
-0.512280368,15.378806580824811,178.14961200000002
-0.069294946,11.871648534034712,178.14961200000002
0.2918234738531256,9.288002270394344,178.14961200000002
0.4690258525302742,8.404475549821486,177.821528
0.5440166012740152,7.601358450851351,177.821528
0.6443868057821291,6.738089900759857,177.49344399999998
0.7008099602733784,6.438778154274444,177.16536000000002
0.8596167389200381,6.464090698056635,176.837276
0.8955607447716559,6.615643547131098,176.837276
0.9846322433547215,6.683569539522594,176.837276
1.017005325995956,6.79624402438827,177.16536000000002
1.0937245913658582,6.7315756694069835,177.16536000000002
1.0940599873391097,6.69013544526175,177.16536000000002
1.1472223724249677,6.364824968672325,177.49344399999998
1.0510154776191722,6.101844910060665,177.49344399999998
1.054079373375159,5.933477077836522,177.49344399999998
1.0141515337014555,5.65152562624616,177.49344399999998
0.9638514413667444,5.268797829270569,177.49344399999998
0.9535895609202492,5.155397311537597,177.49344399999998
0.9130755308921109,5.0034586517750705,177.49344399999998
0.9146399013374887,4.851243828765409,177.49344399999998
0.9128261188634923,4.82858194939951,177.49344399999998
0.9215906839972702,4.796284609941551,177.49344399999998
0.9145072931612315,4.834374376304875,177.49344399999998
0.9246631821747537,4.936789446247665,177.49344399999998
1.0049114699165664,5.5287393526593505,177.16536000000002
1.0606145017019042,6.052525086624908,177.16536000000002
1.1876623884654465,7.577769424530549,177.49344399999998
1.2260371980251235,8.664474470185809,177.49344399999998
1.4627599797732596,11.13620006437448,177.49344399999998
1.5133822731943232,12.476463085668684,177.49344399999998
1.320942357567098,12.498302617590008,177.49344399999998
1.25388336292062,15.386395262797299,177.49344399999998
1.2117441291602922,16.76815107520356,177.49344399999998
1.1337648250338548,18.042431833820935,177.49344399999998
0.7300395458245283,20.28923309429394,177.49344399999998
0.365618405261174,21.287806040562707,177.49344399999998
-0.098687298,22.343975693509922,177.49344399999998
-0.634234407,24.340295497917197,177.49344399999998
-1.187308824,25.293080555177472,177.49344399999998
-1.843223024,27.31902524378794,177.49344399999998
-2.14558508,29.485721307397824,177.49344399999998
-2.791285569,31.808571665946427,177.49344399999998
-4.142309373,34.189613028056314,177.49344399999998
-4.865813931,35.37956504588233,177.49344399999998
-7.95264827,37.38428910531443,177.49344399999998
-9.370683657,39.58040743948688,177.49344399999998
-10.71145766,41.48730050377676,177.49344399999998
-11.60487557,43.026445127647676,177.49344399999998
-12.37746939,44.00329609366981,177.49344399999998
-13.01826956,44.47028905368853,177.49344399999998
-13.04927949,44.26455914521932,177.49344399999998
-13.30624103,43.979630425436696,177.49344399999998
-13.37848242,43.61122016254797,177.49344399999998
-13.19192654,43.357065896815996,177.49344399999998
-13.30843196,42.98532462540224,177.49344399999998
-13.25026482,42.48325091967264,177.49344399999998
-12.89792496,42.59154444467781,177.49344399999998
-12.93063874,42.293181181027336,177.49344399999998
-12.71334032,42.47271960315599,177.49344399999998
-12.77572374,42.41459391233442,177.49344399999998
-12.81661548,42.40842473013479,177.49344399999998
-12.83058593,42.26330038220868,177.16536000000002
-12.18250187,41.02020654491595,177.16536000000002
-8.807306623,39.999534703765974,177.16536000000002
-7.133316775,36.29717232142105,177.49344399999998
-4.648973323,30.38289827737801,177.49344399999998
-0.027013149,26.1678674671359,177.49344399999998
0.3584117496202912,12.684143687875487,177.49344399999998
0.6052696851395177,10.4407713070696,177.16536000000002
0.4628383049832401,7.565251683747899,177.16536000000002
0.5570764738940531,6.896270255198325,177.16536000000002
0.6592771141713324,6.378981386582525,177.16536000000002
0.8531200237733113,6.496123491553653,177.16536000000002
1.043395499814093,6.468288801796492,177.16536000000002
1.307041342677968,6.742862117671556,177.16536000000002
1.481396613215641,7.160070433451524,177.16536000000002
1.744561837646026,8.021975872368794,177.16536000000002
1.9929770549386943,8.509057719355763,177.16536000000002
2.0090652882510325,8.523038377821708,177.16536000000002
2.086923334707693,8.468293593508655,177.16536000000002
2.1505364098148374,8.180345072530555,176.837276
2.1544850065937666,8.17930600429993,176.837276
2.0437515149348764,7.8326705475376475,177.16536000000002
1.8995454295728333,7.320626560989245,177.16536000000002
1.5618259854052554,6.09056718653633,177.16536000000002
1.3771802284905565,5.430522454114664,177.16536000000002
1.1320709635402102,4.767264339992847,177.16536000000002
0.9528866729705684,4.223601040618206,177.16536000000002
0.8356364679915651,3.88050109178623,177.16536000000002
0.8672484484718717,4.271143266907114,177.16536000000002
1.202882340784647,6.021715453528689,177.16536000000002
1.3966148746193565,7.2367752671440275,177.16536000000002
1.7727052328439077,10.044476057238793,177.16536000000002
1.5910798241046948,11.614159920462086,177.16536000000002
1.7889550597226391,14.841984269277319,177.16536000000002
1.9097128530240894,18.17807943034832,177.16536000000002
1.485243767988426,18.217673449337862,177.16536000000002
1.2080863317281918,19.98993949408405,177.16536000000002
0.8563418159257716,21.703651358344025,177.16536000000002
-0.14582189,23.50371506983139,177.16536000000002
-0.994292895,27.12413866935033,177.16536000000002
-1.89467916,28.969637785288192,177.16536000000002
-2.463199891,30.95892372450105,177.16536000000002
-4.224335655,35.05809175743072,177.16536000000002
-5.970235394,39.40594718436808,177.16536000000002
-7.65737388,41.46722635947513,177.16536000000002
-8.98170504,43.565402191985584,177.49344399999998
-11.34236798,47.56125681843725,177.49344399999998
-14.48853289,48.77412982618438,177.49344399999998
-16.07415476,50.26985016800725,177.49344399999998
-17.21455941,51.620634638313845,177.49344399999998
-18.86124567,54.01560150316645,177.49344399999998
-20.77056275,53.31055727402714,177.49344399999998
-21.77816754,54.07873727664386,177.16536000000002
-22.95072635,54.32892723757427,177.16536000000002
-23.95506069,54.821867526030374,177.16536000000002
-24.42316917,54.81756907150854,177.16536000000002
-24.69547293,54.6126306916232,177.16536000000002
-24.48048358,54.35078826457668,177.16536000000002
-24.82166633,53.87557702256973,177.16536000000002
-24.24277974,52.52431874578601,177.16536000000002
-23.84883915,52.022993210061685,177.16536000000002
-23.07005103,50.73863355525201,177.16536000000002
-22.43877824,50.084800457013614,177.16536000000002
-21.69918936,48.22740430424589,177.16536000000002
-20.45833352,47.51868448137973,177.16536000000002
-19.64201384,46.54884196811829,177.16536000000002
-18.27925941,45.645594581649,177.16536000000002
-16.98833261,44.6384060340984,177.16536000000002
-15.11538226,42.049504257823216,177.49344399999998
-13.98207327,40.69935248575661,177.49344399999998
-12.80885019,39.33445973017901,177.49344399999998
-11.75873266,37.78752904160022,177.49344399999998
-7.695524949,33.2570840491612,177.49344399999998
-5.924368489,28.63008070372015,177.16536000000002
-5.273047912,27.582043482185682,177.16536000000002
-4.488952265,26.636701663186155,177.16536000000002
-3.40376536,25.147994049239486,176.837276
-3.137501526,24.527274764840268,176.837276
-1.985936927,23.90304409678858,176.50919199999998
-1.549701279,23.306081027362712,176.50919199999998
-1.224116615,22.618705022146585,176.50919199999998
-1.160324702,21.97447284675532,176.50919199999998
-0.776917148,20.59473483280719,176.837276
-0.350614322,19.888708322890317,176.837276
-0.081052579,18.55500729260397,177.16536000000002
0.0862661118079002,17.475706271660776,177.16536000000002
0.374407559788969,17.06380687012898,177.16536000000002
0.3570639437442081,16.817667159294036,177.16536000000002
0.5962339350921794,17.063340087511712,177.16536000000002
0.7281455969966423,18.19261971764125,177.16536000000002
0.609412594662104,19.121985085636666,177.16536000000002
1.3031308916042368,21.690681285158956,177.16536000000002
1.4020380649463295,23.341033858444767,177.16536000000002
1.5267911672132315,27.2149827535321,177.16536000000002
1.8146719064778318,29.303051789892766,177.16536000000002
1.9575207240131403,31.57090108255372,177.16536000000002
2.2566932149538244,35.774366697748384,177.16536000000002
-15.89397143,54.11819088092242,209.97376
-16.16776732,53.886671663057754,212.27034799999998
-15.65245792,53.6750777697921,214.566936
-14.6417716,53.3837954318953,216.207356
-14.38610786,52.65781986637662,216.53544
-14.13448012,52.154727486066875,216.53544
-13.81367068,51.63360408073442,216.207356
-12.92168954,49.07537880582963,215.87927200000001
-11.77416006,48.17455055144761,216.207356
-10.63628336,45.3541489540281,217.519692
-9.271727398,42.34660476939566,219.488196
-8.593269023,42.48947624916847,219.488196
-7.826420413,40.8692492188435,220.47244799999999
-6.819028048,39.34921520150598,221.12861600000002
-5.608390756,36.090123860683505,223.09712000000002
-4.511589627,34.61669039855234,224.08137200000002
-3.681722756,33.214219576413946,225.393708
-2.626841047,32.062225390389415,226.706044
-1.831758303,30.33056525954372,229.33071600000002
-1.160586877,30.363655338993976,229.33071600000002
-0.595165594,29.429514911761554,231.955388
0.009383596794893184,29.127000728483463,232.93964
0.2344591939055617,29.048300153509786,236.876648
0.7959430661729175,28.952743416995155,235.564312
1.179203005107467,29.015222145755793,234.25197599999998
1.1542387281401991,29.22807194740515,239.50132000000002
1.4233582126392244,29.301014305801917,240.813656
1.3146746766136514,29.306091831647684,240.813656
1.1394535286854965,29.371542169642062,253.60893199999998
1.4246519895281449,29.4494525476409,251.968512
1.571656722776249,29.541490818093298,244.750664
1.5502826735110498,29.473660394876816,250.328092
1.6479770395303042,29.522774835272006,248.68767200000002
1.7168519297468967,29.28978558590218,255.24935200000002
1.715946859865419,29.399441553160216,242.125992
1.5977184422452821,29.12671843130852,258.530192
1.7480585588009456,29.014549203166904,259.84252799999996
1.6603205317462253,28.85049376827625,263.123368
1.6580537393918222,28.81457385975354,264.10762
1.6620214599257757,28.850527278625364,265.419956
1.5066169744465387,29.32921018822476,267.38846
1.7773664665564475,29.664749303740187,268.044628
1.7668040109470995,30.147321531079896,268.70079599999997
1.8609533361678379,30.641738238245328,269.356964
1.8998159703520106,31.281635349460533,269.356964
1.9158998924562036,32.69910484361965,269.356964
2.093603115740212,33.44240599958091,269.356964
1.979522544296106,34.29593907743047,269.356964
2.1673716346475755,35.12413958057991,269.356964
1.8282621563591153,36.04520038666637,269.356964
1.4594825481864764,37.88134517501466,269.356964
1.5817333435146255,39.80881306296328,269.685048
1.1928121971951735,40.86579890477682,270.013132
0.8549372827122875,43.13162096418962,270.013132
-0.0144366,44.33497281953714,270.34121600000003
-0.925511131,45.60806593332358,270.34121600000003
-1.89612809,46.88753054596145,270.34121600000003
-2.034894603,48.31182443825045,270.34121600000003
-3.100892568,49.722300688659665,270.34121600000003
-3.939030051,51.2576645355546,270.34121600000003
-5.12084739,54.37983040025217,270.34121600000003
-6.836939628,56.990975348300985,270.6693
-7.75279322,58.07204717824148,270.6693
-9.482997256,59.6900595129332,270.34121600000003
-10.26187223,60.324339644378284,270.34121600000003
-10.81081036,60.877265419201464,270.34121600000003
-11.27696121,60.765279053663775,270.34121600000003
-11.6688115,60.701272792399756,270.34121600000003
-11.75965786,60.25525507484924,270.34121600000003
-11.85287795,59.61860778996067,270.34121600000003
-11.86984773,59.25791872561345,270.34121600000003
-11.83383845,58.91513014237334,270.34121600000003
-11.70300802,58.57695694765337,270.34121600000003
-11.60933719,58.19084207726982,270.34121600000003
-11.64119399,57.78860990757448,270.34121600000003
-11.11627859,57.395693411853806,270.013132
-10.89791541,55.9291222708059,270.013132
-10.49705563,54.70140349549826,270.013132
-9.536311738,53.377594806475614,270.013132
-9.032064789,52.62023246549305,270.013132
-8.260785958,52.74681482734192,270.013132
-7.907364432,51.95419454750858,270.013132
-6.882250348,49.423716241004655,270.013132
-6.225089238,48.63405882968984,269.685048
-5.139464271,46.97427621928464,269.685048
-2.796554822,45.425154152755205,269.685048
-2.138279258,45.460896498938496,269.685048
-1.232747328,44.700854254702904,269.685048
-0.078730725,42.72105743355424,269.685048
0.35504355650772423,41.663514821905544,270.013132
1.500406021009262,41.404254857252106,270.34121600000003
2.2031406898688597,41.03703285451037,271.325468
5.7654898672484745,40.3440530235367,272.30972
5.916073494145901,38.12275798462819,277.55906400000003
6.375963311709928,36.07640422547387,282.480324
6.510202354454756,35.74032559784899,283.46457599999997
6.772820955682523,35.27932660221625,285.43307999999996
6.880651826815851,35.14345781429452,287.40158399999996
7.3063704022556255,35.121766760539856,288.385836
7.38386518655725,35.246019521121916,290.682424
7.689954062650327,35.33463627637901,293.307096
7.9270465212504515,35.34609013548317,294.61943199999996
7.88786122505721,35.45670197459661,295.93176800000003
8.057814781373903,35.517716427496694,297.244104
8.038061039331538,35.74282340162904,299.86877599999997
8.100337283924121,35.87441250192045,302.165364
8.304364614483436,35.861410555445296,303.4777
8.302516433136502,35.89585060149661,304.790036
7.727871988428365,36.024941241680146,306.102372
7.964541933666408,35.97335776269588,306.102372
7.8420022346110105,36.024109268935185,307.08662400000003
7.596324973961688,36.321431978738,312.33596800000004
5.1598713373607055,37.191674227328804,311.6798
6.288151239749579,36.95205816886353,313.32022
6.985331452451909,37.81796097646213,313.648304
7.97093522738209,39.25366859910715,313.32022
8.61973120182467,41.522219781698524,313.32022
9.454149091949258,42.34894501664803,313.32022
10.267926018444578,43.27524929751611,313.32022
11.565586054252377,45.57948274237808,312.99213599999996
12.49456630148042,46.835784612375804,312.99213599999996
14.706756426262064,49.5567228612956,312.99213599999996
16.18682528245333,50.96842207130247,312.99213599999996
17.48646485699792,52.545698274967904,312.99213599999996
18.88303397091575,54.20814229710742,312.99213599999996
21.315196051018198,58.14254210984237,312.99213599999996
24.943341738549798,61.90909080734154,312.99213599999996
27.52655266947022,63.6895867975035,312.99213599999996
31.326979020793708,68.09933947766879,312.99213599999996
33.80113055927051,70.17444399127099,312.664052
38.440912356087956,74.72231008451408,312.664052
40.74605808022657,77.04998591971304,312.664052
44.32799180321238,78.79016199709442,312.99213599999996
48.208589672434435,82.75919737577826,313.32022
51.26365095290024,83.76279964368992,313.648304
54.16103745975511,84.81212043791913,313.648304
57.132878346637746,85.40336348692621,313.648304
58.98822195501188,84.13257367772606,313.648304
60.1590553176062,83.29938983176855,313.648304
61.94208285866711,84.5859860466082,313.648304
68.92624405811283,90.70942038636825,312.99213599999996
71.11519573492562,91.32323251874412,312.664052
73.47391251637865,91.61393417678741,312.33596800000004
74.5027882359436,91.1905228015496,312.33596800000004
74.54333846673977,90.21880220793734,312.664052
74.35989094646018,89.57242091494615,312.664052
75.6813389258746,90.37191757046567,312.33596800000004
76.06807140583719,89.7922362491889,312.007884
75.44302329362552,89.18826183125547,312.007884
75.27030618696942,88.46096067058657,312.33596800000004
74.04848262685223,87.27159620818595,312.33596800000004
73.31634212529795,86.59503099730264,312.664052
73.11639634069024,86.76392108594818,312.664052
72.42552305238746,85.9165452288005,312.664052
71.23660705403974,85.47171049266088,312.99213599999996
70.28465440177796,84.70801040982943,312.99213599999996
68.14579903638423,83.30368120373365,312.99213599999996
66.50596298604385,83.01494729621545,313.32022
64.0689106964612,81.32074104418858,313.32022
60.26398927852546,78.08465802874731,312.99213599999996
58.672714552660274,77.09730968706643,312.99213599999996
56.91693024432556,76.04707322143814,312.99213599999996
54.109572576117856,73.18565787668437,312.99213599999996
49.64247924507495,68.412393853586,312.664052
47.33493726257564,67.21440355595315,312.664052
45.2542983069459,65.78537155810407,312.664052
44.30191521664587,66.43046691412741,312.664052
43.35140122890392,67.05462428335903,312.664052
39.15849471956463,63.87606718521657,312.664052
37.298552132262415,62.02462373324403,312.664052
34.89142951297483,60.43215742908746,312.664052
31.68923956509736,56.12102535942131,312.664052
28.97614448488286,54.52188066153676,312.664052
26.874582147271067,52.55187852101141,312.664052
24.05202692088867,47.87636604055605,312.664052
23.04740304214821,48.36800220461084,312.664052
19.7951271361455,44.023674445295434,312.664052
17.182816851780466,42.271392135924145,312.664052
14.255127320657918,38.665220926224244,312.664052
10.748929390840951,34.71209225370734,312.664052
9.830046141413892,33.868710305494744,312.664052
8.826244992236264,32.88229436415088,312.33596800000004
7.630454896742505,33.03472749046613,312.33596800000004
7.196538261321134,33.32095611983894,312.33596800000004
6.558920919361963,34.014144959912876,312.33596800000004
6.058062076756118,36.132476970894736,312.33596800000004
4.752107153651999,37.8170964077041,312.33596800000004
3.8216673154102447,39.67562132822592,312.33596800000004
2.732044717253236,41.7486303780703,312.33596800000004
2.1758509652150164,43.96095116473264,312.33596800000004
0.16165719944851503,48.712331742191964,312.33596800000004
-1.015846109,53.415211714333985,312.33596800000004
-2.279353429,55.75264005740076,312.664052
-3.69283299,59.621312096727834,312.99213599999996
-5.560165831,62.976482901268,312.99213599999996
-8.12009403,64.21931555684232,312.99213599999996
-10.91869827,66.57281907074574,312.664052
-14.57739588,68.96202485748962,312.33596800000004
-16.1559011,70.65410664367637,312.007884
-16.38969777,71.07573136021381,312.007884
-17.01701477,71.03139229790713,312.007884
-16.92407327,71.06371187932217,312.33596800000004
-16.77101719,70.88086385077195,312.33596800000004
-16.67265343,70.68868468325434,312.33596800000004
-16.60597153,70.36462880368904,312.33596800000004
-16.9644103,69.88716662510238,312.33596800000004
-16.18611153,68.97941959282542,312.33596800000004
-15.7006895,67.64673146746674,312.33596800000004
-14.92212529,66.95442010366246,312.007884
-13.88056136,65.22508942196566,312.007884
-13.54125274,64.2170941892454,312.007884
-12.88457343,63.176545981648204,312.007884
-12.5833955,62.034862179659584,312.007884
-11.80252896,60.90735688252112,312.007884
-11.26123462,59.698799353442325,312.007884
-9.894156051,58.547819563606545,312.007884
-8.650536505,54.432390741094615,312.007884
-6.778070138,50.083452170288005,312.007884
-1.462058001,47.53460864210791,311.6798
0.6644594328210364,41.08222664433591,311.02363199999996
0.9133001115614408,40.30067756503434,311.02363199999996
1.5504042255972084,38.850967751791835,311.351716
1.5427347640348343,38.210996623925695,311.351716
2.2457608634284436,37.00738209373034,311.351716
2.4248381516144906,36.474935114790895,311.351716
2.819230988006673,35.30461065923543,311.351716
3.7571948666776547,34.795442361076454,311.351716
3.830073853345458,34.63698145805504,311.351716
4.534191161492374,34.62995062630429,311.351716
4.767420445535468,34.71485568522383,311.351716
5.781820278577324,34.71438741932878,311.351716
5.907273614772815,34.85931858445447,311.351716
6.317682849196133,34.78728010565438,311.351716
6.920194092250891,34.67245141979234,311.351716
7.123064161853498,34.92571559491375,311.351716
7.299564267693532,35.002204203513486,311.351716
7.370374360801136,35.00680855932125,311.351716
7.530071568413776,34.64686680778484,311.351716
7.458298973570312,34.38513870548217,311.351716
7.4870122294591726,34.105192562206305,311.351716
7.281454855889054,33.79870014262235,311.351716
6.932662675085948,33.18114087659371,311.351716
6.636150090575836,32.612511203220215,311.6798
6.490712204776933,32.390181498585534,311.6798
6.261989628660212,32.10401369074555,311.6798
6.1298027147898475,32.067588911611026,311.6798
5.963552957722768,32.18834868526292,311.6798
5.628401819475345,32.424906759079946,311.6798
5.453002224771767,33.11273167676654,312.007884
5.044882850212432,33.67008613969293,312.007884
4.547061002084611,35.08750191894141,312.007884
3.8479624760886644,36.041891164850306,312.33596800000004
3.318745259393593,37.080126734579984,312.33596800000004
2.8781939122318034,38.2392772000869,312.33596800000004
2.3880950342150147,39.50169925665958,312.33596800000004
1.5787354261599282,40.9361054195921,312.33596800000004
0.934142302641811,44.12758221990415,312.33596800000004
0.18489172614748642,47.868738951653846,312.33596800000004
-1.170768454,49.9219706149979,312.33596800000004
-2.281346408,54.44960574764887,312.33596800000004
-2.848409572,56.90809167836178,312.33596800000004
-3.886016639,59.458121388804244,312.33596800000004
-5.602587094,59.32099411049487,312.33596800000004
-8.077012386,61.79293026668392,312.33596800000004
-10.47374472,64.31083651579125,312.33596800000004
-13.40729225,69.87329881875425,312.33596800000004
-15.78721838,72.59050985864373,312.33596800000004
-18.31328731,78.68941069013312,312.33596800000004
-22.0313941,81.17935841561693,312.33596800000004
-25.84241542,87.02420266724329,312.33596800000004
-29.67751555,92.27578595864934,312.664052
-31.73409237,94.61628558592759,312.99213599999996
-37.15412117,98.15837288540801,312.99213599999996
-40.82903204,101.40956179024708,312.664052
-43.88511208,102.07921224732694,312.664052
-46.21221098,103.00527541520766,312.33596800000004
-48.13758339,103.70937872341507,312.33596800000004
-50.43988803,104.21148605063446,312.33596800000004
-52.3599122,104.50086214725174,312.33596800000004
-52.89566626,105.43090619866618,312.33596800000004
-54.864168,106.07834405482556,312.33596800000004
-56.63281932,105.64381968161523,312.33596800000004
-57.81602806,105.59045501778307,312.007884
-58.33999616,105.37011977462957,312.007884
-58.82933903,104.77310219234938,312.007884
-58.71091641,104.49643750677636,312.007884
-59.022104,103.85481851537313,312.007884
-57.82479827,103.99908678387948,312.007884
-57.04684801,103.10547538421707,312.007884
-56.9158405,102.34900373201194,312.007884
-57.05907161,101.3763943467244,312.007884
-56.19356284,100.8848857304132,312.007884
-53.68982148,100.03625078330548,312.007884
-53.19909246,99.10847848512563,312.007884
-51.89985565,98.4317472378563,312.007884
-50.54165002,96.22247473268182,312.007884
-48.38836791,95.77186887846584,311.6798
-46.2963686,93.37392885113245,311.6798
-45.1985239,92.03810537433739,311.6798
-42.22458688,89.51909330072412,311.6798
-40.79558097,88.0814784198724,312.007884
-37.74093024,82.54000617914073,312.007884
-35.91855515,80.8937083038954,312.007884
-32.88037313,77.01276391104408,312.007884
-29.2984315,73.0241377308523,312.007884
-27.79623282,70.78843303581503,312.007884
-16.74732715,71.44495064515829,312.007884
-13.89443745,63.59062386047142,311.6798
-10.7349218,55.803950806427444,311.6798
-8.72347933,50.70985843290597,311.6798
-6.598139164,48.393473189691385,311.6798
-4.305065704,43.57064198827582,311.6798
-3.174122245,41.44984014759773,311.6798
-2.095802198,36.9875882854049,311.6798
-1.018788079,34.92444910463347,311.6798
0.04660123902612233,33.053117808720856,311.6798
1.0943127427140817,30.197961790632334,312.007884
1.8808943996658953,29.311565751575404,312.007884
2.8333050023585216,28.814680391192645,312.007884
3.7608865195049503,28.704839041137664,312.007884
4.154590261462111,29.86818007954061,312.007884
5.640228041888408,30.744997717768346,312.007884
7.3900628214680975,35.061671125834906,311.6798
8.78487728120955,36.58202373746204,311.6798
9.814137274837336,36.31943335357527,311.6798
11.363149155446498,37.85903942418923,311.6798
15.899732882396332,44.14385698338383,311.6798
21.500364037008424,47.4280205573793,311.351716
25.734136843306857,53.030320067122624,311.351716
27.585593951784848,55.11374679495427,311.351716
28.335366014380504,55.92891446267113,311.351716
29.612232641840937,56.039092469853216,311.6798
29.803526496741963,55.937590359589755,311.6798
30.19689267564906,55.834414039405296,311.6798
29.84921286926886,55.51012409220895,312.007884
29.935741292947714,55.03849480891383,312.007884
29.718781823250218,54.64969673672079,312.007884
29.011878779253788,53.62750855765822,312.007884
29.081218448376656,53.58993858889576,312.007884
28.790111221810562,53.74689088905142,312.007884
27.943408902422053,52.36806542590423,312.33596800000004
26.768465834246577,50.778964479505994,312.007884
25.101562956487882,47.69148845921263,312.33596800000004
23.08513081976625,46.05780113715453,312.33596800000004
23.17120928334315,46.01455607634291,312.33596800000004
22.97578398459246,46.11244583459805,312.33596800000004
22.52399294877629,46.33480389727435,312.33596800000004
22.360248340602766,46.414045338689945,312.33596800000004
20.543074161158824,43.77717269009524,312.33596800000004
19.86586938386359,43.03098587261891,312.33596800000004
19.16846278096811,41.67294437745519,312.33596800000004
18.49719994159224,41.38582321438443,312.33596800000004
17.967452542515716,40.98777327282715,312.33596800000004
17.72280330573828,40.697249504274794,312.33596800000004
16.996889482357776,40.371407311519164,312.664052
16.552115822134684,40.30692363898657,312.664052
16.308597557259816,40.31760379288013,312.664052
16.16284309017961,40.24193493835334,312.664052
16.151869760882207,40.18411453030681,312.664052
16.111483768459955,40.184418187006536,312.664052
16.1038769749023,40.17898440155082,312.664052
16.06608090433814,40.19411257308853,312.664052
16.026559455657303,40.20988725645887,312.664052
15.971430013273261,40.16862440105675,312.664052
15.881317027173228,40.09919820136557,312.664052
15.826946849479565,40.001103258667314,312.664052
15.830954027848005,39.94129232073029,312.664052
15.808788811233155,39.80431254732804,312.664052
15.717425193266415,39.693368150245256,312.33596800000004
15.66351129315033,39.56898156850302,312.33596800000004
15.683162430744728,39.48283733249217,312.33596800000004
15.645065073935735,39.44712917140217,312.33596800000004
15.586822640905845,39.4045619834744,312.33596800000004
15.581158808986325,39.391278331893716,312.33596800000004
15.606904133182658,39.384967054119564,312.33596800000004
15.585853665327399,39.417646326217515,312.33596800000004
15.536101679431605,39.416829201612025,312.33596800000004
15.54399904857384,39.410541446627775,312.33596800000004
15.583113758688183,39.46811603828486,312.33596800000004
15.545234003406332,39.50596894332461,312.33596800000004
15.576995400613386,39.438432912828276,312.007884
15.564552973379385,39.355155774808956,312.007884
15.52719387219775,39.2658518036008,312.33596800000004
15.50069333115768,39.20330062804331,312.007884
15.470351402369516,39.17048883721076,312.007884
15.467625533641197,39.19590304241682,312.007884
15.484793062731987,39.295287471051935,312.007884
15.804977833077698,40.14345258221584,312.007884
16.132876561059387,41.2134433559466,312.007884
16.332292868019845,41.88262274067278,312.007884
16.816873791406756,43.3374097715417,312.007884
17.047231772813518,43.24731458375882,312.007884
17.133228500081355,43.21331751886936,312.007884
17.26080130991488,44.06016572070033,312.007884
17.495330152535747,44.89702894980841,312.007884
17.87218074307781,45.61311815603366,312.33596800000004
17.887504841780665,46.915656194783,312.33596800000004
17.683954645188436,47.643169673709856,312.33596800000004
17.41570522920797,47.62766489612532,312.007884
17.064276261878394,47.34338865977394,312.007884
16.46283849092421,46.51201962476719,312.007884
15.061928589107819,45.5331315277687,312.007884
14.525070238205684,44.178044989180904,312.007884
13.896568958366812,43.0119325641721,312.007884
13.059640411464366,42.21197224909959,312.007884
12.414321389515058,42.02528171236031,312.007884
11.596738008180624,42.03633824772503,312.007884
11.02244840283651,42.07424399351033,312.007884
9.926755005465747,42.43206884373143,312.007884
9.689528216575486,43.09237193160014,312.007884
9.062758140944968,43.708114911412814,312.007884
8.618810282500418,44.5094942368909,312.007884
8.074859161451375,47.739228624275725,312.007884
7.318378605886921,47.861034617933605,312.007884
6.200783819979208,49.40008565822645,312.33596800000004
4.905625860845854,54.31204286459576,312.33596800000004
4.275172329418014,56.08434208637865,312.33596800000004
2.9158803557703097,61.46795342225546,312.33596800000004
-0.62691148,64.93496802736853,312.33596800000004
-2.545621067,64.88807983060967,312.33596800000004
-3.427506397,66.42738305280328,312.33596800000004
-4.603006396,67.95057484039981,312.33596800000004
-6.789781116,72.21431647072906,312.33596800000004
-8.517956561,73.39847338301676,312.33596800000004
-10.67284306,76.40382904260045,312.33596800000004
-12.96617204,76.93438003733901,312.33596800000004
-13.65406157,77.46831881409541,312.33596800000004
-14.2208743,77.91995450820605,312.33596800000004
-15.39207586,78.24518940624358,312.33596800000004
-15.76758648,78.30090916104717,312.33596800000004
-15.88074105,78.1822920547354,312.33596800000004
-16.21187749,77.95915306562468,312.33596800000004
-16.07270706,77.72364771426295,312.33596800000004
-16.6060328,77.61144890398407,312.33596800000004
-16.49722695,77.31195652717749,312.33596800000004
-15.60885618,76.63857978685883,312.33596800000004
-15.54081651,74.87936335914199,312.33596800000004
-14.95880163,73.47434277552142,312.33596800000004
-14.3548016,71.82131280695968,312.33596800000004
-8.369604619,70.85119908054028,312.33596800000004
-2.856668836,54.34262014465648,312.33596800000004
-1.896936284,54.384580110160684,312.33596800000004
-1.442335468,54.39853480950928,312.33596800000004
-1.588712032,53.2105417927766,312.33596800000004
-0.17584139,50.71032667012824,312.33596800000004
0.09972669370644495,48.303048202016285,312.33596800000004
1.0448935820957364,47.115713128513285,312.33596800000004
1.5293110787319941,44.897191242784295,312.33596800000004
1.6931324666095973,43.84724523955973,312.33596800000004
2.4439500109853936,41.90221526187584,312.33596800000004
2.673341421753698,40.26963028295967,312.664052
2.8628751854792958,39.62604907443357,312.664052
4.008285117982927,38.69485489509771,312.664052
4.532790274499533,38.46052091532572,312.664052
5.333412206649843,38.36398601126941,312.99213599999996
6.152789551545829,38.36773058402026,312.99213599999996
7.079392699118151,38.840745025609486,312.664052
7.891553542263767,38.68390696171109,312.664052
8.415790624476452,39.00129218093313,312.664052
8.92790364319495,39.38361530942575,312.664052
9.516767357204262,40.346209506967945,312.664052
10.631810789054171,41.08125407269266,312.33596800000004
11.03443729253477,41.40120966740534,312.33596800000004
12.006179324579001,41.50164566160914,312.33596800000004
12.524208047125786,41.83070049401221,312.007884
12.755289151695298,41.760817636680535,312.007884
13.179142492049507,41.70538935067481,312.007884
13.196711035691044,41.76968482124652,312.007884
13.462601456650619,41.633028244024395,312.007884
13.657825143793277,41.45645305830403,312.33596800000004
13.658584023174543,41.479691773948744,312.33596800000004
13.831427626060833,41.39020837790671,312.33596800000004
13.850235040343359,41.360738043395536,312.33596800000004
13.964391251723882,41.48022312674047,312.33596800000004
13.958507731398608,41.79432122665466,312.33596800000004
14.104949284935737,41.899896409494275,312.33596800000004
14.26830407510951,41.92738728327811,312.007884
14.244801472351138,42.04277750600518,312.007884
14.263570198214254,42.02255518015252,312.007884
14.17059360395256,41.70521803223091,312.007884
14.22508440252582,41.68666343023049,312.007884
14.057343593262797,41.350413746402154,312.007884
13.358824059845391,39.68387924616211,312.007884
12.459759353726996,37.23264780398452,312.33596800000004
11.469723403181197,34.60301347301179,312.007884
11.215975614225407,34.686092131862004,312.007884
11.0248833793948,34.74730266984277,312.007884
10.711556794536277,34.84516677239961,312.007884
10.355336885442123,34.95268365015654,312.007884
9.910247445336543,34.11531416382967,312.007884
9.0404779379369,33.446041670857916,312.007884
8.415959379759784,31.977337370143257,312.007884
7.577726687060077,31.525188016973477,312.007884
6.929238093196245,30.751590991020837,312.007884
6.384962574587498,30.62065871352445,312.007884
6.03367014693552,30.702812299794072,312.33596800000004
5.645627466722279,31.002154669638525,312.33596800000004
5.101717083491644,31.467434420358245,312.007884
4.5458358413398745,32.66221403650628,312.007884
4.4393416732373225,34.22609179377043,312.007884
3.839027675751475,35.1786125451789,312.007884
3.16761431923485,36.2789720273587,312.007884
2.654532035392746,37.24772238386456,312.007884
2.325587274234501,37.26970628999228,312.007884
1.162845793415072,39.43200586480774,312.007884
0.18440210443940874,40.57340115748009,312.007884
-0.28923918,42.796596155122536,312.007884
-1.166658496,43.88082063673653,312.007884
-1.864932431,45.00205805964626,312.007884
-2.843536184,47.44570779391345,312.007884
-3.580090983,48.71014971311144,312.007884
-4.658176502,51.753058876502635,312.007884
-5.63403365,53.35625687638557,312.007884
-6.468115435,55.11982564879875,312.33596800000004
-7.81899334,58.86883717188852,312.33596800000004
-9.102960259,60.69519061998143,312.33596800000004
-10.67000343,62.5046099870108,312.33596800000004
-12.48819235,66.12672391579503,312.33596800000004
-13.24785114,65.97873145319274,312.33596800000004
-15.62822427,67.33853372108628,312.33596800000004
-16.92018226,71.59200144086732,312.33596800000004
-19.14342725,74.58406129588565,312.33596800000004
-22.82067762,75.61189752648498,312.33596800000004
-23.22474486,75.71322810839699,312.33596800000004
-23.59670809,75.89983938283846,312.33596800000004
-24.4445208,75.74792643512994,312.33596800000004
-24.53940971,75.74276031506056,312.33596800000004
-24.41732977,75.744975786344,312.33596800000004
-24.69940194,75.57718916946891,312.33596800000004
-24.66148404,75.45876543958958,312.33596800000004
-24.67700543,75.45507170255408,312.33596800000004
-24.68394892,75.25152631174333,312.33596800000004
-24.20824899,74.79818402384564,312.33596800000004
-24.11202293,74.37826811912092,312.33596800000004
-23.70669571,73.20148439818351,312.007884
-23.4142252,72.48058646170489,312.007884
-22.33590955,70.99483263949855,312.33596800000004
-21.85074838,70.17207397379072,312.33596800000004
-20.48776017,67.58049391736299,312.33596800000004
-18.87781667,64.33646897463916,312.33596800000004
-15.23328261,62.99739136046525,312.33596800000004
-11.96279723,60.45272822853684,312.007884
-11.27323576,58.48644640657391,312.007884
-10.45905914,58.16355816696448,312.007884
-10.27587835,57.244125163404256,312.33596800000004
-10.19120501,56.81299802284512,312.33596800000004
-9.079157215,56.16592943486112,312.33596800000004
-9.529778751,55.69184694816377,312.33596800000004
-8.648949493,55.835420408684534,312.33596800000004
-7.888769759,55.570807027214315,312.33596800000004
-7.336492451,54.236035382041784,312.33596800000004
-7.159327915,53.53919354962158,312.33596800000004
-7.073063902,53.11147835803872,312.33596800000004
-6.893201568,52.124263686518205,312.33596800000004
-6.623906353,51.58929065362926,312.33596800000004
-6.507996309,51.604040825982665,312.33596800000004
-6.225816246,51.63884446416947,312.33596800000004
-5.546550504,51.130487407551946,312.33596800000004
-5.174929008,49.94060534894974,312.33596800000004
-4.832791096,48.72713562503325,312.33596800000004
-4.739918734,48.132006422416474,312.33596800000004
-3.962416626,47.041090344891664,312.33596800000004
-3.504238535,46.541823354961195,312.33596800000004
-3.156491546,45.55547554909175,312.33596800000004
-2.902250392,44.62356977803533,312.33596800000004
-2.562110731,44.18529542594685,312.33596800000004
-2.406217405,43.75804039297285,312.33596800000004
-2.151615593,42.8061971752876,312.007884
-2.028875588,42.25118549837602,312.007884
-1.41341734,41.64728394212001,312.007884
-1.344929914,40.97169944495567,312.007884
-0.476904047,39.50368435807011,312.007884
-0.062091826,38.713534126142434,312.007884
0.8993354735301178,37.949976446016244,312.007884
1.14896700301301,36.5767759417491,312.007884
1.3819252240735316,35.682240613541595,312.33596800000004
2.0596470771650615,35.469122306176594,312.33596800000004
2.3405735690414797,35.44939087471732,312.33596800000004
3.0191561615322784,35.59693315198052,312.33596800000004
3.909151451448346,35.871287116512256,312.33596800000004
4.745671934089499,36.30565231134019,312.33596800000004
5.667452600610362,36.85882448218895,312.33596800000004
6.439989922791536,37.54852371697374,312.33596800000004
7.790844925688752,39.29248414568146,312.33596800000004
8.517110006557058,40.309498770418664,312.33596800000004
9.547048308722522,41.29327043696109,312.33596800000004
10.600989012815788,43.78717580896467,312.33596800000004
13.290777871419328,46.08945991833426,312.007884
14.452461228171174,47.29000589719945,312.007884
16.201704296286668,49.76674755419733,312.007884
17.374175852766136,50.93525361306428,312.007884
18.856872217578044,53.74183162648368,312.007884
21.15549826578577,54.584398964061045,312.007884
23.023596221897737,56.9948439557593,312.007884
24.55277993112283,57.80089583844687,312.007884
25.744457066559523,58.51522454655259,312.007884
27.519618670208562,59.808395997985265,312.007884
28.441331554656326,60.12849306897396,312.007884
29.01508711412171,60.51407149580825,312.007884
29.478315972168183,60.658047536828086,312.007884
30.086770780331836,60.542898600525476,311.6798
30.032408884457634,60.56988330464645,311.6798
30.53887261902496,59.977230237375544,311.6798
29.944362923088555,59.28476487695127,311.6798
29.596427364089262,58.799561281281704,311.6798
28.881691027485914,57.63343802275149,312.007884
28.233992806600586,56.14032011016949,312.33596800000004
27.293084294019298,55.62852429930593,312.33596800000004
27.494609530009505,55.529196039482,312.33596800000004
26.717036053020568,54.82955111883767,312.33596800000004
25.989554111846168,54.09105875399322,312.33596800000004
24.257665050619835,51.20046153664286,312.007884
23.6537478791194,50.19184267236509,312.007884
22.622748577457234,49.2628255184328,312.007884
21.81107337163723,48.2424455707029,312.007884
20.197928158835094,45.95433152679392,312.007884
19.063759200790457,44.85514800162432,312.007884
18.057032474724576,43.682728255696645,312.33596800000004
13.240175301975256,40.515485836486484,312.33596800000004
11.472632900476386,36.29559159974467,312.33596800000004
10.154931084368325,33.84294732834306,312.33596800000004
8.963877726706198,32.89537151199873,312.33596800000004
8.124540229576553,31.995753789719036,312.33596800000004
6.892067897410893,30.698008485005335,312.007884
6.06475033404117,30.470484344175162,312.33596800000004
5.566910736679523,30.70657697885297,312.33596800000004
4.496286209870872,31.46660590102248,312.33596800000004
4.2803009749001735,33.71395525335929,312.007884
3.4073774161278223,37.336311794117556,312.007884
2.578700760518515,39.59821209226174,312.007884
1.8691489634157359,44.78187638740093,312.007884
0.3065736060002363,47.708990283198354,312.007884
-1.125751002,50.777550312289186,312.007884
-2.364746507,53.929808507098436,312.007884
-4.285805067,57.256819439670615,312.007884
-6.429684632,60.01714015472403,312.007884
-8.597265159,62.77359057075692,312.33596800000004
-12.18945547,67.80078035601235,312.664052
-14.33720413,72.49215021628298,312.664052
-17.27114249,76.2475245443584,312.33596800000004
-21.15986151,80.34839285596536,312.33596800000004
-26.70257253,80.15440234706139,312.33596800000004
-28.33619171,80.72110559847128,312.33596800000004
-30.32987517,82.65423818728387,312.33596800000004
-30.92613788,82.95490627851088,312.33596800000004
-31.63087725,83.34670027129822,312.33596800000004
-31.78705487,83.41331851630946,312.33596800000004
-32.40522755,82.99692507133558,312.33596800000004
-32.89432075,82.55183493547209,312.33596800000004
-32.91400653,82.17972344878643,312.33596800000004
-32.45129578,81.43222887655925,312.33596800000004
-32.29149231,80.96084637055088,312.33596800000004
-31.85581829,79.788144839347,312.664052
-31.58187652,79.05674122297583,312.664052
-30.33817973,77.70344975333153,312.33596800000004
-28.86926017,77.25457764806914,312.33596800000004
-28.08869161,75.12328446996341,312.33596800000004
-25.65727363,73.37861159104813,312.33596800000004
-24.6376005,70.730074501896,312.33596800000004
-22.93998395,68.04005995711307,312.33596800000004
-20.0603298,65.41858323006632,312.33596800000004
-6.87719,49.58473821914871,312.664052
-3.872976383,43.513348589791505,312.664052
-2.726296259,39.8165506176144,312.664052
-1.977580348,36.60179990138924,312.33596800000004
-0.945846807,33.87623501931266,312.33596800000004
-0.348771817,32.635899943989344,312.007884
0.06747145227957384,30.769874515187425,312.007884
0.7569483027230222,29.38966417886813,312.007884
1.300001580077929,28.531751775447923,312.007884
1.865665280144695,28.25661992941449,312.007884
2.134439879568921,27.958967216584742,312.007884
2.724503628918268,27.836640892689083,312.007884
3.0301139724255624,27.805033816318765,312.007884
3.2534010600069467,27.735396281625835,312.007884
3.6936155398348167,27.662601196090467,312.007884
3.703689730564757,27.609118953342996,312.007884
3.966037256646657,27.499731916280723,312.007884
4.120615352487696,27.23382919302254,311.6798
4.339590134078242,27.06034833977104,311.6798
4.029357577546498,26.960303658188067,311.6798
4.3594928910451305,26.79093109140342,311.6798
4.408793161118637,26.677055403425296,311.6798
4.394340088727966,26.538980241614407,312.007884
4.415674797291212,26.492133935384544,312.007884
4.443680394506243,26.47910075302761,312.33596800000004
4.567344325488406,26.447329907953783,312.33596800000004
4.601993503094218,26.460604188945126,312.33596800000004
4.626128170447673,26.496461821329678,312.33596800000004
4.600228164167676,26.567399909131833,312.33596800000004
4.6752031978976545,26.621198737818915,312.33596800000004
4.59634367295394,26.65856562794331,312.33596800000004
4.637536591030596,26.726721892675744,312.33596800000004
4.655449768388252,26.762637177171985,312.33596800000004
4.641343787406734,26.808606637529287,312.33596800000004
4.6939030666590815,26.817073692661797,312.33596800000004
4.676940619655725,26.87761711401224,312.33596800000004
4.679566256457839,26.854214752868792,312.33596800000004
4.743330918825132,26.85445275293856,312.33596800000004
4.68193102301261,26.921838699515877,312.33596800000004
4.660150722853196,26.99826678076106,312.007884
4.737716797685774,27.127519720803846,312.007884
4.78808525707131,27.30166030056098,312.33596800000004
5.1649145196738,27.518546983952625,312.33596800000004
5.376809944218609,28.292436053627064,312.33596800000004
5.661608581206592,28.796857002959406,312.33596800000004
5.984125134334366,29.474451510624235,312.33596800000004
6.673765912831963,31.174457080875747,312.33596800000004
7.439762834270915,32.10563783802199,312.33596800000004
8.035147571135653,33.20232041606577,312.33596800000004
9.651656132656594,36.986501170284,312.007884
10.187150045690478,36.84260724852485,312.007884
11.10012131706127,38.1663115073361,312.007884
12.851851035195027,41.102221589991586,312.007884
14.38387091217722,44.37840935784934,312.007884
16.192881762619695,47.51504205472848,312.007884
17.972729192682102,50.090076354604996,312.33596800000004
19.046890184272623,51.0696573372485,312.33596800000004
19.72663100698857,50.81096294452446,312.33596800000004
20.678931308057813,51.472242109338026,312.33596800000004
22.001703310616385,52.592158923101906,312.33596800000004
23.31245996561307,53.435981565106715,312.007884
23.783709143005137,53.5371555408162,312.007884
24.521968093163697,53.1727066763595,311.6798
24.140546267781136,52.66090425701849,312.007884
24.677038378293442,53.1009174245468,311.6798
24.912899857558287,52.99066969891566,311.6798
25.066994715885873,52.91141534133137,311.6798
25.030994334435526,52.8006785374983,311.6798
25.076124640301238,52.74402459583422,312.007884
25.0659140860681,52.76522323083793,312.007884
25.414106412084113,52.7750684404716,312.33596800000004
25.467163246196137,52.79902885552817,312.33596800000004
25.518814800174365,52.75003077034658,312.33596800000004
25.38187080262593,52.63618578777896,312.33596800000004
25.3664643904552,52.46328207447636,312.33596800000004
25.118655520457985,51.899075719380406,312.33596800000004
25.130376838406235,51.4198273102924,312.33596800000004
24.47949036753004,51.195892058009875,312.33596800000004
24.214445612511895,50.67021627895479,312.33596800000004
24.062510190899513,50.742544254207516,312.33596800000004
23.59315966187748,50.193888531195576,312.33596800000004
22.56816958989887,48.741008311369804,312.33596800000004
21.25060993350211,46.89464268452082,312.33596800000004
20.32109807978761,45.93408235360927,312.33596800000004
19.561965909794527,44.74756447763892,312.33596800000004
18.01305723316744,42.219836487002425,312.33596800000004
16.853758014043816,41.0764653602758,312.664052
15.408943571746534,38.37813069038004,312.664052
14.481091801576962,37.110667361179566,312.664052
11.327143047445542,30.313011437805148,312.33596800000004
9.05201810251942,25.346206876110404,312.33596800000004
8.492316477044426,28.25308980099743,312.33596800000004
6.744529862732864,24.9305734724332,312.33596800000004
6.092588240684265,24.185958695943366,312.33596800000004
5.269330869917777,23.428592522227095,312.33596800000004
5.100602428861755,23.528180960136414,312.33596800000004
4.6472222221359285,24.08505386835001,312.33596800000004
4.196905157336198,25.023590572862105,312.33596800000004
3.8376082249680796,26.314688492952847,312.33596800000004
3.076370340671297,29.88027395298871,312.33596800000004
2.739378877757809,34.3120825375503,312.33596800000004
1.830964558920611,36.80225180927032,312.33596800000004
0.9238857812536309,42.13980917263779,312.33596800000004
-0.911792611,44.970417705864726,312.33596800000004
-2.442139917,50.813396942719855,312.007884
-3.802307252,56.883890841097234,312.007884
-5.230132663,56.7704173843189,312.007884
-7.345858698,59.662007941893734,312.007884
-10.80583752,65.50147201111436,312.007884
-13.60823324,71.2692046625926,312.007884
-16.79865755,76.69025238731935,312.007884
-26.40717187,82.46531689205982,312.33596800000004
-36.63596227,81.00903349238567,312.33596800000004
-40.88910472,89.41698401698386,312.33596800000004
-43.73066299,93.50315918053185,312.007884
-44.33835859,93.75393993436985,312.007884
-45.2783343,93.78438149599516,312.007884
-45.8862351,93.48333822518518,312.007884
-45.40688261,93.63142670507429,312.007884
-45.70692034,92.98218769588068,312.007884
-46.01924018,92.01143061675452,312.33596800000004
-45.60769407,91.73052612845392,312.33596800000004
-44.8573956,91.47897419764995,312.33596800000004
-44.57381549,90.98550570024842,312.33596800000004
-44.21100606,89.58926640282324,312.007884
-43.23078421,89.10536896078612,312.007884
-42.65275299,88.39806164059927,312.007884
-41.55234112,87.77093942933453,312.007884
-40.14211505,85.92637152943183,312.007884
-38.97494132,85.11178008003634,312.007884
-37.64195798,84.23159790289003,312.007884
-36.10467948,81.74528006120978,312.007884
-34.5073883,80.7148641662343,312.007884
-32.24422882,77.90514809499567,311.6798
-30.88474958,76.47149998902937,311.6798
-28.51885389,73.22367285027008,312.007884
-26.80597871,71.67008901706518,312.007884
-24.67212388,70.03105851441819,312.007884
-22.02692634,66.28056418602256,312.007884
-20.82441402,64.16431513272441,312.007884
-19.35517748,62.045222972019126,312.007884
-17.29594476,60.005879100055886,312.007884
-15.42250882,57.83293249667846,312.007884
-13.43526326,55.65255317796703,312.007884
-11.20978214,53.47852205133071,312.007884
-9.842177553,51.12356149050047,312.007884
-8.007961799,46.21088356238916,312.007884
-5.831611837,41.849583155753244,312.007884
-4.97599008,39.64465007451781,311.6798
-3.341580726,37.66472476413366,311.6798
-2.389448134,33.79424142989966,311.6798
-1.978808526,33.82077073375998,311.6798
-1.325706522,30.45265446585974,311.6798
-0.235148006,27.969255208776566,311.6798
0.5595695448592773,25.990959561932563,311.6798
1.3743789271891846,25.310942378986457,311.6798
1.5777557213596494,24.706202615743614,312.007884
2.0457779491627344,24.72018521664519,312.007884
2.6881123643658595,24.917034280232947,312.007884
3.302198997728293,25.29017961234372,312.007884
3.9628632599438953,25.802510035752938,312.007884
4.64000281776074,27.231305154456226,312.33596800000004
5.282709580455967,28.874671472780584,312.33596800000004
5.883204257856694,29.70830690757883,312.33596800000004
6.490781853400995,30.612958079240965,312.33596800000004
7.021207227623178,31.570840209535724,312.007884
7.562406907877653,31.445592763198945,312.007884
8.490624142621654,32.322722763619616,312.007884
9.935873522385352,35.43486393545697,312.007884
10.584545794724077,36.48178214672654,312.007884
11.842457234393974,38.60364438804383,312.007884
12.73802483199877,39.51673812611429,312.007884
13.480665709804356,40.35101914316844,312.007884
14.008436101449933,41.1206521836946,312.007884
14.736492404414081,41.68684274360764,312.007884
15.140304771661432,42.21729131304733,312.007884
15.744894822395178,42.623925127408725,312.007884
16.11171089271529,43.07525177594165,312.007884
17.253460128510106,43.787044272146886,312.007884
17.668906522555183,44.233195172548875,312.007884
18.14087797440374,44.64505572024549,312.007884
18.62442842370207,45.56433592633357,312.007884
19.132027622528188,45.816802570057455,312.007884
19.9339385973802,45.884224855703344,312.007884
20.329165038327705,46.228146026604925,312.007884
20.412704921495184,46.276674446592246,312.007884
20.277502127525505,46.020037075638825,312.33596800000004
20.466907379662867,45.80103134569841,312.33596800000004
20.287048754627143,45.6419677952282,312.33596800000004
20.36794060539363,45.448500789830504,312.33596800000004
20.01389384324224,45.550694978312734,312.33596800000004
20.12661327700246,45.483781747754655,312.33596800000004
20.355811788951023,45.430567149577605,312.33596800000004
20.140405528679484,45.50925033686092,312.33596800000004
20.2717642906225,45.458074348222866,312.33596800000004
20.216909150170775,45.53527015547412,312.33596800000004
20.283763676195086,45.50265543478934,312.33596800000004
20.063703001810477,45.62377147136247,312.33596800000004
20.10724787884206,45.61391952783452,312.33596800000004
20.104574046299145,45.559877999048474,312.33596800000004
19.897701804556114,45.60300221154761,312.33596800000004
19.876915450121363,45.534394931463986,312.33596800000004
19.689725447302237,45.43585144154891,312.33596800000004
19.644351311331363,45.05956010890866,312.33596800000004
18.918192270536956,43.97146273309615,312.33596800000004
18.578039087516785,43.18919214090278,312.33596800000004
17.874045715489927,42.277094501895945,312.33596800000004
17.37857503342714,41.18784984516377,312.33596800000004
16.17760373809204,40.1146896228699,312.33596800000004
14.592845156366431,37.34633184662269,312.33596800000004
12.648815624555889,34.34315471904557,312.33596800000004
11.943538956645945,32.67285208100603,312.33596800000004
10.237011460727395,29.253901891485892,312.33596800000004
8.777473376579406,25.681487760342662,312.33596800000004
7.983978202934423,23.952194695025653,312.33596800000004
7.044653396297855,22.29524593369465,312.33596800000004
5.728712344348408,19.09274045280021,312.664052
5.063818664753277,17.74199600217713,312.664052
3.8519907192815843,16.757699972068572,312.664052
1.7388666039897955,24.09251504435702,312.99213599999996
1.5276176893685611,29.820478907755334,312.664052
0.9406201976414671,31.394804272950577,312.664052
0.5620719677778306,34.116106171202105,312.664052
-0.818614548,36.061905195987165,312.664052
-0.96694968,36.868885083669504,312.664052
-1.969576271,37.36643632793048,312.664052
-1.966116639,37.972100448216366,312.664052
-2.419742213,38.87358277702748,312.664052
-2.587100065,39.30898781622587,312.664052
-2.768293464,40.30958326365933,312.664052
-3.309669766,40.77238787615066,312.99213599999996
-3.876566792,41.618075811930176,312.99213599999996
-3.935558801,41.9921628756972,312.99213599999996
-4.230357606,42.1801274954389,312.664052
-4.585430696,42.184257734133745,312.664052
-4.538221362,41.92900184121696,312.664052
-4.412592313,41.639883624907576,312.664052
-4.384121732,41.27272799124291,312.664052
-4.388539141,40.480001505268945,312.664052
-3.773660853,40.54194471686447,312.664052
-3.561967873,40.1441225609079,312.664052
-3.254055774,38.762275666911336,312.664052
-3.294751711,38.26030385668436,312.664052
-3.195057902,37.23291498567674,312.664052
-2.844285183,36.15634365498401,312.33596800000004
-2.891579833,36.15259203390273,312.33596800000004
-2.589871355,35.554092730684026,312.33596800000004
-2.415331354,34.96720680200777,312.33596800000004
-2.162970884,33.70922155826593,312.33596800000004
-2.000091137,33.05338780821321,312.33596800000004
-1.777643349,32.40883119509511,312.33596800000004
-1.57225404,31.73033043618628,312.33596800000004
-1.376418161,31.075997026349867,312.33596800000004
-1.154763531,29.758214395995047,312.33596800000004
-1.079713733,28.490539968250655,312.33596800000004
-0.786883287,27.90242460858673,312.33596800000004
-0.775725169,27.365583246556458,312.33596800000004
-0.003928241,26.37175251743178,312.007884
-0.020972694,25.873056629770865,312.007884
0.3129728504147889,25.39990995727035,312.007884
0.48274431933298806,24.491437848564562,312.007884
0.5720784002239314,24.080607929925332,312.007884
0.8526155946446635,23.711842152378235,312.007884
0.7681265662632614,23.38279446397744,312.007884
0.7470572290675249,22.758215085594646,312.007884
0.9783177313321421,22.5266014811197,312.007884
0.995167064745416,22.457785050008397,312.007884
1.0068710772475358,22.430826033651503,312.007884
1.074111123321429,22.898543172188074,312.007884
1.0511322517802215,22.40370232277055,312.007884
1.0049542842049857,22.393308626361023,312.007884
0.9430582309531336,22.34201573665507,312.007884
1.1251497292887656,22.301754294270207,312.007884
1.1161200168451608,22.18217528996499,312.007884
1.1561497980045121,22.09690800786005,312.007884
1.1835993035618844,21.92618162497937,312.007884
1.1152696834723232,21.671420704488952,312.007884
1.1184153949945561,20.76662473036373,312.007884
1.010343494855744,20.480376684535962,312.007884
1.1378356498887632,19.740661060064667,312.007884
1.1968942726125005,18.891881198653525,312.007884
1.2561265522687628,18.88803529244205,312.007884
1.5099790642382513,18.407660878561078,312.007884
1.7658260376958208,17.014354776464174,312.33596800000004
2.017082057590768,15.694071329410756,312.33596800000004
2.154944900712672,16.06235661281304,312.33596800000004
2.379688114403094,16.54042152362009,312.33596800000004
3.1775320669008367,19.172194989798793,312.33596800000004
3.6077385448651715,20.318877985442658,312.33596800000004
4.315202892040753,22.8177930442326,312.33596800000004
4.8842568803397,24.062042635761287,312.33596800000004
5.271570467848638,25.403924917487366,312.33596800000004
6.340346232519947,26.539938258372633,312.33596800000004
6.434860774083379,28.040278051193315,312.33596800000004
7.617602120170006,29.08669502565819,312.33596800000004
8.536956246374565,31.848113122928495,312.33596800000004
9.808868720320389,33.080324054129676,312.33596800000004
10.571630670661092,34.468052572761636,312.007884
11.427034700855872,35.88118411348542,312.007884
11.763458008226465,37.504200384617654,312.007884
12.971098030506973,38.902396519543636,312.007884
15.348743037680658,45.766112982251165,312.007884
17.646996046043085,53.14370171280041,312.007884
-5.700623745,60.14943261203338,312.664052
-4.486383899,58.22801348591336,312.664052
-3.386098383,54.63237237183182,312.664052
-2.482515965,51.61257691038784,312.33596800000004
-0.990008608,49.231846390154004,312.33596800000004
-1.064081335,48.1765719410724,312.33596800000004
0.014523143493921427,46.58300447606604,312.007884
0.9965382218879313,45.532732721173176,311.6798
1.6036798358318396,45.099122499341966,311.6798
1.8006312288247082,45.24305529955587,312.007884
2.05293824371665,45.52755810246181,312.007884
2.0496845638112755,46.39273697154841,312.33596800000004
1.9687247695276002,46.957108801414805,312.33596800000004
2.2911523176987645,48.22447711913285,312.664052
2.2764598760731434,48.92475886875417,312.664052
1.8204795278983283,49.75640719022473,312.664052
2.1894209600069874,50.55037913418537,312.664052
1.9501188243601189,51.490973575234364,312.664052
1.6074354316105155,52.43238865227521,312.33596800000004
1.5384421890387336,54.59250227253779,312.33596800000004
1.7329947752134658,55.81529621631728,312.33596800000004
0.5292363328005311,57.113035365854024,312.007884
0.4749910931243358,58.59748621324977,312.007884
-0.163496978,61.53521783743274,312.007884
-0.527641836,63.14970061572023,312.007884
-1.697851193,68.61646672328685,312.007884
-3.27741245,77.17026755775481,312.007884
-7.53159861,84.23483175282134,312.007884
-9.668980887,86.65614277598912,312.007884
-12.29073684,91.83936298976268,312.007884
-14.58394146,94.3845143685915,311.6798
-16.88386794,96.98057684940646,311.6798
-19.01648911,99.65124078214986,311.6798
-20.84899165,102.44226429857432,311.6798
-24.30427148,108.21876297054543,311.6798
-26.2415826,111.09910376250694,311.6798
16.10377797221211,66.45358121096872,312.33596800000004
15.432354366109939,65.08688562884078,312.33596800000004
14.673746930520316,63.859764068295526,312.33596800000004
14.094639389149183,63.36170556299916,312.33596800000004
13.442711006709438,62.93098743482449,312.33596800000004
12.824453323814122,62.56296328382299,312.33596800000004
12.263728763281515,62.2392987355105,312.33596800000004
11.795420342564109,61.988795830913645,312.33596800000004
10.67649918496508,61.91197121836057,312.33596800000004
8.854621368533268,61.861302404342844,312.33596800000004
8.22721033600827,61.86644744814982,312.33596800000004
7.907847595750124,61.88459577798831,312.33596800000004
6.4416133644130635,62.1252707797571,312.33596800000004
5.629031440355192,62.541813897427915,312.33596800000004
4.594604581237034,62.91973889461792,312.33596800000004
3.9652773037547018,63.3678564751521,312.33596800000004
3.5104867554591497,64.55948503698038,312.33596800000004
1.634151432582407,65.42841674743822,312.33596800000004
-0.077693539,66.35559968564081,312.33596800000004
-2.767788529,68.36000394278841,312.33596800000004
-4.005671676,70.31118874476478,312.33596800000004
-4.554539147,71.99946340766456,312.33596800000004
-5.626272876,72.56568133431212,312.33596800000004
-7.450720673,73.43500266983142,312.007884
-8.774109017,73.22753191887296,312.007884
-9.081163098,72.67829164543427,312.33596800000004
-9.911064388,72.67706063924493,312.007884
-9.647410003,72.26173796216159,312.33596800000004
-10.13677372,71.55657352582269,312.664052
-11.57322623,71.43870846553368,312.664052
-11.73395789,71.9370924675767,312.33596800000004
-11.4432804,71.79254794578263,312.33596800000004
-11.2743477,71.53962804804675,312.33596800000004
-10.9828119,71.22879074123531,312.33596800000004
-10.0362284,70.94222641897147,312.33596800000004
-9.789517149,70.5527444931303,312.33596800000004
-9.532569517,70.1886391998334,312.664052
-9.431908802,69.71062376077977,312.664052
-9.166283533,69.61897844105891,312.33596800000004
-9.188149032,69.71901373432101,312.33596800000004
-9.165163606,69.81436096522609,312.33596800000004
-9.200365038,70.00860942123542,312.33596800000004
-9.15692593,70.12911748507231,312.007884
-9.373749937,70.35433738940239,312.007884
-9.295188384,70.36476000298947,312.007884
-9.346935401,70.50319654385244,312.33596800000004
-9.316645052,70.49760850062566,312.33596800000004
-9.325454986,70.46268742710413,312.33596800000004
-9.340421518,70.44117871584606,312.33596800000004
-9.284136356,70.44365537130467,312.33596800000004
-9.261348423,70.44665496207986,312.33596800000004
-9.232121844,70.3336856269365,312.007884
-9.084344193,70.38931400566443,312.007884
-8.803661467,70.43786471392507,312.007884
-8.567461478,70.44384902076244,312.007884
-8.241758142,70.42984639224345,312.007884
-8.440576464,70.354417658654,312.007884
-8.694507498,70.30695879929769,312.007884
-8.272270573,70.3469870117932,312.007884
-8.4955424,70.31111943566948,312.007884
-8.222422106,70.32706610956053,312.007884
-8.34675035,70.32365177414462,312.007884
-8.112574051,70.33784069738066,312.007884
-8.507238965,70.27897073285772,312.007884
-8.537762936,70.2637017063146,312.007884
-8.165474381,70.31289273246196,312.007884
-8.337112382,70.29373909175989,312.007884
-8.499750521,70.28549485971575,312.007884
-8.03108256,70.32407676936525,312.007884
-8.395318675,70.26731656770839,312.007884
-8.302661236,70.24330616506175,312.007884
-8.645838448,70.18668666460893,312.007884
-8.302434118,70.20434946912474,312.007884
-8.487063132,70.15847461204388,312.007884
-8.471502405,70.13226546768811,312.007884
-8.762280297,70.07569936341723,312.007884
-7.972026125,70.15381400325104,312.007884
-8.561567989,70.0800122390733,312.007884
-8.219981669,70.1047126781777,312.007884
-8.452960328,70.06114043742933,312.007884
-8.224004279,70.07484111140823,312.007884
-8.168111003,70.07014778506225,312.007884
-8.313262964,70.04151140146874,312.007884
-8.370380279,69.99770143743808,312.007884
-7.873470932,70.05533475780925,312.007884
-8.759191859,69.9289496109254,312.007884
-8.569244379,69.93463119243002,312.007884
-8.266076377,69.92353955057922,312.007884
-8.012506043,69.92597075218809,312.007884
-8.147717263,69.87235985827427,312.007884
-8.588043435,69.81960669271044,312.007884
-8.172550698,69.86945959328021,312.007884
-8.183535293,69.8351410737171,312.007884
-8.079106625,69.80238215311022,312.007884
-8.230285418,69.67999386478952,312.007884
-8.491306082,69.56603832009888,312.33596800000004
-8.362652711,69.54626344714698,312.33596800000004
-8.722202869,69.47034232660826,312.33596800000004
-8.908284431,69.4295258245347,312.33596800000004
-8.730285835,69.44849509268762,312.007884
-9.014755705,69.42339113052533,312.007884
-8.884495199,69.467303560942,312.007884
-8.933028705,69.47232586629148,312.007884
-8.943844732,69.50401328940721,312.007884
-8.908060401,69.51787016137702,312.007884
-8.654679395,69.54656327540853,312.007884
-8.963309965,69.50746012700276,312.007884
-8.815025966,69.51914564271854,312.007884
-8.851647075,69.50225515088994,312.007884
-8.975471838,69.48604218128884,312.007884
-8.898744131,69.5015329564249,312.007884
-8.740129415,69.51339087706889,312.007884
-8.977815156,69.55454760759464,312.007884
-8.766302164,69.62946998300039,312.007884
-7.846316168,69.82232971319958,312.007884
-8.193492923,70.01532391019387,312.33596800000004
-8.790678401,70.37104547080484,312.33596800000004
-8.95808392,70.63964383203049,312.33596800000004
-8.423786399,70.81768514899497,312.33596800000004
-8.584396582,70.94479927916922,312.33596800000004
-9.13233653,70.83533001000811,312.33596800000004
-8.924628462,70.52416639087521,312.33596800000004
-8.534762951,70.37544184762073,312.33596800000004
-8.461522801,70.08984887762965,312.33596800000004
-7.580849442,70.05130387220035,312.33596800000004
-6.977520265,69.91449502738988,312.33596800000004
-7.135290048,69.18981574886222,312.33596800000004
-6.75906309,69.07297675398705,312.664052
-6.275115142,69.08996178768872,312.664052
-6.302980157,69.03603146057267,312.664052
-6.266402765,68.92043516209056,312.664052
-6.159152054,68.84511919161386,312.664052
-5.711741062,68.78755193736507,312.664052
-5.867416018,68.77444813860004,312.664052
-4.589579923,68.80083096578672,312.664052
-4.980419282,68.33285202201691,312.33596800000004
-4.339407265,68.27332550294447,312.33596800000004
-3.524562331,68.17108913512777,312.33596800000004
-3.705018838,68.10664873062608,312.33596800000004
-3.696123414,68.06014696706329,312.33596800000004
-3.702728988,68.00393109138791,312.007884
-3.646250348,67.9435715194458,312.007884
-3.423770879,67.89568724638883,312.007884
-3.583970349,67.86507858296069,312.007884
-3.187943286,67.85724504409981,312.007884
-3.669023867,67.82504858812534,312.007884
-3.517055541,67.83047045415456,312.007884
-3.614897304,67.83222606969358,312.007884
-3.09043247,67.85814323455624,312.007884
-3.558968031,67.84109715735063,312.007884
-3.433210415,67.85447615223799,312.007884
-3.419169251,67.8650401375816,312.33596800000004
-3.505921829,67.8560144794686,312.33596800000004
-3.640577465,67.85976559049297,312.33596800000004
-3.387859803,67.88303494797286,312.33596800000004
-3.513054412,67.88028482709767,312.33596800000004
-2.628389102,67.90321978649362,312.33596800000004
-3.486857254,67.78242337774584,312.33596800000004
-3.369538452,67.61918430598539,312.33596800000004
-3.307911285,67.39919080781095,312.33596800000004
-3.390398906,67.28011690691925,312.33596800000004
-3.231358162,67.28794290346086,312.33596800000004
-3.050395235,67.2963893880007,312.33596800000004
-2.532507854,67.31786790834364,312.33596800000004
-2.954985168,67.14662635606604,312.33596800000004
-3.126537601,67.19928990939088,312.33596800000004
-3.042159413,67.42386012430609,312.33596800000004
-3.059064659,67.63755378535716,312.33596800000004
-3.156076911,67.92015260259856,312.33596800000004
-3.605506344,68.13433027077554,312.33596800000004
-3.303889458,68.34473192147307,312.007884
-3.594650994,68.26434836483513,312.007884
-3.414038808,67.98290076467931,312.007884
-2.379229586,66.61730562127964,312.007884
-2.067439177,66.02702540707179,312.007884
-1.928561619,64.89425165860504,312.33596800000004
-1.823151565,64.3475392474654,312.33596800000004
-0.57801963,63.90650880635266,312.33596800000004
0.42800057607842074,63.458204368820525,312.33596800000004
1.8191171103635224,63.063993836666114,312.33596800000004
2.5138590033176467,62.467813216416005,312.33596800000004
3.513587297371765,62.218456997878604,312.33596800000004
4.227069208530779,62.08658658360716,312.33596800000004
4.791312285453973,61.99886677525685,312.33596800000004
5.408207218746393,61.975108046058374,312.33596800000004
6.475592977424932,61.97263871964494,312.33596800000004
7.486557135824915,61.94986208897599,312.33596800000004
7.967345195934732,61.895488220883024,312.007884
8.074043071189505,61.84725018043697,312.007884
8.183166211732916,61.73626927617937,312.007884
8.384320487974659,61.461270831694634,311.6798
8.311487319036843,61.34171193194363,311.6798
8.235439974666079,61.08812968970462,312.007884
7.81856889674211,61.022154503091556,312.007884
7.643269913640312,60.98120532487422,312.33596800000004
7.267096093185321,61.00470928270657,312.33596800000004
6.388379087665818,61.150148981186334,312.664052
6.0199059465536875,61.297959766119995,312.664052
5.283400269652068,61.3658277927126,312.664052
4.728866633383263,61.411049164282254,312.664052
4.5293670913985915,61.42608544295798,312.664052
4.005480178882886,61.92933049948439,312.664052
3.974744618488177,62.27124377087157,312.33596800000004
3.3379306056214837,62.55372415255318,312.33596800000004
2.962056108693704,62.65640403418664,312.33596800000004
2.762859436092412,62.652695960763936,312.33596800000004
2.402065434396495,62.59402081422226,312.33596800000004
2.1353718789489395,62.549849270986016,312.007884
1.1863026894677307,62.37815820624519,312.007884
1.5149022863123647,62.31328318598087,312.007884
1.7219806287930692,62.31578159539918,312.007884
1.280172486970931,62.39303815311654,312.007884
1.534309533273381,62.47066446090203,312.007884
0.6285539237124576,62.65465764081177,312.007884
0.915238734744992,63.13181957918691,312.007884
1.2124966031075295,63.44346929451151,312.007884
0.24129476351788176,63.90440214270259,312.007884
-0.356554016,64.37040565366908,312.007884
-2.303298307,65.59835722622056,312.007884
-1.937845585,66.41432209157288,312.007884
-2.310918601,67.23490609288606,312.007884
-3.31834981,68.17486855458485,312.007884
-3.594114929,69.18722398058615,312.007884
-4.857500705,71.47719796609294,312.007884
-6.34808585,72.68789564529142,312.33596800000004
-7.255928175,74.02219466891475,312.33596800000004
-10.06336466,80.22100204581359,312.33596800000004
-13.1895012,83.53769437979821,312.33596800000004
-14.9280615,85.04924437532001,312.664052
-15.96415382,84.86086719842872,312.664052
-17.21034443,84.61693112886623,312.664052
-18.73730767,86.06196998330148,312.664052
-21.74435915,90.56363064145137,312.33596800000004
-29.29270163,90.02719727193539,312.007884
-29.14402862,89.76331416156525,312.33596800000004
-29.24456465,89.58739560308551,312.33596800000004
-29.72719889,89.34784521124364,312.33596800000004
-30.03087221,89.40233969920635,312.664052
-29.84887925,89.8464009191439,312.664052
-30.11710018,90.25192250982141,312.664052
-29.78701391,90.56485001535185,312.33596800000004
-30.39959643,90.87772580553423,312.33596800000004
-30.7611361,91.236682823495,312.007884
-30.68776043,91.49188618530087,312.007884
-30.95031999,91.53259150924583,312.007884
-30.36140127,91.72961860259461,312.007884
-31.19356114,91.4499828307546,312.007884
-30.86590046,91.69437980994674,312.007884
-30.69987062,91.8324364982883,312.007884
-30.28123334,91.89809938018868,312.007884
-30.58819706,91.51830254186267,312.007884
-30.21537148,91.21014773582755,312.007884
-29.81684759,91.10269358650012,312.33596800000004
-29.43281522,90.96821122176203,312.33596800000004
-28.76862255,89.9370368877181,312.33596800000004
-28.69233924,89.93523014717746,312.33596800000004
-28.96539337,89.81973756910597,312.33596800000004
-29.17406196,89.70077394774135,312.33596800000004
-28.41781177,89.87199428246448,312.33596800000004
-28.47926192,89.7644291067987,312.33596800000004
-28.82451213,89.59074818500854,312.33596800000004
-28.56932707,89.59634910248448,312.33596800000004
-28.4170716,89.64475591797923,312.33596800000004
-27.88970128,89.69444714957896,312.33596800000004
-28.02928865,89.48935126272082,312.33596800000004
-27.48839912,89.00373857800457,312.33596800000004
-27.30918297,88.51380531417624,312.33596800000004
-26.38476937,87.35665615795874,312.33596800000004
-26.61847238,86.40314727331061,312.33596800000004
-25.06983648,84.74184633759029,312.664052
-24.28075512,83.78357680314085,312.664052
-22.15025988,83.19428109861938,312.664052
-21.55068693,82.08293136664992,312.664052
-18.66994928,80.19567174933192,312.664052
-18.11050927,78.98913232788723,312.664052
-16.97081033,77.90492097532938,312.664052
-14.70029811,74.4192788065352,312.664052
-11.31188952,71.27493682954876,312.664052
-9.499672558,70.36459226262421,312.664052
-4.576334729,67.91456116190564,312.664052
-3.655179031,66.52959008747507,312.664052
-2.812173029,66.02183048729017,312.664052
-1.366220922,65.65573639958778,312.664052
2.0964484684401232,64.8027137592936,312.33596800000004
3.0372278590331887,64.60154442982018,312.33596800000004
4.023212906782949,64.30438665462361,312.33596800000004
4.239419268553226,64.06066415166694,311.6798
4.848711198754383,63.863775056431116,311.351716
4.990905250184601,63.561576073013576,311.351716
5.638780711458053,63.33511461930626,311.351716
6.016191472580036,63.22260222407019,311.6798
6.6633492574975115,63.050453774758836,311.6798
6.310312586,63.08676485282949,311.6798
6.690563480671775,63.04757176007253,311.6798
6.987410339959971,62.93184888172763,312.007884
7.7482136086193805,62.34055035919511,312.007884
7.770057486484478,62.24393358642312,312.007884
8.004924022789304,61.98558260997733,312.007884
8.06386501291085,61.93857110811911,312.007884
7.734794989779164,61.86017411657531,312.007884
7.913052305283299,61.79131787717624,312.007884
7.6249019297074305,61.73728973243594,312.007884
6.882697735320051,61.73068088979455,312.007884
6.875535010947869,61.67601984701297,312.007884
6.375698190848616,61.68120692312521,312.007884
6.0360238774420285,61.67746293009383,312.007884
6.934325532216657,61.55685464918644,312.007884
6.5430736395183455,61.57129652677035,312.33596800000004
7.326291770130907,61.47839489617771,312.33596800000004
6.889899075403972,61.53906382849376,312.33596800000004
6.672918732634686,61.56494976776395,312.33596800000004
6.253075445387781,61.628794668106366,312.33596800000004
6.742502398219991,61.57717065747114,312.33596800000004
6.942350218009468,61.56750587042525,312.33596800000004
6.826232017339569,61.5897310948874,312.33596800000004
6.676318599653217,61.606161947089475,312.33596800000004
7.286290158609114,61.545259604206116,312.33596800000004
6.968570181474904,61.584354356977336,312.33596800000004
6.562119234655688,61.62997863459156,312.33596800000004
6.983780114957283,61.590555850849945,312.33596800000004
6.330967796878878,61.66800448371699,312.33596800000004
6.481285112016702,61.68966507497036,312.33596800000004
6.863412616981859,61.71302167846045,312.33596800000004
6.685851525055397,61.7810207706882,312.33596800000004
6.4057336856619695,61.83707978487807,312.33596800000004
6.832833992276117,61.83095427680399,312.33596800000004
6.552834751312088,61.883029763562625,312.33596800000004
7.196684057789261,61.85440018515073,312.33596800000004
6.732907775762344,61.936300894893655,312.33596800000004
6.546660695744193,61.99915220426895,312.33596800000004
6.696811091179747,62.04515190648785,312.33596800000004
6.885544925138362,62.049247924797015,312.33596800000004
6.920954272051963,62.0776598933988,312.33596800000004
7.288792447178543,62.060321517311216,312.33596800000004
6.22647112823971,62.222708865417495,312.33596800000004
6.571047770704511,62.209697613704336,312.33596800000004
6.576256994734599,62.22432308778033,312.33596800000004
6.226005089230865,62.28705101790721,312.33596800000004
6.887760687917542,62.224611743176304,312.33596800000004
6.976337061711319,62.21870490201124,312.33596800000004
7.0499358641913465,62.19488981358824,312.33596800000004
7.010637165780731,62.19603022302934,312.33596800000004
6.866336280590333,62.21212610943348,312.33596800000004
6.163830482312347,62.282354793697024,312.33596800000004
7.114650054659189,62.17299031675651,312.33596800000004
6.790876125036573,62.21380766142916,312.33596800000004
7.101852088292035,62.17973696461006,312.33596800000004
6.413945491336619,62.28710818796308,312.33596800000004
6.469523518618991,62.315334417805865,312.33596800000004
6.417523768116064,62.38271668944062,312.33596800000004
6.498897963884182,62.43993358324641,312.33596800000004
6.745186746585018,62.43723760461668,312.33596800000004
6.469371866118858,62.522490599121554,312.33596800000004
6.365087647518394,62.56188400936851,312.33596800000004
6.443919309601138,62.56766587121946,312.33596800000004
6.9406029947609955,62.53564417371922,312.33596800000004
6.806167069501672,62.55041847961481,312.33596800000004
6.416682510386903,62.595859939785235,312.33596800000004
7.213197829040731,62.491247386253214,312.33596800000004
6.511516996528911,62.584086745110504,312.33596800000004
6.409092768571534,62.53661374338455,312.33596800000004
6.293829110030964,62.532161949920386,312.33596800000004
6.525990108768463,62.48394935367009,312.33596800000004
6.835854251388555,62.44552849878536,312.33596800000004
6.432589059952432,62.480770951375895,312.33596800000004
6.610774919114545,62.46084965638077,312.33596800000004
6.609228876404356,62.464642334466696,312.33596800000004
6.588761286531209,62.465484948684455,312.33596800000004
6.761508685207383,62.43217213940126,312.33596800000004
6.719210384157163,62.39285132583099,312.33596800000004
6.855061408724778,62.3506766279958,312.33596800000004
6.381577328916806,62.35243507707779,312.33596800000004
6.502765858060023,62.319461168383,312.33596800000004
7.745366108211589,62.16171157869502,312.33596800000004
7.936575232003693,62.198776254120475,312.33596800000004
8.123908579544121,62.258957275030596,312.33596800000004
8.276119236677689,62.49142932621829,312.33596800000004
9.090570462759533,62.830024945070015,312.33596800000004
9.59244737055366,63.05305544067762,312.33596800000004
10.78469263526759,62.860108588235924,312.33596800000004
11.718598480592636,63.09319793437992,312.33596800000004
12.77329671890408,65.03003685141822,312.33596800000004
13.509081203906852,67.13496479118005,312.33596800000004
13.990525612614908,67.90041802746785,312.33596800000004
14.231913353028746,67.8502337323461,312.33596800000004
15.495304611159197,65.85849741186703,312.33596800000004
16.602406313286934,67.30944718113977,312.33596800000004
17.875909961914527,66.98248590680731,312.33596800000004
20.177194327640027,67.34171489672329,312.664052
20.555747558729397,69.58340009396572,312.664052
23.22872617098778,71.5740247192882,312.664052
26.10411859241294,75.85446330535386,312.664052
27.78360696641819,77.26891858842723,312.664052
29.281323594477957,78.89186543110388,312.664052
32.01790870418155,77.8214357671113,312.664052
33.4952453349932,77.19709115369925,312.664052
36.66686723773424,80.60197708703085,312.664052
42.72152643773074,89.0250660110285,312.664052
50.864352059380465,96.08717690246587,312.99213599999996
-0.660707738,38.62492812798293,249.34384
-0.104036895,32.293403007049264,249.34384
-0.579576015,28.791805908808286,249.67192400000002
-0.395736026,27.29076696030939,249.34384
-0.021174735,26.011147071207844,249.34384
-0.314922873,23.792306409386374,249.015756
-0.108720185,22.808731118447238,248.68767200000002
0.22330409814342655,21.978295461005043,248.359588
0.07386815753577974,21.133697045501755,247.70342000000002
0.20983701267092275,19.616168353546797,245.73491600000003
0.2170715291447705,18.93146613068514,245.078748
0.4919954537491746,17.66283470104212,243.43832799999998
0.48476453177599,16.604113248365632,241.797908
0.45493564064837505,16.604957301320802,241.797908
0.5010815611057147,16.127749703999452,241.14174
0.4685606145919515,15.740928486344755,240.48557200000002
0.5717320652268787,15.069834813873282,239.17323599999997
0.5976524562042108,14.806677243020184,238.51706800000002
0.6296451860164877,14.664212087154898,238.18898399999998
0.6389143087006012,14.538757217302402,237.53281600000003
0.7594017702288903,14.51502405034526,236.876648
0.8169217975199058,14.498033311969463,235.892396
0.8503541662557812,14.549318598692961,234.25197599999998
0.8241590692176782,14.701491085333364,233.595808
0.9257350509781168,15.22976522711827,231.955388
0.9549980119872774,15.678126686089938,230.97113599999997
0.9651231047388807,16.93351012952406,229.00263199999998
0.8930787606291778,17.759153504745925,228.34646400000003
0.9867072192020747,18.729473915625498,227.362212
0.2605712254558217,19.805274770930836,226.706044
-0.35649987,23.690756916572724,224.73754
-0.424651437,26.73055186786541,223.753288
-1.023923594,29.993027018236106,222.769036
-1.353326128,33.465102116929835,221.4567
-1.783010515,37.149823193659884,220.47244799999999
-2.702217401,39.05196355405702,219.488196
-4.213575458,42.93217783394195,218.17586
-5.263303712,44.769429767880524,217.84777599999998
-6.700054022,46.50043266940981,217.191608
-9.777252311,47.6958501216573,216.53544
-10.54328858,49.24018783636295,216.207356
-11.33800971,52.03499966055898,215.223104
-11.64408707,53.149888547220556,214.566936
-13.98742211,54.56072428560705,213.2546
-15.78638866,54.77921736349036,212.59843199999997
-16.23795813,55.546276755836416,209.645676
-16.13165669,55.39137355662911,208.989508
-16.51910401,54.83039834742694,207.67717199999998
-17.00623411,54.35787276012916,207.021004
-16.3979812,53.07957332748534,205.0525
-15.82675692,51.97064287135366,204.068248
-15.33852054,51.36775926298915,203.41208
-14.63980706,49.92024704971542,202.099744
-13.47996035,48.33769385364525,201.115492
-14.63266527,46.93325276839437,200.459324
-13.32290841,44.826130908609,199.146988
-12.5690424,43.65166450279109,198.49081999999999
-10.32378903,41.23617983079762,197.506568
-8.805082414,39.96239841392982,196.8504
-8.194103501,38.373737563918645,196.194232
-2.72943457,37.398893674994916,195.866148
3.7118673887139466,18.452278595403758,190.616804
2.9287441924389337,14.213638141724982,184.383208
3.0018483884902514,14.078943746233078,183.72704
2.9912327804507237,13.91050383408827,183.070872
3.1464399310004554,13.290299965995784,181.10236799999998
2.9696521460986514,13.072045333559068,180.4462
2.949565173205564,12.836817780360153,179.790032
2.939387249932715,12.578612025269106,179.461948
2.8574772886140045,12.38116355806119,178.80578
2.7338855260413157,12.093053618497844,177.821528
2.685657284286331,12.126673309405252,177.16536000000002
2.61223360900937,12.321479856111411,176.50919199999998
2.6915226445347438,13.156814184676223,175.853024
2.799439068973891,13.816759562071772,175.196856
2.951771192287161,15.584873273462959,174.212604
2.8073722034603543,16.68798362316278,173.88452
2.3116542596213354,17.997656414392917,173.228352
2.0132706176801554,20.710611023255666,172.57218400000002
1.104448989039784,22.154607780151746,171.91601599999998
1.1797042446787436,23.61986971942762,171.259848
1.058481032234627,25.09297482519403,170.60368
-0.714309338,29.27777143539945,168.96326000000002
-1.426242479,30.56802579892646,168.635176
-1.968797566,33.292888654312634,167.32283999999999
-2.757402318,34.68683481169086,166.666672
-4.133533539,37.44346525837358,165.68242
-5.339119564,38.66129179315259,165.35433600000002
-6.963827417,39.75092574712214,165.026252
-8.029625814,40.725149123570525,164.37008400000002
-8.903855793,41.67796483494297,164.042
-9.478801211,42.509503261849005,163.385832
-10.28446008,43.286160612152194,163.057748
-13.61131723,45.34673028810905,160.10499199999998
-14.08606659,46.10314251831245,158.792656
-14.81454034,46.22440419712519,158.13648799999999
-15.20931054,46.308442752613956,157.48032
-14.92393045,46.49837706765782,156.824152
-15.03871114,46.11538094267206,155.8399
-14.72006938,45.782664551973845,155.18373200000002
-15.0272878,45.14710079435984,154.855648
-14.81594292,44.48992360002391,154.19948
-14.67011229,43.75480839989837,153.871396
-14.31574919,42.931652017969334,153.215228
-13.84109625,42.10039747954354,152.55906000000002
-12.94764536,40.157542494945865,151.246724
-11.79378814,38.12085297229969,150.262472
-11.35832102,36.999569484633,149.606304
-10.0894384,34.69906344550011,148.293968
-9.360975339,33.47223920927772,147.6378
-7.559386913,30.863546204994595,146.653548
-6.837660798,29.384762498610222,145.99738
-6.137984875,27.80952067848838,145.341212
-4.876337027,24.43544729346208,144.35696000000002
-3.542637588,22.788318792315234,143.70079199999998
-1.998549232,21.062811458292554,143.37270800000002
-1.473919379,19.069732658481996,142.71653999999998
-0.941340915,17.184703431242767,142.060372
-0.050723755,13.866180634247126,141.07612
0.5563809087382205,12.511749919450832,140.748036
0.5717971486408548,10.30038183119061,139.10761599999998
0.9877208491176156,10.243962386330761,138.12336399999998
2.128415294595656,10.86374050322789,136.15486
3.430771601692961,11.033136378534579,134.842524
3.594698848970252,11.307249126151557,133.53018799999998
3.6544965677981676,11.455028324633195,132.545936
3.735427126209214,11.504218668212483,131.889768
3.7844557065851494,11.578995871399846,131.2336
3.8932572313640437,11.622164539267493,130.57743200000002
3.976831558063432,11.715129347560675,129.59318000000002
3.8698493124632636,11.752698716894535,129.265096
3.879319030238815,11.435574536296148,128.280844
3.8211441637338273,11.109235351656684,127.62467600000001
3.7259457101527085,10.670832260596036,127.29659199999999
3.6578773673289655,10.100612589629135,126.96850800000001
3.399844300097701,9.535589127346235,126.31233999999999
3.005051892261304,8.240638359468882,125.656172
2.180296332681473,6.1343573935537465,124.015752
4.513214061296536,10.443625114026986,120.73491200000001
6.137613273679798,14.002373574457664,120.078744
7.979217488761741,17.858318854798192,118.11023999999999
6.776633031514502,19.09351772928969,114.50131599999999
6.1405359930877905,18.36360113840309,114.8294
5.40660987865011,19.385597426699032,115.15748400000001
-23.15829237,45.548975731381354,114.17323200000001
-24.15579021,45.19613441518975,114.50131599999999
-24.77947277,44.84522902567228,114.50131599999999
-24.8953792,44.78098850713676,114.50131599999999
-24.90433832,44.756108482330916,114.50131599999999
-24.39153865,44.82148191626201,114.50131599999999
-24.09135652,44.765701683190436,114.50131599999999
-23.57143811,44.28707779587164,114.50131599999999
-23.21034881,43.96864932961301,114.8294
-22.34228698,43.91379305690987,114.8294
-21.09957757,43.27199962242056,114.8294
-20.40079919,42.85955920405761,114.8294
-19.46163447,41.63645354837684,114.8294
-18.39671006,41.19930453688953,114.8294
-16.7647161,39.81273693729682,114.8294
-15.47757146,39.2011478139668,114.8294
-12.92030071,37.81078784489556,114.8294
-11.69677673,37.032305649617186,114.8294
-10.48540404,36.23178069197257,115.15748400000001
-9.19090811,35.416432652861275,115.15748400000001
-7.284191809,34.728893617914835,115.15748400000001
-6.069344597,32.70371576523158,114.8294
-3.639778907,31.942410955477524,114.8294
-2.322292924,30.970536012381388,114.8294
-1.492237286,29.914708290770253,114.8294
-0.012874829,28.811185713318494,114.50131599999999
1.139246109410491,26.455797922185774,114.50131599999999
1.3351283819514794,24.00164188324809,114.50131599999999
2.5055787516646975,22.75023695073478,114.50131599999999
3.4881668420659055,20.04912059219772,114.50131599999999
3.791714493283067,18.701710150587616,114.50131599999999
3.6086981495394497,16.327211836724246,114.50131599999999
3.674359297889442,15.223482811165216,114.50131599999999
3.6204972890160017,13.468049047793233,114.50131599999999
4.037130169161233,12.77731712487007,114.50131599999999
3.960583314777533,12.299470953961244,114.50131599999999
3.9526386117953725,11.858784045237726,114.50131599999999
4.080168876652396,11.848099823333177,114.50131599999999
4.237855640713953,11.704028198770516,114.50131599999999
4.282802866560621,11.637990962765222,114.50131599999999
4.296161678490746,11.579785721562969,114.17323200000001
4.221703812274719,11.393668055569115,114.17323200000001
4.133267736141733,11.23725390890104,114.17323200000001
4.038405171284051,10.99975615305107,114.17323200000001
3.7728934993938252,10.396133583572674,114.50131599999999
3.4059982004553455,10.004344616871563,114.50131599999999
3.171268857618533,9.525888518666102,114.50131599999999
2.8563165865869466,8.881287093831217,114.50131599999999
2.5357723255817244,8.294123042808003,114.50131599999999
2.0870888667018552,6.899643383185151,114.50131599999999
1.7837431784270992,6.21766690150481,114.50131599999999
1.6842395018283147,5.728401353522112,114.50131599999999
1.4093590759212173,5.28482439122387,114.50131599999999
1.25195217410008,4.784382403322909,114.50131599999999
1.213204804265855,4.716986008357504,114.50131599999999
1.165795725914356,4.7794617199719465,114.8294
1.1669059943407247,4.857203036333529,114.50131599999999
1.135033061311586,5.11410856644687,114.50131599999999
1.1679506795666375,5.222402720322222,114.50131599999999
1.1909339533952334,5.406910846909629,114.50131599999999
1.225926972687368,5.729231566196173,114.50131599999999
1.3035157366299825,6.07138953690208,114.17323200000001
1.5586929154776494,7.3471781974378985,114.50131599999999
2.2128098040540958,9.961686233205013,114.50131599999999
2.490759395908843,11.314957729161245,114.8294
2.714027954547793,12.359558054474991,114.50131599999999
2.504884182256164,12.602791732731742,114.17323200000001
1.7195548853195757,14.975946960803613,114.17323200000001
1.6905059381797893,16.456146661182984,114.17323200000001
-6.394667858,29.80321937268932,114.17323200000001
-10.9276241,34.95095458812811,114.17323200000001
-14.61281639,43.56501398866165,114.50131599999999
-18.23533084,45.64408418564833,114.8294
-19.5786722,45.83543511740327,114.8294
-20.74791039,45.712978153320705,114.8294
-21.60750933,45.597797167830905,115.15748400000001
-21.50780211,43.316480049282426,115.15748400000001
-20.76315416,42.855145235234055,115.15748400000001
-20.34189701,42.25303364086419,114.8294
-19.9242796,41.52152072692955,114.8294
-19.34762626,40.843451466119326,114.8294
-18.44361351,39.10721450572446,114.8294
-17.24497045,38.47403733768216,114.8294
-15.91666186,37.81713844018948,114.8294
-15.01576526,36.8911910490734,114.8294
-12.41419912,35.09823906760377,114.8294
-11.13313026,34.06928516493577,114.8294
-9.998588603,32.90930963439606,114.8294
-9.405252131,31.473510979780805,115.15748400000001
-6.741656534,29.186829547618267,115.15748400000001
-5.843713459,27.871702097179426,114.8294
-4.540621918,26.645348794805386,114.8294
-3.064962141,22.854222209372036,114.8294
-1.749794374,21.90278928844232,114.8294
-1.004463814,20.454551826208565,114.8294
0.5205787824823543,20.152628416292956,114.8294
1.6137524820075533,20.154461146761466,115.15748400000001
4.154198904294529,21.120729985220716,115.15748400000001
5.860527489928387,23.68158235629947,115.15748400000001
9.295602331707741,29.220215325975026,115.15748400000001
11.7956615814409,30.76678739243114,115.48556799999999
14.520450975445021,31.714166796906834,115.48556799999999
16.557307812907425,32.99245583286487,115.48556799999999
18.514931678005155,31.9349947370233,115.48556799999999
20.414791919531336,32.9150533114531,115.48556799999999
23.449610270633336,33.083040432180205,115.48556799999999
27.018493419373296,35.943037375398184,115.15748400000001
28.765281471335435,36.1312199787465,115.15748400000001
30.90333196787191,36.776958149381464,114.8294
31.740174990041186,36.95714142306365,114.8294
32.92988412389672,36.76502630571191,114.8294
34.08168460849689,36.28728351292487,114.50131599999999
34.89826688656584,35.9768084915242,114.50131599999999
35.14960472028129,35.86600947153212,114.50131599999999
34.61208622787354,34.994198892693994,114.8294
33.975570095646184,33.90757697489461,115.15748400000001
34.16394100453033,33.717773868859446,115.15748400000001
34.2198766272426,33.66100389544057,115.15748400000001
34.132486382783625,33.74961500464354,115.15748400000001
33.6592323804426,33.193214990647824,115.15748400000001
33.07069565493328,32.728320743694475,115.48556799999999
31.142833834420884,30.90719670517795,115.48556799999999
30.336318876103796,30.372315810782776,115.48556799999999
29.50063869012412,29.645142669926788,115.48556799999999
28.653959791455303,28.94758544962054,115.48556799999999
26.82206456415952,27.1956134247814,115.15748400000001
25.43231087357674,26.530296046973525,115.15748400000001
23.758966287865523,26.0900202408798,115.15748400000001
22.37304194778198,25.184111301374365,115.15748400000001
19.874753958282945,22.868252535787512,115.15748400000001
17.25714943139729,20.207153370886594,115.15748400000001
15.8082101821593,18.85460743798543,114.8294
13.965170615307226,17.67993959772714,114.8294
12.255756753762913,16.328440693828014,115.15748400000001
12.076032636701447,16.461803815395974,115.15748400000001
10.11020685003603,15.161220783241488,115.15748400000001
7.3158234570707705,11.726177651105742,115.15748400000001
4.890185396778631,8.376053493349588,115.15748400000001
3.806196594582131,7.167861452780795,115.15748400000001
3.164690884574462,6.8743044715831205,115.15748400000001
3.392640126278602,7.880103996373137,115.48556799999999
3.807456087005514,10.559506363655341,115.48556799999999
3.9551393617931003,12.012861281163099,115.15748400000001
4.489443447183408,15.301313978741774,115.15748400000001
4.2381455516717965,16.320028246955474,114.8294
3.984791199888446,17.722708778233496,114.17323200000001
3.872046251732424,17.96642994946794,114.17323200000001
-2.324244085,36.17574131156327,114.50131599999999
-13.65759544,42.60528864941427,114.8294
-19.07524194,47.23609723119941,114.50131599999999
-23.4426891,48.90743247570637,114.17323200000001
-24.6125746,48.22467818294478,114.50131599999999
-25.13273258,47.17752031144395,114.50131599999999
-25.74820445,46.128479316352255,114.8294
-25.58115423,45.80390602045263,114.8294
-25.57570644,45.321603513183646,114.8294
-24.77765253,44.04502712424382,114.50131599999999
-24.00666146,43.792820305363335,114.50131599999999
-23.10327184,42.69224682809519,114.50131599999999
-22.53494752,42.073776386809755,114.50131599999999
-20.9521259,40.838860553008246,114.50131599999999
-19.52943584,40.402924835634025,114.50131599999999
-18.88818925,39.49063222912874,114.50131599999999
-17.51595217,37.523894637409605,114.50131599999999
-16.29252195,35.31495695499048,114.50131599999999
-14.731759,34.68556046960334,114.50131599999999
-13.1693271,34.07449445545764,114.8294
-11.98956379,33.51235441683749,114.8294
-11.19433113,33.78630623273276,114.8294
-10.59717914,33.04858330247315,114.8294
-9.820429618,32.50563381221324,114.8294
-8.557663439,30.137667987612723,114.8294
-7.814526814,29.308677256737713,114.50131599999999
-6.205336601,28.51113941997603,114.50131599999999
-5.660602445,27.381074961410537,114.50131599999999
-4.239866551,24.865792677175815,114.50131599999999
-3.172848089,23.574651217535227,114.50131599999999
-1.864491274,22.148564647232064,114.50131599999999
-1.405525188,20.82000066355259,114.8294
-0.375082258,18.136837735288584,114.8294
0.43266088591604723,16.949170779715924,114.8294
0.9732016811901948,15.951574284889753,114.8294
1.3926367729263671,15.19520761485451,114.8294
2.544852288972469,14.580731522766069,114.8294
2.8734290768147734,14.519552687744477,114.8294
3.572128042397168,14.674605712664118,114.8294
5.937148616832192,17.380134222399093,114.8294
6.96034867244361,17.91232818810665,114.8294
8.373973477128219,18.958480413804494,114.50131599999999
9.038793691502342,19.37748308989035,114.50131599999999
9.709097663484087,19.51670908369568,114.50131599999999
10.717519086378394,19.72006670140073,114.50131599999999
11.447586260163503,19.58220106092446,114.50131599999999
11.641077750278674,19.548755323585848,114.8294
11.70907843212477,19.351239994817934,114.50131599999999
11.8113443413246,19.098957666867722,114.50131599999999
11.865597978441453,18.680041084134704,114.50131599999999
11.553742217188818,17.742917201059463,114.50131599999999
11.588850797761241,17.720005846842476,114.50131599999999
11.259428349411067,17.18335224671245,114.50131599999999
10.726848795100246,16.650129959316754,114.50131599999999
9.534021685202523,15.37183593533268,114.50131599999999
8.812103005518113,14.680573071066304,114.50131599999999
7.625725053801094,12.9426125976804,114.8294
6.964595064703159,12.042127373089643,114.50131599999999
5.676821393349075,9.980129229825204,114.50131599999999
4.174861658921659,7.825531156603862,114.50131599999999
3.3597461457021955,6.6987731435447655,114.50131599999999
2.166502729483657,4.4697436216872575,114.50131599999999
1.7245714753024375,3.7167284036201624,114.50131599999999
1.5712181959616294,3.5652260569956415,114.50131599999999
1.4816696225737753,4.133929771340639,114.50131599999999
1.7320322437966182,5.172608068326173,114.50131599999999
2.3948817714124195,7.588168082947103,114.50131599999999
2.753379315533101,11.53870484440643,114.50131599999999
1.9269463314319681,12.58595586992565,114.50131599999999
1.49006192313156,12.080994978643702,114.50131599999999
1.3660074467343533,11.973776562826233,114.50131599999999
1.3475865484028806,12.118083865128696,114.50131599999999
1.2875856008679645,13.008117401585462,114.17323200000001
1.2924631691086017,14.866397549558261,114.17323200000001
1.1543423686662975,16.27417164696414,114.17323200000001
1.0508072283251926,17.6958300122493,114.17323200000001
0.5414426090025963,19.527863321987876,114.17323200000001
-0.190528175,23.40457302232075,114.17323200000001
-1.315168315,25.37131718839278,114.17323200000001
-1.902685528,27.522072495334168,114.17323200000001
-2.573420189,29.47010550126528,114.17323200000001
-4.846582513,31.11711799417284,114.17323200000001
-6.489780754,34.05879963136481,114.17323200000001
-7.400936492,36.22111653885557,114.17323200000001
-10.35218477,37.02248951204391,114.50131599999999
-10.43135399,36.73089846962715,114.8294
-11.0292997,35.627471013364925,114.8294
-10.80321746,35.6181716243154,114.8294
-10.2223461,34.44459258267396,114.17323200000001
-9.230323533,33.1656923392906,114.50131599999999
-6.082640272,27.577814063972802,114.50131599999999
-4.758680178,26.244939833237986,114.50131599999999
-3.750528226,24.81001490543805,114.50131599999999
-2.231269141,21.742174504857555,114.50131599999999
-1.635923095,20.207544703869043,114.50131599999999
-1.202035135,18.65277935383005,114.50131599999999
-0.47780926,15.674051419900636,114.50131599999999
0.19501190937877336,14.273602735169783,114.50131599999999
0.5641271253810004,11.434452594294726,114.50131599999999
0.7051437580003453,9.988099570630144,114.50131599999999
0.6726390911761652,7.270262849296558,114.50131599999999
0.8683367091035548,6.016831482059623,114.50131599999999
0.8980817073754424,4.860675661431003,114.50131599999999
0.8202541308050514,3.992563636874223,114.50131599999999
0.7169691646879907,3.1628590439291595,114.50131599999999
0.831268842488556,3.2166679399720937,114.8294
1.042892276112988,3.5352764059138053,114.50131599999999
1.650039612299188,5.059970756854351,114.50131599999999
2.1763907921432946,6.1587843082468465,114.50131599999999
2.897641010468636,7.489407176281099,114.50131599999999
3.977893629732222,8.879876419703503,114.50131599999999
5.812239343823459,12.683879703024633,114.50131599999999
7.197422148105378,14.470190738233589,114.50131599999999
10.552093176582781,17.761672991294706,114.50131599999999
12.08407910435985,19.310654387918,114.50131599999999
14.732060541385366,22.338373566778838,114.50131599999999
16.642712226655252,23.065062493350506,114.50131599999999
17.897125055134232,24.022872187586362,114.50131599999999
19.736227425532295,25.571854812248645,114.50131599999999
20.907531239785616,25.627186817984587,114.50131599999999
22.04723198918398,26.139136546073697,114.50131599999999
22.52768257154379,26.282278239422016,114.50131599999999
22.59543296005992,26.298930546656447,114.50131599999999
22.90630445597117,26.081031971385688,114.50131599999999
22.71656299532483,25.950253381269484,114.17323200000001
22.53879837128247,25.204696072066227,114.17323200000001
22.183869878365794,24.850432570444834,114.50131599999999
21.657430925647567,24.41533578102284,114.50131599999999
21.011412196867568,23.997532161539837,114.50131599999999
20.398943595380516,23.38062577369449,114.50131599999999
18.971926636211446,22.013969850276773,114.8294
17.3198858246624,20.481917387729297,114.8294
16.45240710244512,19.608850424252825,114.8294
14.392877017859849,17.91824921764059,114.8294
13.13599219875013,17.14944719768542,114.8294
11.02260304789297,14.922065571969808,114.8294
9.92077141652128,13.647662186903856,114.8294
9.361046937588478,14.03749225819827,114.8294
8.048190359119499,12.899121862617552,114.8294
5.942601134328914,10.028007308721554,115.15748400000001
4.861788432399745,8.481968682959044,115.15748400000001
2.8000144280172923,5.535543606484842,115.15748400000001
2.063277842678177,4.349760163451797,115.15748400000001
1.6857509582546086,3.84767254214259,115.15748400000001
2.1384156302862465,6.034580574735168,115.15748400000001
2.522407777019228,8.107111176436849,115.15748400000001
3.3019551358854087,13.034395975300555,115.15748400000001
3.1277411199327996,15.853998854705491,115.15748400000001
2.917699419249782,21.71463526243007,115.15748400000001
1.9469433522369255,25.04162066723714,115.15748400000001
1.1153519172628206,28.083241590617437,115.15748400000001
-1.267244331,31.23746289378351,115.15748400000001
-3.098904602,34.305200108139076,115.15748400000001
-6.978276887,40.289906190057614,115.15748400000001
-9.899750634,42.93716527986929,115.15748400000001
-13.68898304,45.152643140923644,115.15748400000001
-17.18181571,49.75636217151464,115.15748400000001
-21.47886513,50.557021914140805,115.15748400000001
-25.28630223,53.33065468704016,115.15748400000001
-28.51274673,53.73154858048623,114.8294
-31.70908756,55.027954667551874,114.50131599999999
-33.46662093,55.01509801825449,114.50131599999999
-35.27941517,54.90923263642471,114.17323200000001
-37.37542561,54.66230973068673,114.17323200000001
-38.48592462,54.225726239492616,114.17323200000001
-39.00908008,53.735911940478665,114.50131599999999
-39.35620067,53.379110617674755,114.50131599999999
-39.37615451,52.77242602622283,114.8294
-39.65828097,52.560738609123774,114.8294
-39.30556797,52.424943045856686,114.8294
-39.16859676,52.04938380455106,114.8294
-38.54223125,51.38450358578571,114.8294
-37.99880089,51.159242409624866,114.8294
-37.06278271,50.22794028734947,114.8294
-36.59341185,49.56554911704255,114.8294
-35.19031639,48.331561819724485,114.8294
-34.26000251,47.73332513420643,114.8294
-33.04106375,47.16827893338039,114.8294
-30.83389433,45.55446791367516,114.8294
-29.10122337,44.98588740766702,114.8294
-27.39096988,44.25008487689938,114.8294
-25.95994918,43.2408880280142,114.8294
-24.3867214,42.20552929786347,114.8294
-22.40224058,41.32090664580468,114.50131599999999
-19.33296342,40.83877868752898,114.50131599999999
-12.5870684,37.04741752714326,114.50131599999999
-8.138904509,33.71357948970234,114.50131599999999
-3.439460261,20.06845182183847,114.50131599999999
-1.489907408,18.088876710176457,114.50131599999999
-0.568041671,14.601915027982754,114.50131599999999
-0.072344105,13.587471889630617,114.50131599999999
0.5780339179184674,13.138899138226776,114.50131599999999
1.6123819007389553,13.32306395162751,114.50131599999999
2.6667809742899764,13.939690665412039,114.50131599999999
3.7540158001249364,16.271148259393406,114.17323200000001
5.276564919706449,17.38986538033756,114.17323200000001
8.902399627680445,24.92243115265784,114.50131599999999
19.606819759175202,26.31420517151251,115.15748400000001
24.086217346431937,27.485184501143028,115.15748400000001
24.87645172154234,27.504215128430662,114.8294
24.826547456237396,27.224234393996007,114.50131599999999
24.227305663682035,26.59803656024296,114.50131599999999
23.881330515484645,26.107598305154315,114.17323200000001
22.65828891794501,25.186988494398907,114.50131599999999
21.939169484300944,24.629936857947833,114.50131599999999
20.42559086848459,23.35987779258825,114.50131599999999
19.667244643456762,22.63887302791256,114.8294
18.654142983249457,21.98384677994229,114.8294
17.808631892855388,21.193944751384194,114.8294
15.631596461121967,19.707703716862046,114.8294
14.443470748269691,18.89048859754527,114.8294
13.32366960417714,18.010742709154506,114.8294
11.373290767538004,15.743298775348135,114.50131599999999
10.232148525128489,14.62956084419122,114.50131599999999
8.74321278288484,13.767991091481399,114.50131599999999
7.606025970463154,12.656474854769334,114.50131599999999
5.891579671751068,10.308840797180284,114.50131599999999
4.789577544573131,9.470406125771039,114.50131599999999
3.913112297741158,8.239013750200916,114.50131599999999
3.760878736446352,8.410195797028589,114.50131599999999
3.9343703855242187,10.563098376940786,114.50131599999999
4.025266273059675,12.403999649392748,114.50131599999999
3.86732655257417,14.64977840440966,114.50131599999999
4.218300303437683,19.604256747262546,114.50131599999999
4.310395204940169,22.39285755831589,114.8294
2.3206919614400863,25.621526917880317,114.8294
1.31032458608164,28.762689244164648,114.8294
-0.978776967,31.91557356213542,114.8294
-2.929114341,37.91589958270442,114.8294
-6.622502934,40.252493489874816,114.8294
-9.268183381,42.58848945988024,114.8294
-14.01611082,46.06376216126963,115.15748400000001
-16.49234504,49.396975792159154,115.15748400000001
-20.10601125,49.69183321319631,115.15748400000001
-22.19802415,50.39136247805801,115.15748400000001
-23.79857036,50.812892471658415,115.15748400000001
-29.09467008,50.04115705430459,114.8294
-30.42448421,50.55775495341513,114.8294
-30.95541641,50.65362354610026,114.8294
-31.24123487,50.65871098660882,114.50131599999999
-30.25589504,47.641545701623606,114.8294
-29.57321355,47.433860808645655,114.8294
-28.98539968,47.23614874549918,114.8294
-28.48559819,46.87093604377453,114.8294
-27.8852405,46.63103428524746,114.8294
-27.39021067,46.237669955612816,114.8294
-26.79407273,45.97606057500026,114.8294
-26.19117508,45.02719227565538,114.50131599999999
-24.79347159,45.17872471398812,114.50131599999999
-24.06688202,45.035330756889735,114.50131599999999
-22.41718857,45.35459923147854,114.50131599999999
-21.75921749,45.261821307377815,114.50131599999999
-21.17376215,44.90503492813932,114.50131599999999
-20.78612413,44.7593404541813,114.50131599999999
-20.17072779,44.968471946641536,114.17323200000001
-19.65094974,45.26098713308971,114.50131599999999
-19.19588456,45.481496397650815,114.50131599999999
-18.93414454,45.51433694436887,114.50131599999999
-18.53971148,45.29910794497829,114.50131599999999
-18.12545758,45.119075134972626,114.50131599999999
-17.67866977,44.841729335220506,114.50131599999999
-17.00959846,43.72009976027777,114.17323200000001
-15.92740632,43.17591309816455,114.17323200000001
-13.95313903,41.629710682826094,114.17323200000001
-13.35653977,40.56881678857298,114.17323200000001
-12.36721554,37.861048949076036,114.17323200000001
-11.35443267,36.43069375609864,114.17323200000001
-10.27123563,35.00484424585843,114.17323200000001
-8.722361657,33.47820033320682,114.50131599999999
-6.814943823,29.885986377987503,114.50131599999999
-5.721021138,28.02125194518423,114.50131599999999
-4.193698298,23.893587950048538,114.50131599999999
-2.377882614,19.519310254067328,114.50131599999999
-0.237414027,17.346374612898057,114.50131599999999
0.5585312627100301,10.643919160168224,114.50131599999999
11.294618051778608,15.795116756825518,114.50131599999999
21.806963978276887,25.718439935831125,114.8294
22.441426628498984,26.088231620563477,114.8294
23.493690479507123,26.594583325362304,114.8294
23.835147807027298,24.62401450568795,114.17323200000001
23.120265024219187,24.27386788334941,114.17323200000001
21.650063312196014,23.192633604729217,113.845148
20.8270351676021,22.599204550547057,113.51706399999999
19.01988391623452,21.325491035662,112.860896
18.123491634294385,20.56671221571455,112.204728
17.167953923209957,19.88174126857481,111.876644
16.097167374244275,19.13552583545146,111.54856000000001
15.140078520715853,18.335595430300945,110.89239199999999
13.05087070535264,16.651323533728057,110.23622399999999
12.008749107712639,15.671913494504013,109.580056
10.870446222796446,14.769829552915057,109.251972
9.7313137293384,13.764593217637065,108.92388799999999
8.344568311034523,12.940613814403067,108.595804
6.473625915475567,10.733608066777974,107.93963600000001
4.984514374492551,8.721061372347851,107.611552
4.255314863943318,8.125007216790655,107.611552
3.7222733865432898,7.808330396540113,107.611552
3.6919168890438274,7.959466499806497,107.283468
3.3566842329782465,8.678518214728372,107.283468
3.3169732742024323,9.366955963157231,107.283468
3.4367994647200613,10.896893307267154,107.283468
3.325076999610077,11.730874198286028,107.283468
3.102953148055038,12.449208050591874,107.283468
2.88033220188133,13.222025348342509,107.283468
2.9070315841650376,14.579609337031815,107.283468
2.977777940943572,15.32255125390548,106.95538400000001
2.5538395743663993,17.264530534021354,106.6273
1.7195213844982244,18.442618135191665,106.6273
1.3160637372283248,21.0420867615474,106.29921599999999
0.32552712470758477,25.759755082024366,106.29921599999999
-0.688537466,28.986968899246463,106.29921599999999
-1.910943599,30.57712436301268,106.29921599999999
-2.5599157,32.19132293657692,105.97113200000001
-4.285673637,33.54393508668159,105.97113200000001
-6.14523706,34.66356244937411,105.97113200000001
-7.155224499,34.46925097212341,105.97113200000001
-8.093534539,35.51194936042994,105.97113200000001
-10.3005682,36.92755998075852,105.97113200000001
-11.62707722,38.433638475906804,105.97113200000001
-12.92455068,39.13112669445104,105.643048
-14.3494284,41.3628419842077,105.643048
-16.58056153,42.04604680787264,105.643048
-18.56607093,44.36430555527384,105.643048
-20.44186325,44.99437767380553,105.643048
-21.51589234,45.76982908495098,105.643048
-22.65706763,46.34402356983678,105.643048
-26.34774845,46.78419087326929,105.97113200000001
-27.1374592,46.77072699255161,105.97113200000001
-28.31474173,46.74166602222189,105.97113200000001
-28.52425889,46.911553633236956,105.97113200000001
-28.95802585,46.82489951078041,105.97113200000001
-29.22150392,47.01707546005408,105.97113200000001
-29.10264148,47.27615399054834,105.97113200000001
-29.77842376,47.2009844337381,105.97113200000001
-30.07486895,47.152026304515324,105.97113200000001
-29.6551568,47.410925659999116,105.97113200000001
-30.6579992,46.224809594708695,105.97113200000001
-30.23700378,46.01957650889612,105.97113200000001
-28.94863885,45.43318136822727,105.97113200000001
-27.8094835,45.2250937605433,105.97113200000001
-27.09206939,44.68828155658874,106.29921599999999
-26.26237621,44.073452825834586,106.29921599999999
-25.62695879,43.301876430984755,106.29921599999999
-24.07979927,41.792860386150736,106.29921599999999
-23.05891173,41.16315184839865,106.29921599999999
-21.86614317,40.53513198003158,106.29921599999999
-20.07659107,39.18178309520114,105.97113200000001
-18.62434292,38.81305731803451,105.97113200000001
-17.83913572,38.08228375907623,105.97113200000001
-17.07684416,37.41762837253485,105.97113200000001
-15.83869503,36.922012518446365,105.97113200000001
-14.60984958,36.521478134299784,105.97113200000001
-13.57995263,36.03915067693034,106.29921599999999
-12.16310126,35.859153682987504,106.29921599999999
-11.62803766,35.3961736726636,106.29921599999999
-11.24311959,34.67419913249681,106.29921599999999
-11.03029132,34.54072020361294,106.29921599999999
-10.36774963,34.55698687883393,106.29921599999999
-10.05474167,34.591275251073284,106.29921599999999
-10.03590466,34.6698434433933,106.29921599999999
-9.554507672,34.85151362411985,106.29921599999999
-9.659825782,35.0144589124341,106.29921599999999
-9.510436519,35.08218488150646,106.29921599999999
-9.281002343,34.79021686104562,106.6273
-8.885901187,33.38763645604357,106.6273
-7.927143684,32.86895146634823,106.6273
-7.070362053,30.863087722062986,106.6273
-6.542429306,29.55520422481849,106.6273
-5.444162428,26.7259764939871,106.6273
-4.409889327,25.3308141347501,106.6273
-3.030318799,22.170967334028393,106.6273
-1.594747448,20.640420287189173,106.6273
-0.879574712,15.221590327372256,106.6273
3.0165024606497917,13.851293267273181,106.95538400000001
6.46728274582873,14.17035079404038,106.95538400000001
7.791956826953779,17.19419191085349,105.97113200000001
7.167265868278806,17.630815318036277,105.643048
7.3649923115664,17.79154934586772,105.97113200000001
6.805527914875211,18.46138444233348,105.97113200000001
6.803378582193125,19.611030175085066,105.97113200000001
6.589733936766736,20.241243774168655,105.97113200000001
6.584933628233881,21.592378134266955,106.29921599999999
5.712512197642611,22.61713061675708,106.29921599999999
5.4574617933110074,24.642716643414083,106.29921599999999
4.976762156157444,25.836090515135197,106.29921599999999
3.7334234951054373,28.503518286979926,106.29921599999999
2.610614982983021,29.919788454337755,106.29921599999999
1.5723577951980672,32.75605096052574,106.6273
0.004669143114225438,35.470145182686664,106.6273
-1.771814976,36.709892107715845,106.6273
-2.834207837,37.65661752234542,106.6273
-4.69411127,38.409104387184726,106.6273
-6.323771964,38.812682798216485,106.29921599999999
-7.597232475,38.58362990385903,106.29921599999999
-8.233453964,39.12803620363665,106.29921599999999
-8.765925318,39.499635847020954,106.29921599999999
-10.59908657,40.19934494339495,106.29921599999999
-11.91678619,40.47200388767306,106.29921599999999
-12.69160476,40.797188471765594,106.29921599999999
-13.56745327,41.10348213246546,106.29921599999999
-13.87056262,41.44630966157231,106.29921599999999
-14.36311809,41.85788894472937,105.97113200000001
-14.61582551,41.776577024774284,105.97113200000001
-15.60583066,41.17704026476541,105.97113200000001
-15.55502785,40.18749502758725,105.97113200000001
-15.29870625,39.54756865699412,105.97113200000001
-14.75288703,38.058566497674754,105.97113200000001
-13.32662969,37.6392159013747,105.97113200000001
-13.06563385,36.673151491020285,105.97113200000001
-12.39209214,35.80045500433075,106.29921599999999
-11.7931322,34.829595921686305,106.29921599999999
-10.73023825,32.669784739580294,106.29921599999999
-9.854048571,31.586870511527124,106.29921599999999
-8.993877962,30.448450563288187,106.29921599999999
-7.896481406,29.254216868889323,106.29921599999999
-6.47041156,28.076102211763033,106.29921599999999
-5.104957361,25.174660104331775,106.6273
-3.822979519,22.224442220151527,106.29921599999999
-2.766357933,20.79578001925508,106.29921599999999
-1.669504953,17.950186860866825,106.29921599999999
-1.135859945,16.677408187341,106.29921599999999
-0.412360404,14.37312186070815,106.29921599999999
0.3474891365179132,13.390932219268935,105.97113200000001
0.8152857481954298,12.634352753572513,105.97113200000001
1.1678334546664997,11.986221990691082,105.97113200000001
1.5219515644666766,11.31440273799811,106.29921599999999
2.1179059376531724,11.152419357749459,106.29921599999999
2.9621794857406325,11.631426224412998,106.29921599999999
3.409054459664391,11.64888264798789,106.29921599999999
3.7570983440073333,11.737634143657779,106.29921599999999
3.9465198079678068,11.717066951344762,106.6273
4.1490507272001675,11.147772052709996,106.6273
4.28852367305515,10.60522340134183,106.6273
4.317406321872829,9.662729592792349,106.6273
4.2080562698243895,9.210202285747553,106.6273
3.433934984899467,7.4303034506318095,106.6273
3.130905689503508,6.759160176500303,106.6273
2.8095589267349568,6.062835837511567,106.6273
2.462709821609925,5.369023118910771,106.6273
1.8865744194254024,4.143263476847625,106.6273
1.910384086098902,4.200699124657337,106.6273
2.2486887574539054,5.48024524672522,106.6273
2.7149631842006894,7.688497430953388,106.29921599999999
2.941102558140453,8.984087032457635,106.29921599999999
3.2804641427172507,10.326914951116779,106.29921599999999
3.5818363089854466,13.234018233389593,106.29921599999999
3.4971020027466833,14.750531726105924,106.29921599999999
3.304523249260216,16.38441987138679,106.29921599999999
3.319349452119214,17.89347817702251,106.29921599999999
2.568780897581732,19.61287448369413,106.29921599999999
2.003217283882551,22.82440081494516,106.29921599999999
1.1800757249548368,24.430473231024816,106.29921599999999
-0.019438753,26.099927981185978,106.6273
-1.859444507,29.263228115245592,106.6273
-4.05002244,30.68208300488925,106.6273
-6.150740944,33.92628343774636,106.6273
-7.463949772,35.564781213564714,106.95538400000001
-12.89017516,39.56399702526119,106.95538400000001
-14.44186405,42.010188120637025,106.6273
-20.82569652,43.76336331095731,106.6273
-21.70247822,44.54865052018509,106.29921599999999
-23.5395366,45.87406177288524,106.29921599999999
-25.88300869,46.67296122295334,105.97113200000001
-27.52312482,46.714732847584735,105.97113200000001
-28.69923121,47.7496451535278,106.29921599999999
-29.71845678,47.862818842664,106.29921599999999
-29.52392351,48.70156509766376,106.29921599999999
-30.77514186,48.48746182104926,106.29921599999999
-31.9593043,48.25491119371154,106.29921599999999
-32.3405962,48.66694447892186,106.29921599999999
-32.51584521,48.644375542666396,106.29921599999999
-32.38744228,48.798490862022064,106.29921599999999
-32.082509,48.70434066056039,106.6273
-31.5317789,48.70897244989102,106.6273
-31.02432606,48.10915133002898,106.6273
-29.55111719,48.45541505304941,106.6273
-29.10936954,47.97031048381756,106.6273
-28.46330827,47.58392459389591,106.6273
-26.94358263,46.6160966497637,106.6273
-25.14088327,45.44317596874013,106.6273
-21.4926948,44.846052831336515,106.6273
-19.78164529,42.93037068004527,106.6273
-16.08369971,38.31207857785364,106.6273
-14.09940335,35.62679143883689,106.6273
-9.849832478,35.24601435709365,106.6273
-6.898461275,32.14810294786726,106.6273
-5.088250559,28.41544948737674,106.6273
-4.135144964,26.440009060719348,106.6273
-2.087879319,24.522696860954355,106.6273
-1.065666492,22.36994022139584,106.6273
0.023974111038218227,17.88302256007279,106.6273
0.8776461655071415,15.648834154070105,106.6273
1.085998525061293,11.596965575105886,106.6273
1.3756502575438925,9.833012015348684,106.6273
1.3973971833296235,7.203975640761685,106.95538400000001
1.449702526863314,6.444601260678927,106.95538400000001
1.4792960254408014,5.999718714871517,106.6273
2.112487015664027,6.711376051864415,106.6273
2.616618466441921,7.469273475035545,106.6273
2.848005504443518,7.860528265278422,106.6273
3.1854023963366105,8.13031242430315,106.6273
3.502175966981675,8.407410550047022,106.29921599999999
3.6363527265650895,8.675983641690298,106.29921599999999
3.9533816223823757,9.010287162055048,106.29921599999999
4.063224733418298,9.014109209742246,106.29921599999999
4.0649394053648225,8.956584589271834,105.97113200000001
4.013080510076942,8.779796255996926,105.97113200000001
3.7628652501379976,8.26262223820584,106.29921599999999
3.6046313846824662,7.944536529809345,106.29921599999999
3.3999946930191136,7.575652217359987,106.29921599999999
2.9730363351683495,6.955520416646348,105.97113200000001
2.8184837770189115,7.070030532270586,105.97113200000001
2.868196957528268,7.869981491335228,105.97113200000001
3.2373216835757566,9.18235590992816,106.29921599999999
3.0327321104987264,9.251942914085252,106.29921599999999
2.493625565032312,10.123016391713811,106.29921599999999
2.2835354461452964,12.737177846505007,106.6273
0.5768852793655624,18.276167215388487,106.29921599999999
0.49992870569112396,18.864965542901306,106.29921599999999
0.5108697701504904,18.8925697743549,106.29921599999999
0.459317306260017,18.53935755122154,106.29921599999999
0.22623808792443323,18.438540508768515,106.29921599999999
0.1445389155384171,18.27629912275086,106.29921599999999
0.18680759961457674,18.21232994328674,106.29921599999999
0.14885502085765542,18.131115266328134,106.29921599999999
0.2760132406284169,18.08811790882154,106.29921599999999
0.34833084557175803,18.0788302281469,106.29921599999999
0.4527886147035501,18.063683567239618,106.29921599999999
0.42704607377752934,18.052069530812005,106.29921599999999
0.3281319204307803,18.004851985404045,106.29921599999999
0.38780993505728023,17.946631163813187,106.29921599999999
0.42979875864745004,17.916565270936736,105.97113200000001
0.25213184799839616,17.878701831632302,105.97113200000001
0.24039664435170613,17.84431310474919,105.97113200000001
0.23705925375584724,17.844357753563113,105.97113200000001
0.48259330064031625,17.794441948767247,105.97113200000001
0.4291759437239069,17.731848192264966,105.97113200000001
0.5155640282211837,17.711592911935416,105.97113200000001
0.5534861573237306,17.656944520034727,105.97113200000001
0.5692721130496073,17.64383764823579,105.97113200000001
0.43419119384334115,17.611381385781698,105.97113200000001
0.5259227839236592,17.58406653180919,105.97113200000001
0.5991213144793051,17.581724722571405,105.97113200000001
0.5597455487192172,17.56736482010946,105.97113200000001
0.4075282743432427,17.54822187458632,105.97113200000001
0.5951773396121787,17.5319284306457,105.97113200000001
0.6579578193108626,17.502401589317486,105.97113200000001
0.5311238827537463,17.502540906444928,105.97113200000001
0.5385319846288288,17.50487480535282,105.97113200000001
0.6120209860294621,17.50646457757682,105.97113200000001
0.40343325133716584,17.526132148950964,105.97113200000001
0.5329579420127166,17.524969318133707,105.97113200000001
0.5348152692209495,17.53013169362082,105.97113200000001
0.5651605829530469,17.53334845262264,105.97113200000001
0.6217711914853004,17.512916615201203,105.97113200000001
0.6188107812693355,17.521852434688338,105.97113200000001
0.49168083165852594,17.531624290602114,105.97113200000001
0.5959176197210027,17.586035481535653,106.29921599999999
0.6951335818271377,17.82762795800663,106.29921599999999
0.5199833907548247,18.234484367494648,106.29921599999999
0.29232853784960766,19.516184091036187,106.29921599999999
-0.055067449,20.458948850169843,106.29921599999999
-0.346283404,21.497507161798996,106.29921599999999
-0.723646409,22.773217552831607,106.29921599999999
-1.406474352,24.084361902062515,106.29921599999999
-1.961429052,27.21013963021321,106.29921599999999
-3.256262357,28.85477404992381,106.29921599999999
-4.566858872,30.455762691969362,106.29921599999999
-6.324682891,33.94334687277975,106.29921599999999
-7.609817551,35.62880298633435,106.29921599999999
-10.3869258,38.94441316495577,106.29921599999999
-12.1582665,40.49227275584469,106.6273
-14.7716713,43.49685520019772,106.6273
-17.71355555,44.10362967343209,106.6273
-20.48680192,46.076650944000505,106.6273
-22.64250581,47.762372303845204,106.6273
-24.22909755,48.174021415286916,106.29921599999999
-26.26520075,47.92858455205783,106.29921599999999
-27.67696521,47.98042059280587,106.29921599999999
-28.96575266,47.6898083524302,106.29921599999999
-29.39211279,47.91463859519381,106.29921599999999
-30.37641491,47.44134379017591,106.29921599999999
-30.98684536,47.22080617522757,106.29921599999999
-31.03251682,47.2430201634802,106.29921599999999
-30.98564424,47.071622263810724,106.6273
-30.42033579,47.224806966317544,106.6273
-29.49049373,47.271240521859774,106.6273
-28.22057964,46.659066113518165,106.6273
-27.32707468,45.72969613585471,106.6273
-26.15971149,44.48117614057802,106.6273
-24.52259382,44.26932237112417,106.6273
-23.33770577,43.74060429966478,106.6273
-21.70412081,43.27828084742221,106.6273
-20.67791735,43.77787326118765,106.6273
-20.03722731,42.74465374850423,106.6273
-18.07668149,42.17514457035918,106.6273
-15.98377292,40.008304931315486,106.6273
-13.44271872,39.37275400582106,106.6273
-11.98661504,36.570607174737155,106.6273
-9.937470593,35.48790960555772,106.6273
-8.149876132,32.401859124810926,106.6273
2.46235357180383,14.184348347943438,106.6273
2.6789577413613013,13.451410397295101,106.6273
3.318744564514666,13.634655003872126,106.6273
4.971730008475253,13.583074609279247,106.29921599999999
5.1763564573798035,13.841230439748827,105.97113200000001
5.245687128487605,14.070015032226761,105.97113200000001
5.428348309387385,14.204912966749422,106.29921599999999
5.452638227863108,14.344804694522011,106.6273
5.478333342257582,14.400460889924048,106.6273
5.535264330417766,14.421028091308143,106.6273
5.673462916014067,14.425653077951266,106.6273
5.718753985639803,14.432252585688872,106.6273
5.759931763604523,14.415691260982237,106.6273
5.7469061171652465,14.42611585210682,106.6273
5.759872567732936,14.371684072252702,106.6273
5.77330185424191,14.406312689778947,106.6273
5.616011848281816,14.247574227412533,106.6273
5.512388580727844,14.18324805455252,106.6273
5.4343389631494565,14.224715567271817,106.6273
5.206117565534075,14.569817633998735,106.6273
5.162702354061108,15.036662801738883,106.29921599999999
5.149222566826352,15.759674698232038,106.29921599999999
5.653285530697172,17.6575415370299,106.29921599999999
4.8616662025974335,17.89169114863232,106.29921599999999
4.4838834065193085,19.238215955001497,106.29921599999999
4.117574153700277,20.69902086240403,106.29921599999999
4.4588648508425335,23.22309766097228,106.29921599999999
3.7302192494614057,24.472660710130103,105.97113200000001
2.6770455826522075,26.298117943530077,105.97113200000001
1.9868765661503482,26.813232675271394,105.97113200000001
1.4405246544464518,27.280958374957407,105.97113200000001
0.3227220422080854,27.546371665030186,105.97113200000001
-0.435317234,27.35421442202767,105.97113200000001
-1.409402718,27.25479095654717,105.97113200000001
-1.672530598,26.706012244882707,105.97113200000001
-1.996222704,26.306028385071134,105.97113200000001
-2.128809825,25.7806965147434,106.29921599999999
-2.44329887,25.65171770508732,106.6273
-3.297934277,25.89857511989182,106.95538400000001
-3.400136681,26.412327485678734,106.95538400000001
-4.248570554,26.966352465745615,106.95538400000001
-4.979655323,28.852769273165144,106.95538400000001
-5.770957296,30.05957803521853,106.95538400000001
-6.472401185,31.274313029143773,106.6273
-7.405967951,32.701390320048894,106.6273
-8.928557965,33.98584728541447,106.6273
-10.1177285,35.355727336997255,106.6273
-11.57945795,36.63033897766707,106.29921599999999
-12.57975561,38.177698119084454,106.29921599999999
-15.18738454,41.07690547834367,106.29921599999999
-17.37592722,42.204443651998005,106.29921599999999
-18.84332164,43.639326505999236,106.29921599999999
-20.93423145,44.79458064478838,106.29921599999999
-22.27304757,46.0954863165604,106.29921599999999
-25.63728434,47.71538134673294,105.97113200000001
-28.00398388,49.64049453022155,105.97113200000001
-28.99638981,49.367096201567634,105.97113200000001
-29.65034375,49.03731930512599,105.97113200000001
-29.88555759,48.735834138708846,105.97113200000001
-30.11098895,47.57608681458364,106.29921599999999
-30.00361887,46.18029322612715,106.29921599999999
-29.88238387,46.25883442386638,106.29921599999999
-29.47168505,45.641416758031255,106.29921599999999
-28.88188099,45.124296451534306,106.6273
-27.95260007,44.70011791910549,106.6273
-26.52300177,43.386170792343854,106.6273
-25.86036891,42.560534748064526,106.6273
-25.12180475,41.728515102328316,106.6273
-23.95841597,41.005294221476376,106.6273
-21.83915851,39.23417589776628,106.6273
-20.35190458,38.47622560777463,106.6273
-18.55303053,37.70892478118884,106.29921599999999
-17.19688892,36.67273080448781,106.29921599999999
-14.83844704,34.11726372887566,106.29921599999999
-13.0580269,32.928253476901375,106.29921599999999
-11.0201696,31.744239299579302,105.97113200000001
-9.384913122,28.221328139344457,105.97113200000001
-7.143509723,26.797572943467433,105.97113200000001
-4.991703559,25.10069496659218,105.97113200000001
-3.115736491,21.36528222090504,105.97113200000001
-1.583839801,19.515757548758657,105.97113200000001
-0.728228481,15.860981950052066,106.29921599999999
0.2738377671861548,13.210253058089313,106.29921599999999
0.8602247299627636,12.582999224919588,106.29921599999999
2.4760137287921045,12.694045081742333,106.95538400000001
3.259280705580267,13.202089275059437,106.95538400000001
4.172814792467217,13.799047733028239,106.95538400000001
5.1245354696105565,15.296515008021105,106.6273
6.214583580518819,15.803345239226443,106.29921599999999
7.247716761055609,16.083727526081688,106.29921599999999
8.013890472444775,17.027903067577544,105.97113200000001
8.356187244773599,16.862563806059885,105.97113200000001
9.08946269807649,16.986371990611588,105.97113200000001
9.867390658707428,16.844388554460057,105.97113200000001
10.056688318667685,17.052375982951105,105.97113200000001
10.284606038566965,17.08361403579062,105.97113200000001
10.387937205797378,17.27135591675175,105.643048
10.521300348192899,17.28138396221401,105.643048
10.6911147448488,17.30509009519702,105.643048
11.029738993209735,17.428397613513948,105.643048
10.986366386497659,17.636736097885926,105.643048
11.603604019760366,18.219195406078942,105.643048
11.784655352166576,18.386562589192526,105.643048
12.146712960360322,18.843190775859416,105.643048
12.481627546073188,19.27016532155847,105.643048
12.668309942666339,19.455784970622418,105.643048
12.93919325892645,19.456619051078466,105.643048
12.993231788261156,19.531161954863716,105.643048
12.806290086360594,19.409947991412267,105.643048
12.330950141811373,18.911112425592762,105.97113200000001
11.57755934617318,18.14051196304748,105.97113200000001
11.159696371457592,17.7158820311243,105.97113200000001
9.288371979654102,17.321425544214637,105.97113200000001
7.342521828976713,15.09441813125489,105.643048
5.108581732111088,15.928287725935853,105.643048
3.1124111510828394,17.13797939864258,105.97113200000001
2.5734860707645844,18.09262896314855,105.97113200000001
2.3340528468285195,18.673660542919748,105.97113200000001
1.9847830832037727,18.724102081220842,105.643048
1.4135248259049533,18.438746921428937,105.643048
1.0444846838195803,17.037732761701907,105.643048
0.8610626908881615,16.3941029011154,105.643048
0.8964015197765334,15.237830018400947,105.97113200000001
0.7632699234752651,14.717590534459648,105.97113200000001
0.7371877213668842,13.79718391385042,105.643048
0.826233615813144,13.504308699559447,105.643048
0.7708641564415484,13.285332185974948,105.643048
0.8664028043742733,13.35124892788484,105.643048
0.8944408208139919,13.556088850505255,105.643048
0.9628550052888939,14.90360848509705,105.643048
0.9584928454110263,16.063457251506097,105.643048
0.8374817288887717,17.28339654043915,105.643048
-1.214280595,21.57389304825817,105.97113200000001
-1.457186501,21.656379181942988,105.97113200000001
-1.480401768,21.810512389705515,105.97113200000001
-1.592136316,22.063759071033335,105.97113200000001
-1.699689922,22.70935004161833,105.97113200000001
-1.835998161,23.049796309408844,105.97113200000001
-1.717563305,23.465112078531455,105.97113200000001
-1.740687193,24.21070150162225,106.29921599999999
-1.917984255,24.572801475168383,106.29921599999999
-1.882002781,25.71652968036758,106.29921599999999
-1.869291153,26.536408906458504,106.29921599999999
-3.438154945,27.39318396916493,106.29921599999999
-3.770751052,29.851965428460403,106.29921599999999
-4.837678749,31.15140673626272,106.29921599999999
-5.610234377,32.748314875640396,106.29921599999999
-6.983639057,36.159541991957056,106.29921599999999
-8.667908331,39.80100534598145,106.29921599999999
-10.62110334,41.46446548194669,106.29921599999999
-12.37626361,40.974843901975255,106.29921599999999
-12.8514819,40.828288559520416,106.29921599999999
-14.89979725,42.06059902378111,106.29921599999999
-17.809007,44.47362382702967,106.29921599999999
-20.22000619,45.996950430289935,106.29921599999999
-21.10652379,46.52084870290979,106.29921599999999
-22.26885005,46.778656307017904,106.29921599999999
-22.22662674,46.67739317706148,106.29921599999999
-22.42549073,46.53374513424304,106.29921599999999
-22.00242832,45.11014805672214,106.29921599999999
-21.65277663,44.6526950193623,106.29921599999999
-20.56537054,43.528423583740896,105.97113200000001
-19.84121515,41.97752557156059,105.97113200000001
-19.19936131,41.23639902436221,105.97113200000001
-17.88130175,40.76869215678673,105.97113200000001
-16.74915309,40.15400349564716,105.97113200000001
-16.08135931,40.42608079967284,105.97113200000001
-13.66641596,40.20047961222808,105.97113200000001
-12.78953216,39.34419503926437,105.97113200000001
-11.98587079,38.39819401279041,106.29921599999999
-9.928958249,36.555496364063025,106.29921599999999
-6.390849085,34.925680477961556,106.29921599999999
-4.551749909,34.03292024033193,106.29921599999999
-2.545926331,31.9194625930454,106.29921599999999
-1.447890749,29.82517887775322,106.29921599999999
0.3058877888413223,28.904156666015574,106.29921599999999
1.4511925510109371,27.387761832248486,106.29921599999999
2.6169423877471365,26.817401349299786,106.29921599999999
3.700980605879513,26.36350584910697,106.29921599999999
5.01618318830839,25.968354023119026,106.29921599999999
5.824182091754668,25.742142440892003,106.29921599999999
6.742576770147039,25.582102341303237,106.29921599999999
7.603039034999291,25.460927308307557,105.97113200000001
8.13154637585232,25.596746608871104,105.643048
8.712507220369206,25.54915324405847,105.643048
8.98104103812353,25.6034290981814,105.31496399999999
9.396066157666855,25.683274905087085,105.643048
9.51005579618927,25.720143125870067,105.643048
9.304274145652672,25.97167381864997,105.97113200000001
9.26641585853843,26.121358564684595,105.97113200000001
9.037916365311217,26.800153292856564,106.6273
8.960914452052297,27.241732421399185,106.6273
8.545857938576624,27.680894623625566,106.6273
8.455374243390432,27.901559170108335,106.29921599999999
8.495457118676896,27.95872163776865,105.97113200000001
8.46401021178989,28.03742325637803,105.97113200000001
7.699075188539647,28.325494064886676,105.97113200000001
7.744247299135089,28.57581367726329,105.97113200000001
7.62613510396588,29.043213424479934,105.97113200000001
7.383418332433092,29.390235668081438,105.97113200000001
7.046910865562489,29.80830745979781,105.97113200000001
6.747207409803316,30.24223285713983,105.97113200000001
6.487653176907511,30.912340580147585,105.97113200000001
6.284285041430128,31.274641074492504,105.643048
5.8837337859731305,31.314877534354263,105.643048
5.530684305929159,31.278941998227403,105.643048
4.768052551483296,31.142092675111616,105.643048
4.043935109331368,31.244373095814613,105.643048
2.8466843661311847,30.20868994382496,105.97113200000001
1.8343241793182847,29.71180447509963,105.97113200000001
1.0056556827756102,29.845562823202076,105.97113200000001
-0.034647445,31.452376936464795,105.643048
-0.379755404,31.574292164951547,105.643048
-0.544601547,31.70894007474927,105.97113200000001
-0.627877249,31.726334583334108,105.97113200000001
-0.5755498,31.647031594834058,105.97113200000001
-0.717418533,31.584702067378224,105.97113200000001
-1.257604647,31.226491558618587,105.97113200000001
-1.394993944,31.106138151541213,105.97113200000001
-1.667841329,30.794008316690707,105.97113200000001
-1.800523077,30.579881250364675,105.97113200000001
-2.108667743,30.051340074238965,105.97113200000001
-2.197418169,29.763054743308793,105.97113200000001
-2.387805504,29.140951855285955,105.97113200000001
-2.880123419,28.799751135114924,105.97113200000001
-3.376007405,28.507850930944326,105.97113200000001
-3.406940088,28.22253467424774,105.97113200000001
-3.601452896,27.536747439901887,105.97113200000001
-3.600472198,27.10283961147317,105.97113200000001
-3.617218441,26.48844576215495,105.97113200000001
-3.473677821,25.875788003069193,105.97113200000001
-3.211469575,24.398542297947355,105.643048
-2.839604367,23.65586901011487,105.31496399999999
-2.194047714,23.104622590281878,105.31496399999999
-1.976054168,21.94750886583743,104.658796
-1.662836594,21.18076060266029,104.330712
-1.521734037,20.99038503561946,104.002628
-1.462852166,20.792173601075365,104.002628
-1.501627375,20.71996962883297,103.674544
-1.505340158,20.719700219889436,103.674544
-1.539875304,20.770194875149055,103.674544
-1.508635103,20.878538822226883,103.34646
-1.250903525,20.966425326244657,103.34646
-1.299023161,21.092057241763175,103.018376
-1.208644783,21.307218046709377,102.690292
-1.193408524,21.379382286103084,102.362208
-1.005607831,21.414427271657182,102.034124
-0.980854138,21.361614500452934,101.37795600000001
-0.964498783,21.216704713843747,100.393704
-0.86722344,21.192401879467774,100.06562
-0.785215169,21.13492723065678,99.73753599999999
-0.756981594,21.152043714234214,99.08136800000001
-0.584294316,21.221847059667375,99.08136800000001
-0.603661284,21.29561315226533,99.08136800000001
-0.454602008,21.276312569367658,99.409452
-0.504322074,21.250217885433795,99.409452
-0.441641523,21.083334871537524,99.409452
-0.385689776,20.95596614433871,99.409452
-0.292136155,20.874367311643862,99.409452
-0.376551822,20.78018505578832,99.73753599999999
-0.103333616,20.729565950714715,99.73753599999999
-0.138518812,20.729360696359944,99.73753599999999
-0.053064123,20.75649451070965,99.73753599999999
-0.042810921,20.805468434537058,99.73753599999999
-0.067500298,20.862588322661185,99.409452
0.4960327132013097,20.779612573910715,99.409452
0.7081911829911804,20.583687582444398,99.409452
0.971044727712252,19.27368450700755,99.409452
2.9018832399413923,17.823816142226708,99.409452
3.297114473186533,16.13266490934656,99.409452
3.750949337183451,15.683745723779799,99.409452
5.065441987648191,16.715827380216275,99.409452
5.782300658921026,17.465616358327356,99.409452
6.8437573612663725,18.298731787132983,99.409452
8.775245604753954,20.139088174701975,99.73753599999999
10.794458072215152,21.539456530941482,100.06562
13.203002687544656,22.157889528996165,99.73753599999999
13.7712352684636,23.000139980563674,99.73753599999999
14.2978988084042,23.055663095050853,99.409452
14.04462865033924,21.851895125882425,99.409452
13.496285191909953,20.844369482291494,99.409452
6.4598273224176275,23.474509016454864,99.73753599999999
1.159145015234475,29.056646690493185,100.06562
-0.620307385,33.49557013908994,100.06562
-1.374978494,34.0910505830924,100.06562
-2.115681384,34.45084659301018,100.06562
-2.370885593,35.035357954229646,100.06562
-3.190391665,35.20053292297142,100.06562
-4.396207145,35.095149174888185,100.06562
-5.227460428,34.80815267033318,100.06562
-5.620636611,34.746831207214576,100.06562
-5.89429804,34.48945535829853,100.06562
-5.941771621,33.74865658912579,100.06562
-6.336529012,33.26238549191234,100.06562
-6.540899205,32.865608827670144,100.06562
-6.467218629,32.449077211786694,100.06562
-6.681448063,32.470293744908055,100.06562
-7.006573976,33.01973202954777,100.06562
-7.411829676,34.13873263943369,100.06562
-8.175565918,34.66274900783171,100.06562
-10.27964414,36.008271415907345,100.06562
-10.96406434,36.9947956639143,100.06562
-12.71015944,39.01603541468151,100.06562
-13.69888217,40.09374903180955,100.06562
-15.06211753,41.2368889360625,100.06562
-17.30148652,42.02504881185842,100.06562
-19.89310887,44.57295559947227,100.06562
-21.62239398,45.761345258598176,100.06562
-24.40426441,48.52697993646415,99.73753599999999
-27.36354431,49.03000352295993,99.73753599999999
-29.90177244,49.69371788896823,99.73753599999999
-35.67920729,51.987441719464194,99.73753599999999
-37.85376516,52.016359487395256,99.73753599999999
-39.14497574,52.51550409170006,99.73753599999999
-42.60181647,51.94259703972008,99.73753599999999
-43.39654827,51.59640694829276,99.73753599999999
-43.86181651,51.003882284691116,99.73753599999999
-43.99560371,50.74227733565497,99.73753599999999
-43.47480778,50.15384118051466,100.06562
-43.0634269,49.71760627733869,100.06562
-42.78486406,49.17435637129556,100.06562
-42.31502419,48.66380083434862,100.06562
-41.19193764,47.61711233053766,99.73753599999999
-40.19857931,47.35321001521072,99.73753599999999
-39.13965602,47.06239417877306,99.73753599999999
-37.69606128,45.65864241048461,99.73753599999999
-36.2329032,45.404986993424274,99.73753599999999
-34.15088006,45.586798628626674,99.409452
-33.15465012,44.78693436329865,99.409452
-31.0100812,43.08139200318057,99.409452
-29.35173977,42.53359484189924,99.409452
-18.65388936,37.28751677035717,99.73753599999999
-17.00421687,35.99541391050882,99.73753599999999
-13.98069446,33.14590759421026,99.73753599999999
-8.850068187,28.924277117653652,99.73753599999999
-6.738380252,27.59935905575061,99.73753599999999
-4.825902074,24.582554231731,99.73753599999999
-3.14189928,23.390452790856315,99.73753599999999
-1.711425382,22.232290183390866,99.73753599999999
-0.38990513,20.39056447876977,99.73753599999999
1.25551084475846,19.799768483796523,99.73753599999999
1.7115148100071218,19.455474232716,99.73753599999999
3.122658945047098,19.229771343199626,99.73753599999999
3.9968341240603076,19.18979839860708,100.06562
5.3027509945128015,19.419637645748384,100.06562
6.24741915182013,19.45181000401109,100.06562
6.900939868202837,19.58136495718491,100.06562
7.382952289699679,19.977267150359815,99.73753599999999
8.527881548953607,19.69492906935266,99.409452
9.104002937041898,19.642584779830052,99.409452
9.138174762749834,19.62960576237085,99.409452
9.17066345507701,19.614448556469178,99.409452
9.1431867744787,19.584120504464185,99.409452
9.055068085055487,19.456586935657036,99.409452
8.94252761384989,19.420615855151024,99.409452
8.79317679949941,19.399539126701246,99.409452
8.114436413391688,19.82460793003349,99.409452
7.6772682495634985,20.450456720554644,99.409452
7.402402652645183,20.920568047515243,99.409452
7.024112265229033,21.505929401008316,99.409452
6.356268609082614,23.951138183627585,99.409452
4.668561169787702,26.61067280190702,99.73753599999999
3.4042161300347074,29.729618802831776,99.73753599999999
2.3299454915406166,31.385782938360556,99.73753599999999
1.4400651294355693,33.23029536891359,99.73753599999999
-2.198072782,37.261668702089935,99.73753599999999
-4.049361002,39.342684176012,100.06562
-8.279969716,43.55359643368958,100.06562
-12.21349478,47.87274940860191,100.06562
-15.39690188,49.52259831886934,100.06562
-20.12527164,52.417246359363205,100.06562
-23.14171055,53.03869990382054,99.73753599999999
-26.09071098,54.72971729425294,99.73753599999999
-29.0811293,54.39676869651865,99.73753599999999
-31.1111934,54.55876813929239,99.73753599999999
-32.50092594,54.069277506124685,99.73753599999999
-33.25893874,53.475410168339494,100.06562
-35.41204896,51.70360366938759,100.721788
-35.51239624,51.09906622050602,100.721788
-34.72880626,50.42041301680395,100.393704
-33.29028797,49.34546349159485,100.06562
-32.7610015,48.857696093361064,100.06562
-29.7632603,47.59561692705139,99.73753599999999
-28.75715847,47.031996424545184,99.73753599999999
-23.67582736,42.7618259949261,99.73753599999999
-15.0054515,45.00982691084219,99.73753599999999
-12.42082973,40.84786444890863,99.73753599999999
-9.155577404,38.19456544310349,99.73753599999999
-7.015560512,33.05237013248241,99.73753599999999
-4.712408408,29.517111795818813,99.409452
-2.150570425,27.833051194108112,99.409452
-0.704000009,23.90909380338824,99.409452
0.5860656557360246,21.90065787067892,99.409452
1.1483638000583807,17.83238701160107,99.409452
1.8868553975091236,15.7269803036581,99.409452
2.121066144257227,11.478741979639985,99.409452
2.0114613543771704,9.365465761404742,99.409452
0.9152507871625517,3.7754553974958673,99.409452
0.6080859155133118,2.2450062475990245,99.409452
0.5065037636090488,1.6783370118185654,99.08136800000001
0.882194068565687,2.8404958004143115,99.08136800000001
1.262309242537022,4.049173718952043,99.08136800000001
1.7128887959510732,5.306650680057988,98.753284
2.055963700180443,6.528711736957985,98.753284
2.3707535638747546,7.788169471546501,98.753284
2.4220265770368368,9.029935142108556,98.4252
2.7989096263370628,11.410795575380881,98.4252
2.2557816035001705,16.318048865005633,98.753284
-51.70955219,50.367150203215786,99.409452
-51.33674188,50.23521931047332,99.409452
-50.93000374,49.94810832551886,99.409452
-50.52926545,49.70436952021664,99.409452
-50.07174805,49.31330231003452,99.409452
-49.37661654,49.227086763888956,99.409452
-48.23820352,48.46858506584975,99.409452
-47.21562074,48.3883273962813,99.409452
-46.1325415,48.391415797191605,99.409452
-44.95291358,48.32024508158444,99.409452
-42.52927741,48.075720733949105,99.409452
-41.56487429,47.64167207476368,99.409452
-40.2581525,47.381816218500894,99.409452
-38.19106702,46.10075606970174,99.409452
-34.77783549,45.462350579552236,99.73753599999999
-33.37974336,44.704619466015636,99.73753599999999
-31.44634092,44.26499525177199,99.73753599999999
-28.18542107,42.617630813552864,99.73753599999999
-26.26930212,43.824698327638885,99.73753599999999
-23.27000816,43.57665915266174,99.73753599999999
-20.38261136,41.28858083912622,99.73753599999999
-18.51715799,40.38136699955086,99.73753599999999
-15.39019023,38.34995198364176,99.73753599999999
-12.32816659,36.47281731942777,99.409452
-11.18386135,35.58441364969877,99.409452
-6.014806101,35.64836595902873,99.409452
-7.299449674,35.70808183361675,99.08136800000001
-8.065972638,37.8160189851924,99.08136800000001
-9.430004644,40.04306816291572,99.409452
-11.49166499,42.186249767898225,99.409452
-12.69740921,44.05136902386282,99.409452
-14.22661326,44.489010077553395,99.08136800000001
-14.87053078,45.161672697877464,99.08136800000001
-15.1209229,44.94105152359341,99.08136800000001
-15.64584623,44.6261376466327,99.08136800000001
-15.57841136,43.377317321108954,99.409452
-14.92885912,42.52521576419391,99.409452
-14.5630466,41.687633857352054,99.73753599999999
-13.12595657,38.15925074042271,99.73753599999999
-12.59036495,36.93435593945096,99.73753599999999
-11.4352296,34.28325899911133,99.73753599999999
-10.62321774,33.121200253016944,99.73753599999999
-9.257312465,32.23239843513315,99.73753599999999
-8.163115018,31.47734296740184,99.73753599999999
-6.62207493,30.93049595182599,99.73753599999999
-6.243166338,30.07303447293683,99.409452
-6.067067959,30.16554701246539,99.409452
-5.69175857,30.967999908676276,98.753284
-5.815544779,31.612306930661305,98.753284
-5.796478642,32.64655647463183,98.4252
-6.203238857,34.96682050948697,98.4252
-6.890076837,36.092651854560046,98.753284
-8.053059284,38.42001012771916,99.08136800000001
-8.425340657,39.377430109428346,99.08136800000001
-9.104138185,40.0484322203401,99.08136800000001
-10.6462119,40.29548905105268,99.08136800000001
-10.64432487,40.06926838187376,99.08136800000001
-10.65150992,39.307460006002195,99.08136800000001
-10.60357454,38.51995603992873,99.08136800000001
-9.681728817,36.40723708533045,99.08136800000001
-8.620878357,35.11844124192717,99.08136800000001
-7.512884261,33.97854977659044,99.08136800000001
-6.485699663,31.001278676733055,99.08136800000001
-5.391054261,28.030174426675224,99.08136800000001
-4.27781578,26.772298619111254,99.08136800000001
-3.480352984,25.597884430208186,99.409452
-2.219723587,23.86958485266136,99.409452
-1.814428086,23.903809415325078,99.409452
-1.336139242,23.416110700871048,99.409452
-0.751406498,23.048812248619555,99.08136800000001
-0.161313382,22.88312638201343,99.409452
0.10366035681853954,22.98323153359267,99.409452
0.3574878168005827,23.206171268476403,99.08136800000001
0.9169017563475652,23.573809932655276,99.08136800000001
1.1721902729481766,23.819666677040985,99.08136800000001
1.1865123407727292,23.818957557091473,99.08136800000001
1.2008437574066273,24.70275303190337,99.08136800000001
1.2591908275348611,24.859600712568692,99.08136800000001
1.2598663277277373,24.95828175461684,99.08136800000001
1.263213202702766,24.98514842837719,99.08136800000001
1.2243333105175729,24.96888613229054,99.08136800000001
1.2565120432501709,24.77113864681059,99.08136800000001
1.304490505062932,24.52451788516427,99.08136800000001
1.324372556361469,24.366693815253285,99.08136800000001
1.2856296033533006,24.119665872950485,99.08136800000001
1.295511463122153,24.031740520878515,99.08136800000001
1.2751686442178378,24.0076619057372,99.409452
1.1316322148810116,24.01485568937746,99.409452
1.2886242801732652,24.046140111258026,99.08136800000001
1.300868103575652,24.024584152632695,99.409452
1.352303167991686,24.02907171199017,99.409452
1.364576155368523,24.064952368249838,99.409452
1.2880266352895235,24.097295029417108,99.409452
1.2942329451515109,24.113390321327834,99.409452
1.3284644498270406,24.132820707208193,99.409452
1.2752879405839654,24.148502321759214,99.409452
1.2239446891256296,24.16705867783505,99.409452
1.2546935587201031,24.138542615046283,99.409452
1.347494823771121,24.138271772754724,99.409452
1.3993627844408973,24.15891634145378,99.409452
1.2547848448657042,24.199972205982032,99.409452
1.2974902047992996,24.20688680319849,99.409452
1.3039368284953639,24.219157088472144,99.409452
1.2698008081734122,24.212954568205415,99.409452
1.4071220801466466,24.204573702637788,99.409452
1.2946628524005432,24.160383552371346,99.73753599999999
1.320128435801168,24.079884613126623,99.409452
1.3691490670720936,23.965516081578972,99.08136800000001
1.347950500623577,23.551615554694088,97.769032
1.1707461441602443,22.911348433449785,97.112864
1.0806228429288385,22.662473274879137,97.112864
1.1084324781855044,22.123825957924534,97.112864
0.9272379415888833,21.868507973005524,97.112864
1.0002017291172256,21.632829008382394,96.78478
0.8906192527461577,21.394660286196853,96.78478
0.42319469631165435,20.972667110313903,96.78478
0.5041657919030822,20.77364085579841,96.456696
0.21023325792513184,20.055886988712494,95.800528
0.23850827353392462,19.4111666096371,95.800528
0.6275289922686518,19.032571580720727,95.472444
0.7453355921537433,18.61405419009315,95.472444
0.8425925381473781,18.20488843337177,95.472444
0.9036850084331031,16.85433463242931,95.472444
0.942016321995796,16.45806987488034,95.472444
0.9727867148632003,15.83418865774915,95.472444
0.9839634947627932,15.632679927739769,95.472444
1.0218840335721546,15.468119706975664,95.472444
1.0529178868457074,15.400071576352564,95.472444
1.105684510504572,15.505641238246673,95.472444
1.4295860460488454,16.036603103210396,95.472444
1.1422167884005292,16.450288621431778,95.472444
1.2063542120159132,16.978424480654976,95.472444
1.168598648183429,17.521704256566167,95.472444
1.135082887233227,18.140408860561358,95.472444
1.1499351675527607,18.718714856693442,95.472444
-0.038820759,20.986119624123152,95.472444
1.0693029854860465,18.909653470829436,95.472444
1.121859826154505,18.937666587431412,95.472444
1.093964119946158,19.066608680031,95.800528
1.193523048262168,19.24054428989181,95.800528
1.150702341527065,19.29255159245515,95.800528
1.1774858938015351,19.33179200799929,95.800528
1.2080342597823581,19.387860818247507,95.800528
1.0905130938983707,19.39403734342765,95.800528
1.0990600960504147,19.367068804489154,95.800528
1.1210236352932708,19.373302730019784,95.800528
1.1215064646308277,19.33650060480547,95.800528
1.1373354528344606,19.318650481108612,95.800528
1.1514300081912543,19.264472736241867,95.800528
1.0134673873408415,19.23237144675722,95.800528
1.0353364627701183,19.172229953241526,95.472444
1.135247156956057,19.141266621848462,95.472444
1.0813743300972125,19.102060964887354,95.472444
1.089486545512921,19.026477626447637,95.472444
1.0725198599746293,18.99563255008203,95.472444
1.1013353880346162,18.953627123818066,95.472444
1.079626443962006,18.925267732745365,95.472444
1.1560837925483478,18.86454380288146,95.472444
1.0576727682335756,18.841334694668028,95.472444
1.042631122629229,18.801954001607523,95.472444
1.0604229490747596,18.791757983522665,95.472444
1.1093305785119802,18.770069401681482,95.472444
1.1463842835578741,18.78164797692668,95.472444
1.1201299811981331,18.85774030944515,95.472444
0.918681779844589,19.108047153717095,95.472444
1.1939984315539836,20.0254274886615,95.472444
1.1153515430939869,20.72706687415913,95.472444
0.8814609071611362,21.69643980344541,95.472444
0.516171352738848,22.766361302654406,95.14435999999999
-0.005825845,25.481463404016484,95.14435999999999
-0.739015888,27.093664071083502,95.14435999999999
-1.681745522,28.677306090312296,95.14435999999999
-2.564096554,32.00964010716566,95.14435999999999
-4.088397566,33.42543594457332,95.14435999999999
-5.388686768,34.67864275395945,95.14435999999999
-7.067736662,35.591449318378075,95.14435999999999
-7.718957215,36.60644663424956,95.472444
-8.955705664,37.668864929564045,95.472444
-10.25648772,37.71422533373656,95.472444
-10.77312972,37.392055787274266,95.472444
-10.88397934,37.05810295664379,95.472444
-11.44608131,36.29193325387692,95.472444
-11.00822911,35.190436862161754,95.472444
-10.43852088,34.6895381227493,95.472444
-9.983896597,33.259892143731655,95.472444
-9.600013201,32.57346320762266,95.472444
-9.110899942,31.9538600505769,95.800528
-8.166024117,30.775723735083115,95.800528
-7.784924661,30.250968171175483,95.800528
-6.72929704,29.869773640523956,95.800528
-6.501300783,29.408525605632498,95.800528
-6.300284544,28.847753840651624,95.472444
-5.954783187,28.490417627096814,95.472444
-5.569795374,28.054044093498106,95.472444
-4.984613241,27.769533129937894,95.472444
-4.642862683,27.047383807035388,95.14435999999999
-4.134830943,26.74605357930312,95.14435999999999
-3.825676735,26.15459434618196,94.816276
-3.101558623,25.371726402546667,94.488192
-2.437681325,24.777225610132994,94.160108
-1.938199479,24.481928563435723,94.160108
-1.777103402,23.773370576608073,93.832024
-1.587331151,23.394242800597183,93.50394
-1.494420249,23.032673063123084,93.50394
-1.408988193,22.640682228230403,93.50394
-1.10798687,21.88493047586456,93.17585600000001
-0.940476653,21.89276868062027,93.17585600000001
-0.682875878,21.560678782264187,92.84777199999999
-0.5431256,21.19314078736233,92.519688
-0.322417243,20.51892440867854,92.191604
-0.168631606,20.1990670930552,91.86352
0.2705127677677085,19.576412545740347,91.207352
0.497470867399978,19.28134661703636,90.87926800000001
0.7992095239761822,18.74944468941736,90.2231
1.0224253245839112,18.279993074904375,89.566932
1.3876813422551213,17.036195383610075,86.614176
1.4640314979017839,16.864031351815296,85.629924
1.4908355804030025,16.43689271021554,84.317588
1.636175140662893,15.779870337817329,82.67716800000001
2.21970608282464,14.87025021977508,80.708664
2.2653931361369466,14.659224596725004,80.05249599999999
2.128426222398234,14.637500624784149,79.396328
2.4823167345998662,14.508668100173566,78.74016
2.630450172922944,14.44776357002702,78.412076
2.312418255603384,14.45199504602317,77.75590799999999
2.3973569104181354,14.425975627681394,77.09974
2.2807497769060547,14.428694282953373,76.443572
2.3433273790590357,14.407794222691273,76.115488
2.5234964227818613,14.35947782413284,75.131236
2.4627095128936136,14.364402329719763,74.803152
2.318043371626571,14.367087819926898,74.47506800000001
2.541954855137226,14.313005382317966,73.16273199999999
2.5206359605002455,14.31047898916228,72.506564
2.5905510212126965,14.297987968630968,72.506564
2.5422027475480737,14.292934469096192,72.17848000000001
2.573525051653264,14.279093770068608,71.522312
2.6140792257521155,14.21825512182042,70.209976
2.6047065713331525,14.217907158165684,69.88189200000001
2.578845249729607,14.215985249582518,69.55380799999999
2.6096988178990133,14.221761638392392,68.89764
2.6167909527435382,14.224428134104054,68.569556
2.566331648418161,14.236718758230506,67.58530400000001
2.660827794534207,14.213819794981159,67.25721999999999
2.667499020097035,14.170006047845037,66.272968
2.6427993738511946,14.131111820285627,65.944884
2.7833112868746483,14.055080998457132,65.6168
2.705809837122951,14.005487061724493,64.96063199999999
2.552984533702767,13.985827002279558,64.632548
2.6679701840954024,13.854340666451208,63.976380000000006
2.483720290698898,13.825458719887623,63.320212
2.4732675162649045,13.580560994174773,61.023624
2.4191203686345553,13.558418398179496,60.69554
2.25231625480876,13.552635706242917,60.039372
2.2913385663611874,13.477575880162235,58.727036
2.114526104056544,13.445770908250754,58.070868000000004
2.380098939162634,13.194465108823087,57.4147
2.3296701837932483,13.056317417694737,56.758531999999995
2.865048154491885,12.575731926628327,55.774280000000005
2.5746900038820075,12.466228064114281,54.790028
0.06375450157034952,0.12180802103238311,98.4252
0.0783750421571306,0.14836795270298653,98.4252
0.11384282862325229,0.21516458929710275,98.4252
0.1326425560538419,0.25064711437576725,98.4252
0.14859212545881065,0.2785633227472076,98.4252
0.16622402139617223,0.312471863702218,98.4252
0.1673521329728655,0.31186913038017244,98.4252
0.16689276019693594,0.3121151990667879,98.4252
0.1856056427073797,0.34317385441689363,98.4252
0.21971725461521813,0.40364852959162806,98.4252
0.2356030545392759,0.4298428427517082,98.4252
0.2503413157745089,0.4638794332452802,98.4252
0.2574921148554983,0.47264269217522964,98.4252
0.25827761699705226,0.47627103758289335,98.4252
0.25352364307009506,0.47410988103667956,98.4252
0.25804176073852214,0.47635035850716795,98.4252
0.2663554095777847,0.4923240386605252,98.4252
0.2751720755553519,0.5110419327814,98.4252
0.2977750603805361,0.5507130908285005,98.4252
0.3078875089226682,0.5668875726524409,98.4252
0.3212023061886466,0.5908942070556455,98.4252
0.32923303774253104,0.6118360702686034,98.4252
0.3410505691567714,0.6257965660354972,98.4252
0.34793731192921123,0.6288794366913512,98.4252
0.3454777860077782,0.6212056904980153,98.4252
0.35229380990478704,0.6206537590166049,98.753284
0.34053777222933657,0.6065388692452354,98.4252
0.33433312032338075,0.6025475633606516,98.753284
0.3374758831857386,0.5991555563826299,98.753284
0.3343576217391845,0.5958952650908816,98.753284
0.3434403015949496,0.6115652371383249,98.4252
0.34145858947862107,0.6148289334981845,100.393704
0.3439035763923702,0.6181055898159873,99.409452
0.36285928224078956,0.6620974554845056,102.034124
0.38257806047031534,0.7249148217872714,103.018376
0.4175237057638575,0.7961471164403635,104.658796
0.39574522318389965,0.7607143941340321,106.6273
0.39215668038666995,0.7625705273243185,106.6273
0.38772820682112813,0.7744346582689489,107.93963600000001
0.44961148176047866,0.896363589362971,108.92388799999999
0.7176657769040695,1.4585076789014206,110.89239199999999
0.8883168289136333,1.7858708425282956,111.876644
1.0514144129019287,2.147456431811619,112.860896
1.334196737806105,2.744304555645998,114.50131599999999
1.6378928177498149,3.4826275521364503,116.46982
1.8205546809735764,4.01679074555759,117.454072
2.0411713588132745,4.741230752874574,118.76640800000001
2.254488101006922,5.584857858790527,119.75066000000001
2.8016321675303733,7.483474531538759,121.71916399999999
2.995960755720426,8.514155232856908,123.0315
3.475810035992014,10.390828155068107,125.328088
3.647475619469415,11.265197879291652,126.31233999999999
3.739229063284972,12.082050269468953,127.62467600000001
3.396097622527925,13.732965460306678,129.92126399999998
3.398497231262038,15.055039448395112,131.889768
3.2860837282345448,15.740134112166405,133.202104
3.225832697417141,16.303116092845485,134.18635600000002
3.162658479130288,16.882666928147547,135.17060800000002
3.175494220887905,17.363125705461997,136.15486
3.1843058205282717,18.338751348270236,138.451448
2.7613432369597466,18.874603523117752,139.4357
2.8060271227713383,19.288730976133156,140.419952
2.263480277595842,20.210654926931173,142.71653999999998
2.384861298532541,20.63204736105978,143.70079199999998
2.171994431087447,21.566428807943886,145.99738
1.9668851154348317,23.188386238286533,148.95013600000001
1.8627142063931104,24.402962298261887,150.91863999999998
1.7421370861733316,25.036673362558005,152.230976
1.3546569691396044,25.723969405089814,153.215228
1.4217132914222346,27.081047558993554,155.18373200000002
1.5176950255087551,27.78367783389036,156.49606799999998
1.4298534506697431,28.553067053330462,157.48032
1.3409676643911441,29.33495157664489,158.792656
1.2756704297754742,30.165001066027035,159.77690800000002
0.8753429391330925,31.016293208649092,160.76116000000002
0.5999806355829552,31.9144077264036,161.74541200000002
-0.60729988,33.76586565050056,164.042
-1.011386979,34.68309246313242,165.026252
-1.596534133,36.39577555048298,166.994756
-1.811801865,37.146459326282226,167.97900800000002
-2.298464061,38.437575154282605,169.94751200000002
-2.522437254,38.99560400974179,170.931764
-2.657431759,39.43122440347415,171.91601599999998
-3.019974798,40.13588836453992,173.88452
-3.123759513,40.41917068433833,174.540688
-3.245997821,40.55567443998195,175.196856
-3.335565832,40.61819436471184,176.50919199999998
-3.338503329,40.507014872604195,177.16536000000002
-3.483142813,40.179689121821895,177.821528
-3.169694136,39.21199405310665,179.133864
-2.77391983,38.58348656965564,180.118116
-2.473012414,36.884380862793435,181.430452
-2.516628783,35.840560071840976,182.414704
-2.082796483,33.65904690977815,183.72704
-1.989930258,32.483792414281865,184.383208
-1.557927992,29.95837148259238,186.023628
-1.167706562,28.646881011314157,186.679796
-1.035307806,27.28637089152094,187.335964
0.00161651283878972,25.924836739602117,187.992132
0.6182741272769384,21.58166468055148,190.28871999999998
0.878138490176753,20.141168508236163,190.944888
1.0462991921738152,17.34668964663568,192.585308
1.4181393525579986,17.320255900908837,192.585308
1.848249936837124,17.27965149727339,192.585308
2.2133114063477866,15.885827153845886,193.56956
2.774439140337549,14.560969970585017,194.225728
2.451392506059909,12.496575221296178,195.866148
2.442774958332053,11.680001157474136,196.522316
2.425667235667373,10.765644508071695,197.834652
2.4325779051872622,10.68818974128706,198.49081999999999
3.0879763320242244,11.10391110205144,199.47507199999998
3.8389502539504488,12.341687431921248,201.115492
4.066956294993605,13.260771634044556,201.77166
4.746222747462131,15.247573843626542,203.41208
5.349646009573015,16.14829380912546,204.068248
5.998969892381705,17.0014769545501,204.724416
6.638027373210097,17.733542902407788,205.380584
7.655233109698406,19.046381399831564,206.69292
7.954908939287953,18.923177908567816,206.69292
8.58610120983767,19.41482726193221,207.349088
9.45959544212616,20.24202207085169,208.661424
9.78535191718405,20.513029706192977,209.645676
9.79847700351288,20.85909462709995,210.301844
10.078850288018904,20.956930005508973,211.61417999999998
10.115267115690392,20.829358405030458,212.27034799999998
9.972842961478346,20.355880223983018,213.58268399999997
9.791792904819415,20.02654812230883,213.91076800000002
9.41155345610038,19.670869340385714,214.566936
8.805182963102173,18.64104796237432,215.551188
8.582353429522867,17.951034535432875,216.207356
7.740350577758299,17.494885255601442,216.53544
7.585165406116468,16.663612280804777,217.191608
6.794822534335746,16.09578144199468,217.84777599999998
6.048023646707771,14.561175295207569,219.160112
5.430963781787074,13.942799977650548,219.81627999999998
4.982555738324736,13.349234302459005,220.47244799999999
3.9362515681663623,12.42575427558552,221.4567
3.739389377443861,12.020408358696491,222.11286800000002
3.5075042395184735,11.614237880647766,223.09712000000002
3.501483634157049,11.60854983027829,223.753288
3.568911442334914,12.041327617730245,224.73754
3.2901100480059062,12.584774889888049,225.393708
3.0604309280496005,13.233131273371784,225.721792
3.261124861538573,14.747946333951688,226.706044
3.369915672378181,15.658675277612286,227.362212
3.616792550937461,17.660319290314437,228.34646400000003
3.708962546273215,18.739568780126714,229.00263199999998
3.5482587369444714,19.937209367499744,229.6588
3.4476678881217846,22.363795511353654,230.643052
3.1162784081627897,23.654801180944055,231.29922000000002
3.2909028455704745,26.232274523913016,232.28347200000002
2.9105018083388923,27.623273976218975,232.93964
1.5468991453978842,29.098873908662597,233.26772400000002
1.2827868473238775,30.513238777824245,233.923892
1.1614308182597974,33.31440756992369,234.908144
1.4030422315658932,33.305106902351106,234.908144
0.8813975085654189,34.69287488637262,235.23622799999998
-0.459227263,37.35347762448177,235.892396
-1.716548818,39.775643049952805,236.22047999999998
-1.100575472,40.95240687133801,236.548564
-2.806530641,42.79850028646359,236.548564
-3.023868705,42.78369384543151,236.548564
-3.012955602,42.78446376372172,236.548564
-3.435151625,44.2007068292755,236.876648
-3.72782042,45.21930673093596,236.876648
-3.937336571,45.91811758767559,236.876648
-4.345956859,46.09676959703421,236.876648
-4.257575141,46.35673355468349,236.876648
-4.546956995,46.39286828691161,236.876648
-4.576032706,46.37319586414831,236.876648
-4.658565863,46.235719165420846,237.20473199999998
-4.708481997,46.186471648542124,237.20473199999998
-4.981104363,46.173045157006506,237.20473199999998
-4.839776224,46.21644236615294,237.20473199999998
-5.195233981,46.17552475947429,237.20473199999998
-5.119222697,46.25762359889654,237.20473199999998
-5.274569819,46.34979612114344,237.20473199999998
-5.317677047,46.34487024551672,237.20473199999998
-5.244457586,46.361797565236266,237.53281600000003
-5.103748002,46.427337918624126,237.53281600000003
-5.124797504,46.45340563709879,237.53281600000003
-5.15510984,46.4510418243356,237.53281600000003
-5.030913456,46.45277696211272,237.53281600000003
-5.306943492,46.418089533567795,237.53281600000003
-5.008925666,46.42050437511931,237.53281600000003
-4.756582384,46.293350188952395,237.53281600000003
-4.997298289,46.13796514443987,237.53281600000003
-4.840000081,45.8004220428096,237.53281600000003
-4.628852082,45.3714474158242,237.53281600000003
-4.969867225,45.066030785376334,237.53281600000003
-4.386469973,44.847345839936246,237.53281600000003
-4.423564167,44.540389995831895,237.53281600000003
-4.254642113,44.55684326128562,237.53281600000003
-4.231419936,44.25585013236543,237.53281600000003
-3.978260328,43.97231058384736,237.53281600000003
-4.490011501,43.351104536087476,237.53281600000003
-4.346631398,43.107200903838404,237.53281600000003
-4.224790631,42.67590468149271,237.53281600000003
-4.183330824,42.4980148082369,237.53281600000003
-4.052069472,42.192024972137894,237.53281600000003
-4.126748198,41.790836721547166,237.20473199999998
-3.946499482,41.607547902523386,237.20473199999998
-4.337163137,41.48683363323326,237.20473199999998
-3.651351959,41.382533795653806,237.20473199999998
-3.726817682,41.28159302850944,237.20473199999998
-4.095145211,41.138870926847275,237.20473199999998
-3.816093116,41.037520263318974,237.20473199999998
-4.075895227,40.82756525915162,237.20473199999998
-3.563656441,40.40450111015939,237.20473199999998
-3.466059088,39.89334849995189,237.20473199999998
-3.331661403,39.66379923327883,237.20473199999998
-3.256593331,39.4435477928287,237.20473199999998
-3.222219368,39.24787382809747,237.20473199999998
-3.18818356,39.25065328463551,237.20473199999998
-2.777014636,39.12039204248218,237.20473199999998
-2.797425814,38.88046574441787,237.20473199999998
-2.499913851,38.705442065195214,237.20473199999998
-2.519444787,38.50394742242808,237.20473199999998
-2.48030564,38.403913558066456,237.20473199999998
-2.592106079,38.29656436618598,237.20473199999998
-2.493937693,38.02756176093753,237.20473199999998
-2.41808855,37.85888044337505,237.20473199999998
-2.303313815,37.65698733757212,237.20473199999998
-2.431238673,37.42538000428492,237.20473199999998
-2.364630267,36.85400931399298,236.876648
-2.235290122,36.495259142839956,236.876648
-1.943790009,35.65407565069897,236.876648
-1.77220763,35.15614872605096,236.876648
-1.721925722,34.56244887317627,236.876648
-1.184227349,33.9649269167976,236.876648
-1.744462335,33.241989526038616,236.876648
-1.418100479,31.795755071553685,236.548564
-1.368196437,31.079972508870707,236.22047999999998
-1.285896775,30.409308152070928,235.892396
-0.90457795,29.816072320870404,235.564312
-0.71682476,29.29352834329426,235.564312
0.2634296352692645,28.481492665774848,234.58006
0.6606332327346554,28.177953217713227,234.25197599999998
0.6416767639653939,28.027859918909783,233.923892
0.37400552484214417,27.89821581989884,233.26772400000002
0.5820174023574324,27.858390310405397,232.611556
0.8561938695299182,27.953164501900297,231.29922000000002
0.8570189688948904,27.967450395211365,230.97113599999997
0.7841197630056108,27.94517013877749,229.00263199999998
0.7180493515273467,27.905626440209378,228.674548
0.8302426078980872,27.523012928494204,227.03412799999998
0.8918765957472847,27.32278428518647,226.37796
0.9508810175366442,26.725314547857334,225.721792
0.8130763254556155,26.72986193904507,225.721792
0.7046361768526606,26.73294035922156,225.721792
1.0280463940455047,26.01660657235028,224.73754
0.8750282666239864,25.665403641733867,224.409456
1.1160580487957126,25.091760704963217,223.753288
1.2291645604768224,24.898550623452426,223.09712000000002
1.3365346209159028,24.730742361613114,222.769036
1.2255756076514657,24.639125530671098,222.11286800000002
0.4675439557690273,24.508500882624702,221.12861600000002
0.815709976617318,24.419287285112212,220.80053199999998
0.6486239720703109,24.37089840411549,220.14436400000002
0.668714934561417,24.28498851932054,219.488196
0.8189524034379213,24.143300172506837,217.84777599999998
0.8115773656838647,24.093192644271337,217.191608
0.8963552880398812,24.038970960580187,216.53544
1.1049884716174723,23.974648310401367,214.89502000000002
1.050022972655288,23.9484493133373,212.92651600000002
0.8456012468352568,23.938810801579788,212.27034799999998
0.8259606643075178,23.93197891588804,210.62992799999998
0.8032391943623952,23.941681212637302,209.97376
0.8930566323860342,23.939385602639813,209.317592
0.7884650264075309,23.956451702083697,208.661424
0.8339495984895436,23.9590478293452,208.005256
0.823163694637776,23.97123881197666,207.67717199999998
0.8626615333708836,23.98429492975121,206.364836
0.9327702191011856,24.00531055942473,205.0525
0.8525580800611664,24.027366837015766,204.396332
0.9247823162802509,24.0484334405102,203.740164
0.8599362533531535,24.066138020327834,203.08399599999998
1.0106788014759789,24.076401967998297,202.427828
1.1718849701349323,24.10016752036338,201.115492
0.935950527354085,24.1431189757866,199.803156
1.0825192185873784,24.142180247773815,198.49081999999999
1.1688840329616779,24.13473682432871,197.178484
0.9481477852372411,24.132136265132715,196.8504
1.086010248404955,24.100872895883008,196.194232
0.9970714625231496,24.090202430910463,195.866148
1.0994192045552924,24.063612620450456,195.20998
1.1745455251906882,24.04695656540122,194.88189599999998
1.1339239285826734,24.036983602869874,194.55381200000002
1.1154869559535137,24.039816883063658,193.89764399999999
1.1445201776759966,24.070706421178574,193.241476
1.1359355068225723,24.095549660006878,192.585308
1.1424712388186615,24.118987760471015,192.257224
1.1914957680447833,24.149069803375536,191.92914
1.1846159866682697,24.182814468186894,191.601056
1.159004342493594,24.25868145050104,190.28871999999998
1.1366341996969127,24.319450828830053,189.632552
1.1596733933611059,24.50006388426087,187.664048
1.2232800021384815,24.615259951517498,187.00788
1.2029124423857347,24.928277904628658,185.36746000000002
1.1694281385746588,25.14972996364465,184.383208
1.1058118125764458,25.72076173008145,182.742788
1.2669839830161163,26.04292023829756,181.75853600000002
1.0871916166825042,26.444656747234113,180.774284
1.3174416508039415,26.846861913499932,180.118116
1.4161958190569242,27.30749573701624,179.133864
1.4548931545859902,28.278445813438154,177.49344399999998
1.3480852588907717,28.771158772406896,176.837276
1.3709147061599243,29.236775067872696,175.853024
1.4137950899266811,29.681999118114124,175.196856
1.3656676031216348,30.622516633751122,172.90026799999998
1.2643496749699608,30.860430590755097,171.91601599999998
1.2676022751912124,30.98960513241134,171.259848
1.259619898987291,31.179981467883945,169.619428
1.2294967971670645,31.235162668845682,168.635176
1.1973975058587627,31.210734642643192,166.994756
1.2640473332809603,31.15067731510121,164.37008400000002
1.1437972538615977,31.16136525176223,163.71391599999998
1.2155718605321064,31.183272944883534,162.073496
1.0874434243979683,31.22007726527366,161.417328
1.2076415597452963,31.23240367333481,160.76116000000002
1.0784209867486558,31.297207549968636,159.448824
1.0564699452043858,31.343946929830448,158.792656
1.1930199820007201,31.41718699857311,157.15223600000002
1.4034106000045676,31.439526916662057,156.16798400000002
0.3734206553306569,31.510452481163515,155.18373200000002
0.561891199009496,31.514283563572313,154.52756399999998
0.6667088769188496,31.551192586902573,153.215228
0.7135936798903342,31.580063098014996,152.55906000000002
0.719996519609511,31.58740003131787,151.90289199999998
0.6186123541122578,31.612321576450633,151.57480800000002
0.7643066959593585,31.614319863560105,151.246724
0.4937752310597094,31.66865836164124,150.262472
0.6011292890393621,31.74736158476455,149.93438799999998
0.7066149878120114,31.807605911951416,149.606304
0.6498576126625828,31.871854196880165,149.27822
0.3881786620092624,31.98901727158354,149.27822
0.8109195905184076,32.03672121780121,149.27822
0.6502689935473399,32.09377487350182,149.27822
0.5042582086034757,32.148146254228884,149.27822
0.1950821111087011,32.290914381505495,148.95013600000001
0.23353434245144264,32.53646609058038,148.95013600000001
0.2270504390231187,32.887012566387064,148.622052
0.21752891848987888,33.15479927314229,148.622052
0.14855927313448813,33.425852040066104,148.622052
0.059090914397946157,33.912679258760676,148.622052
-0.047813151,33.912697034390646,148.622052
-0.158395391,34.12299304450245,148.622052
-0.282964243,34.30690503163796,148.293968
-0.335324042,34.58367732382903,148.293968
-0.342615885,34.764388967993014,148.293968
-0.66232291,34.71874980131048,148.293968
-0.629165603,34.54250003652851,148.293968
-0.622698351,34.25910622075703,148.293968
-0.775108607,33.94850272420468,148.293968
-1.108634362,33.18489978887548,148.293968
-1.081386578,32.79779532143567,148.293968
-1.306349389,32.44520225183508,148.293968
-1.105472666,32.15987811556797,148.293968
-1.204868822,31.781402532345624,147.96588400000002
-1.274999019,31.778666323540037,147.96588400000002
-1.280785102,31.67401796012784,147.96588400000002
-1.899986726,31.627201239148956,147.96588400000002
-1.510931897,31.677570539184522,148.293968
-1.527164085,31.819148163039138,148.622052
-1.744220136,31.93258387230195,148.622052
-1.627344181,32.00094009008209,148.622052
-1.732794765,32.05477488722057,148.622052
-1.626460864,32.070956892264796,148.622052
-1.831560696,32.05565845278933,148.622052
-1.815357904,32.04014962580286,148.622052
-1.76322394,32.02459469901444,148.622052
-1.577907987,32.01678502172449,148.622052
-1.640650593,31.990208085025284,148.622052
-1.593450421,31.992593884294482,148.622052
-1.689773103,31.982394309151427,148.622052
-1.510291333,31.989401555865097,148.622052
-1.708165992,31.98657548746267,148.293968
-1.663874611,31.999948528712675,148.293968
-1.657813129,32.039193150656615,148.293968
-1.727555399,32.06882434442025,148.293968
-1.811033594,32.091361267345974,148.293968
-1.727249237,32.17486649630193,148.293968
-1.705037252,32.21005549961543,148.293968
-1.64588901,32.22075352972081,148.293968
-1.748992512,32.21404000025635,148.293968
-1.686623105,32.216380067977674,148.293968
-1.689566206,32.206534068258726,148.293968
-1.680653536,32.20036408455238,148.293968
-1.666953592,32.196444026799604,148.293968
-1.710708793,32.19290033219595,148.293968
-1.722975736,32.203318380513515,148.293968
-1.744836103,32.211472596728896,148.293968
-1.807456938,32.225796738519406,148.293968
-1.757421984,32.2499540806046,148.293968
-1.813247326,32.261289112677325,147.96588400000002
-1.818180308,32.26751784219725,147.96588400000002
-1.866817868,32.27742569381763,147.96588400000002
-1.915649817,32.2995425919214,147.96588400000002
-1.854158647,32.32182952134161,147.96588400000002
-1.884492225,32.32359160000397,147.96588400000002
-1.883183672,32.32803877129393,147.96588400000002
-1.855056105,32.32966499032496,147.96588400000002
-1.786157456,32.32519866462566,147.96588400000002
-1.968701038,32.28879251812976,147.96588400000002
-1.80498347,32.289387494614594,148.293968
-1.829184958,32.270379152784585,148.293968
-1.835047397,32.25749325243946,148.293968
-1.805343422,32.247865560721266,148.293968
-1.81070003,32.21398218286061,148.293968
-1.808513013,32.19491473926192,148.293968
-1.778092614,32.17117672894236,148.293968
-1.75770248,32.13661409042742,148.622052
-1.695330857,32.098108702294276,148.622052
-1.617583348,32.08438166513703,148.622052
-1.687576126,32.06273959611781,148.622052
-1.736471777,32.02224505304797,148.622052
-1.835976089,31.997141070240048,148.622052
-1.648507796,31.985697660448558,148.622052
-1.74353191,31.92200855755779,148.622052
-1.685494156,31.943293873784583,148.622052
-1.596515884,31.89221767476337,148.95013600000001
-1.626214871,31.89183402711617,148.95013600000001
-1.73963785,31.87497241927673,148.95013600000001
-1.501385091,31.884980731975524,148.95013600000001
-1.701790094,31.860982187119184,148.95013600000001
-1.729157358,31.85073589610691,148.622052
-1.744290108,31.832923361013854,148.622052
-1.62922668,31.827653184247183,148.622052
-1.62255108,31.81133872823681,148.622052
-1.717419327,31.790718523032268,148.622052
-1.653701837,31.78736186483697,148.622052
-1.714902836,31.75024415873397,148.622052
-1.657885088,31.732542159064458,148.622052
-1.79292739,31.66943374402956,148.622052
-1.594851373,31.64872034494067,148.622052
-1.656430757,31.593681647848964,148.622052
-1.591723068,31.57361855597724,148.622052
-1.647329532,31.553518313494465,148.622052
-1.631903172,31.530009222229324,148.622052
-1.68867434,31.490845768703103,148.622052
-1.581591121,31.482969919583176,148.622052
-1.543308242,31.44735755257853,148.622052
-1.648822392,31.417427451678062,148.622052
-1.69202616,31.399195123990662,148.622052
-1.689976549,31.381333325902755,148.622052
-1.594836353,31.378789462820116,148.622052
-1.627945327,31.36746338243672,148.622052
-1.719479631,31.360311713255456,148.622052
-1.603179836,31.38040106371947,148.622052
-1.588039252,31.39914006342668,148.622052
-1.724244603,31.4134769842098,148.622052
-1.752238443,31.43739393463314,148.622052
-1.648487954,31.431801985319673,148.622052
-1.707080581,31.442079782455995,148.622052
-1.658622671,31.434028550589368,148.622052
-1.649057975,31.386696958002325,148.622052
-1.625169305,31.36212098246957,148.622052
-1.724808077,31.332779799358356,148.622052
-1.590047522,31.314448253353522,148.622052
-1.671452629,31.260564475634727,148.622052
-1.748994742,31.231677139395906,148.622052
-1.624997573,31.202367511935343,148.622052
-1.602388329,31.185172701932984,148.622052
-1.661100261,31.182100486214992,148.622052
-1.645305666,31.161188465457016,148.622052
-1.656064319,31.103746914305635,148.622052
-1.679434201,31.095561164433587,148.622052
-1.711856831,31.070135253915083,148.622052
-1.537180908,31.072467293834407,148.622052
-1.76034213,31.048267943659987,148.622052
-1.574671038,31.05823816381613,148.622052
-1.781598489,31.028849694351404,148.622052
-1.641484949,30.98312335828558,148.622052
-1.601824161,30.959212997851886,148.622052
-1.536231334,30.912574041833825,148.622052
-1.638375169,30.865899137030784,148.622052
-1.610140303,30.851418336588473,148.622052
-1.64389437,30.83505058355699,148.622052
-1.579548164,30.834208744531445,148.622052
-1.596555079,30.840856009270507,148.622052
-1.680452253,30.8355441376866,148.622052
-1.645097093,30.82956534963838,148.293968
-1.70569214,30.82259204934019,148.293968
-1.70269031,30.814641992603157,148.293968
-1.640984492,30.812502874662442,148.293968
-1.634518259,30.81938461461774,148.293968
-1.657553582,30.812963070274215,148.293968
-1.536393406,30.823446611515063,148.293968
-1.712414337,30.814826037529738,148.293968
-1.671223442,30.826878719788215,148.622052
-1.566420755,30.840725841507453,148.622052
-1.689330525,30.83187183142637,148.622052
-1.583594182,30.836038013267675,148.622052
-1.666482845,30.814255670796463,148.622052
-1.620910628,30.808308784068632,148.622052
-1.676366735,30.807575300555744,148.622052
-1.652422986,30.810840185753978,148.622052
-1.694025619,30.806543622848697,148.622052
-1.630245112,30.821352216443533,148.622052
-1.546145876,30.84759616690845,148.622052
-1.716512193,30.83858528271025,148.622052
-1.540001367,30.84652385294747,148.622052
-1.714509617,30.837152301857053,148.622052
-1.569228116,30.843408295405784,148.622052
-1.668574435,30.845027518936416,148.622052
-1.755853231,30.869133238800828,148.622052
-1.617233337,30.90118158216026,148.622052
-1.691103873,30.993564732226087,148.622052
-1.654039466,31.089989946703884,148.622052
-1.792955791,31.349591419877402,148.622052
-1.976037489,31.50518546909969,148.622052
-2.013074729,31.95801903930503,148.622052
-1.92837771,32.26164561473208,148.622052
-2.052107938,32.921670296751365,148.95013600000001
-1.87245762,33.28398741316364,148.95013600000001
-1.861438136,33.634883851219236,148.95013600000001
-1.753273287,33.965935305208184,148.95013600000001
-1.832875489,34.221950610299736,148.95013600000001
-1.666406484,34.6702786304288,148.95013600000001
-1.791774764,34.78886341041221,148.95013600000001
-1.900370631,34.839943328340546,148.95013600000001
-1.804879259,34.83943583391007,148.95013600000001
-1.791684436,34.829275813440766,148.95013600000001
-1.547214292,34.760860296669925,148.95013600000001
-1.603826343,34.57174323093751,148.95013600000001
-1.608894186,34.43159209241932,148.622052
-1.719511099,34.28039349944913,148.622052
-1.882252181,33.979075840831996,148.95013600000001
-1.750431539,33.881323594689114,148.95013600000001
-1.874874894,33.74881600918445,148.95013600000001
-1.877173823,33.63499509862488,148.95013600000001
-1.90011056,33.71947326311765,148.95013600000001
-2.011818155,33.7083914694497,148.95013600000001
-1.860467278,33.710183398196214,148.95013600000001
-1.733248424,33.492584648086634,148.95013600000001
-1.447367968,33.25526449334036,148.95013600000001
-1.456766778,32.45850152309397,148.95013600000001
-1.347134449,31.907139666917093,148.95013600000001
-1.021352351,30.597657472553994,148.95013600000001
-0.587034975,29.87700996209311,148.95013600000001
-0.326170083,28.386250415401474,148.95013600000001
0.36608288845801856,27.729999238645014,148.95013600000001
0.6635749537556411,26.7277227695208,148.95013600000001
0.9753451592061814,26.34583092638193,148.95013600000001
1.0733816132580232,25.936099579715094,148.95013600000001
1.2074149461269623,25.797548078231696,148.95013600000001
1.2428591962824629,25.815408387483227,149.27822
1.2098944205178481,25.779925796317016,149.27822
1.227491471112827,25.80441782970297,149.27822
1.0580641545309233,25.779609404048113,149.27822
1.3306512017460101,25.747430441904864,149.27822
1.2131697219561834,25.71306408018017,149.27822
1.2072328115414963,25.647490017590137,149.27822
1.5707589383262797,25.66151940788598,149.27822
1.5650421652100894,25.55510818986255,149.27822
1.5769002521738515,25.49064243134058,149.27822
1.6180898458210944,25.231043268454847,149.27822
1.6055018931268543,25.0009966064635,149.27822
1.5464758707198059,24.30472180573112,149.27822
1.5738094967629284,24.302967171532764,149.27822
1.6042759952447692,23.876809076846357,149.27822
1.573997466355968,23.503720797237907,149.27822
1.2044099488018531,22.92819863345475,148.95013600000001
1.209543565528235,22.739508406196876,148.95013600000001
1.5753312118647298,22.581009465040978,148.95013600000001
1.5908360110235051,22.629092322877938,148.95013600000001
1.635601227931543,22.822767044498196,148.95013600000001
1.2201978659065618,23.09321334641586,148.95013600000001
1.564230695896755,23.912015816317172,148.622052
1.698349376008022,24.441459430087797,148.622052
1.8879277038805493,25.50055137670762,147.96588400000002
2.0136942047444077,26.495143372260156,146.653548
1.9424455809852363,26.94937951333744,145.99738
2.0699815022896524,27.695225657315408,144.028876
1.9701455912619745,27.977766810750076,143.044624
2.030321003404155,28.244575631457337,142.38845600000002
1.8671735816605572,28.559666454603907,140.748036
1.826395529407265,28.59346902082582,139.76378400000002
2.0949562150753014,28.556132182316635,138.451448
2.035771088089066,28.447889091796945,138.12336399999998
1.9855680086082477,28.416246697344672,137.79528
1.8474667668833158,28.228323590191277,137.79528
1.9958483580886843,28.080309650165052,137.79528
2.041940815693271,27.96288139491924,137.79528
2.065890002553382,27.756263359637714,138.12336399999998
1.9945833036132508,27.695363330020324,138.12336399999998
2.060695178087221,27.63630466402834,138.12336399999998
2.057971675738261,27.588244194578525,137.79528
2.2255578911572047,27.58418375245182,137.79528
2.2796460608178792,27.6201264767538,137.467196
2.23001911079544,27.643037914714846,137.467196
2.1869124429206153,27.657375090124404,137.139112
2.183977259883393,27.610577623230654,137.139112
2.105965670180007,27.51980097285183,137.139112
2.099805048459212,27.52027172372792,137.139112
2.049964546090278,27.170513831827595,137.139112
2.1935980489521043,26.885628668456953,137.139112
1.8891133476419435,26.18805464345932,137.139112
2.0430956766811206,25.712395128433283,137.139112
1.6958898836344816,24.550485954373706,137.139112
1.7449129957136484,23.92026754173593,137.139112
1.6452777632080235,23.371261674044398,137.139112
1.5290512928973745,22.46991894621882,137.139112
1.8863716116432834,22.49828866662366,137.139112
1.8390301573419434,23.231326719525903,137.467196
1.8332145484790894,23.74920147751062,137.467196
1.535538325771568,24.153865130100282,137.467196
1.2185711985707233,24.549599048137708,137.467196
1.3525839268785917,24.812998674533482,137.467196
1.30578454246529,24.815505500197037,137.467196
1.1721178405080868,25.2715867779262,138.451448
1.1565424139521019,25.271746045888545,139.76378400000002
1.0561843076173567,25.26467908173439,140.748036
1.1101809907022653,25.183219150996294,141.73228799999998
1.1139447087836796,25.151985822394,142.38845600000002
0.9315101404216389,25.00732959756807,143.70079199999998
0.7410473215644043,24.92681604448038,144.028876
0.9752390116182064,24.872095851311855,144.028876
0.829459471237346,24.79233014085544,143.044624
1.0539449262286171,24.745644036971747,141.404204
1.0264491814007308,24.766830123336025,140.419952
0.9114916573524351,24.79036902847777,139.10761599999998
0.9099396113772026,24.888851600101095,137.139112
0.9727696135291912,25.030252171787506,135.17060800000002
0.5736952475744374,25.066074286356063,134.51443999999998
0.5270077341865104,25.092203298498642,134.18635600000002
0.6167430487147703,25.079360839294612,133.53018799999998
0.5111896346845072,25.04544069857827,133.202104
0.40569550726302606,24.987029051347356,132.87402
0.5693737201464614,24.832155204415788,131.889768
0.3980731524786825,24.835491867379297,131.889768
0.7089533046708337,24.743947605765893,131.2336
0.7673923141080449,24.641499395123862,130.57743200000002
0.8253933669771168,24.47063174548477,129.265096
0.7395891665683413,24.40290344084824,128.280844
0.8683325160259673,24.324697325264292,127.62467600000001
0.9334962833896908,24.259737599142646,126.31233999999999
1.0606692481155926,24.198912349667836,125.328088
0.8977382669216387,24.129861735057624,123.35958400000001
1.0266472330521175,24.040195342530193,121.39108
1.0281183585554245,23.89823701871217,119.75066000000001
1.0451575396469206,23.80738526239701,118.76640800000001
1.024902786029795,23.672903640882517,117.782156
1.0766574541159395,23.35469157494949,116.46982
1.1922497963779235,23.207880677008443,115.48556799999999
1.2437459199245808,23.053712651597433,114.8294
1.237329249921093,22.939193870597293,114.17323200000001
1.1706590353612134,22.841510956237386,113.18898
1.2660132219664242,22.713892930389637,111.54856000000001
1.2747207122122315,22.663064184804025,109.90813999999999
1.208789432517247,22.653041556005228,107.93963600000001
1.1586042199625115,22.65530238703495,107.283468
1.2477235646809193,22.69321874819709,105.31496399999999
1.2596664126134833,22.722887658924126,104.330712
1.2708955212158564,22.749174405836936,103.34646
1.1469781404596882,22.8080229437562,101.37795600000001
1.1729288315175566,22.817938426340472,100.721788
1.1595528020744865,22.842504518127896,98.753284
1.1057478875810043,22.863829258317924,98.097116
1.1339512353643788,22.870364388511565,97.112864
1.1500564707870462,22.880269227848764,96.128612
1.0414665484375936,22.932532116416375,94.488192
1.0885924411193686,22.9563568894025,93.832024
1.1206515310984464,22.97941693235733,92.84777199999999
0.7716116801089176,23.015613309606568,92.191604
0.8614754255503623,23.056418915341695,89.566932
0.8663872720641562,23.036240432380303,91.207352
0.9110837534479177,23.04453037358494,87.598428
0.9106870397485005,23.03046025169963,86.614176
0.7906432144326552,23.031184292918557,85.629924
1.1185463104546876,23.006519894623295,83.98950400000001
1.0215522838500635,23.010045492825725,83.005252
1.0505614777411176,23.02391254077161,82.34908399999999
1.1498943964503536,23.090283783049934,80.38058000000001
1.107933749731895,23.342061328710468,78.08399200000001
1.0127722439302047,23.477247557250582,77.09974
1.1729246206007686,23.82117438592219,75.45931999999999
1.4518360718539451,24.030099962848528,74.47506800000001
1.1899742517507532,24.56844351941849,73.16273199999999
1.2742642402723872,24.868063890615726,72.17848000000001
0.9220393337609453,25.647507108802525,71.19422800000001
1.0102491501833026,26.099320691199196,71.19422800000001
1.0782514480982108,26.57199777247763,71.19422800000001
16.81316218239352,13.481723667927376,70.86614399999999
16.587414360041567,13.412324125353791,71.19422800000001
16.607701013140737,13.37511668567144,71.19422800000001
16.66537062876864,13.292986699305157,71.19422800000001
16.723866261522677,13.205875489953442,71.522312
16.676137683633794,13.252652576193661,71.19422800000001
16.6528846651679,13.18958425710746,71.522312
16.55698270826708,13.138969496808416,71.522312
16.538378691564052,13.16237919581172,71.522312
16.444899605553868,13.047083739718266,71.522312
16.264993695290343,12.95126344465577,71.522312
15.860542921976968,12.61911870358935,71.19422800000001
15.582287722728582,12.471115180733022,71.19422800000001
14.991928944818817,12.003486682609505,71.19422800000001
14.575454843460294,11.85001052954924,71.19422800000001
13.801883819519128,11.455213360268349,71.19422800000001
13.108105892203245,10.911677425695128,71.19422800000001
12.666525743715425,10.74944885587202,71.19422800000001
11.887502035292568,10.250575761660688,71.19422800000001
11.459004939317852,10.045826074696027,71.19422800000001
11.058865589883816,9.790595616357395,71.19422800000001
10.658655100979614,9.534590700803758,71.19422800000001
10.643522367016246,9.551480514366196,71.19422800000001
10.554870507147701,9.649355261924802,71.19422800000001
9.79651672085002,9.04355723498358,71.19422800000001
8.98183573175496,8.528072882309154,71.19422800000001
8.189064288908572,7.979730616936685,71.19422800000001
7.768021222174734,7.74548666510079,71.19422800000001
7.1195326484429975,7.154655555429082,71.19422800000001
6.775348827503237,6.904240713294355,71.19422800000001
5.809754120307104,6.084742725338852,71.19422800000001
5.4436007368024395,5.889771165587362,71.19422800000001
4.855024176889089,5.355115478644983,71.19422800000001
4.507602404321182,5.153376544121885,71.19422800000001
4.225652818102291,4.920995203488026,71.19422800000001
3.9819936532679145,4.693571327478692,71.19422800000001
3.525759623331715,4.386838326527249,71.19422800000001
3.374856710017857,4.2589418844184825,71.19422800000001
3.220265609164548,4.222834700605632,71.19422800000001
3.1228602972303117,4.244193274313146,71.19422800000001
3.203481418943877,4.4226835032023875,71.19422800000001
3.2785126398448483,4.635021683618235,71.19422800000001
3.5036452369513227,5.2611291976789705,71.19422800000001
3.5778767895421844,5.691416201685902,71.19422800000001
3.9475022150985613,6.555254251148486,71.19422800000001
4.15160256610005,7.035388907137757,71.19422800000001
4.345437840954693,7.553333455432725,71.19422800000001
4.372792519139317,8.20858674091386,71.19422800000001
4.753192820079847,9.38586217408492,71.522312
4.722659583406191,10.093092607646662,71.522312
4.7706322723932875,10.770360481562653,71.522312
5.228050428749955,11.953461282842644,71.522312
5.067352205573827,12.722706106293842,71.522312
4.809925034312963,13.541641537325969,71.522312
4.825070822166343,14.260624420447552,71.522312
4.965521264215231,15.676956518627845,71.522312
4.858023367832704,16.439722754514424,71.522312
4.444884858653225,18.021963184782813,71.522312
4.21823463228342,18.800942598612227,71.522312
4.160414024874931,20.251038319915672,71.19422800000001
4.1294775427630555,21.70215160413229,71.19422800000001
3.267464922195862,22.55573858622411,71.19422800000001
2.559286563865897,24.080127547690275,71.19422800000001
2.1328106199929584,24.830190062579156,71.19422800000001
1.6161073755960265,25.56889258850451,70.86614399999999
1.3706448093309163,26.281705401214413,70.86614399999999
0.03245590987908433,27.71956849924021,70.86614399999999
-1.887311955,28.353891888697845,70.86614399999999
-2.202716942,29.02983974222087,70.86614399999999
-2.900068475,30.43507679088921,70.86614399999999
-4.374051179,31.03093589992062,70.86614399999999
-5.771224384,32.392459475995835,70.86614399999999
-6.960308226,32.970166945132625,70.86614399999999
-8.01849791,34.36934421485065,70.86614399999999
-9.591132928,35.602782529462075,70.86614399999999
-11.05638688,35.962456441103924,70.86614399999999
-12.19197259,36.30578731529313,70.86614399999999
-13.0775099,37.169079819564914,71.19422800000001
-14.17926534,37.2403749499862,71.19422800000001
-14.95162141,37.28510745426125,71.19422800000001
-15.79594878,37.2537613182495,71.19422800000001
-15.9567382,37.18517495151901,71.19422800000001
-16.36718532,37.33042124589004,71.19422800000001
-16.78482446,37.1707923151246,71.19422800000001
-17.1185699,36.94705437711677,71.19422800000001
-17.14394205,36.84918490080289,71.19422800000001
-16.81271302,36.252770792274134,71.19422800000001
-16.69242968,36.06587467294117,71.19422800000001
-16.66216108,36.07986852208587,71.19422800000001
-16.28811565,35.983576776597765,71.19422800000001
-16.13844164,35.77255237106232,71.19422800000001
-15.75881167,35.61947665862149,71.19422800000001
-15.27668101,35.12627102217502,71.19422800000001
-14.6490392,35.01629885445687,71.19422800000001
-14.01525664,34.85253130841262,71.19422800000001
-13.56151148,34.62281689855548,71.19422800000001
-12.2607325,34.23384342666442,70.86614399999999
-11.85778248,33.90766853822295,70.86614399999999
-11.3976446,33.627167622115316,70.53806
-10.99458386,32.88806773512521,69.88189200000001
-10.61633979,32.575184082864325,69.55380799999999
-9.840092406,32.0640922851999,68.89764
-9.439350764,31.90046538009172,68.569556
-8.941421978,31.623412718474857,67.913388
-8.527396174,31.551085453628513,67.25721999999999
-8.490787802,31.573867208757868,66.272968
-7.927887676,31.70047430380206,65.944884
-8.041407433,31.6584299078275,66.272968
-8.101155507,31.639502076543977,65.6168
-8.197087551,31.612987657443718,66.601052
-8.003681064,31.632421631332345,66.929136
-7.585076467,31.724470731550426,65.28871600000001
-7.741016341,31.540422502128806,64.632548
-7.466679591,31.511889241198936,64.304464
-7.223537004,31.44612614589173,63.648295999999995
-7.380645089,31.398973037924,63.320212
-7.070579673,31.564223905588317,62.664044
-7.337341812,31.621105563519645,62.33596
-7.097345549,32.04496968066947,61.679792000000006
-6.808856015,33.0205363565171,61.679792000000006
-7.115347542,33.14278191964516,61.679792000000006
-7.385910275,33.290582437578614,61.679792000000006
-5.185171769,33.63814460074989,61.679792000000006
-6.13851132,33.325852997561384,61.679792000000006
-4.97051203,30.742238278383223,61.023624
-3.655932436,30.481076361567858,61.023624
-5.15624316,29.374206940166214,61.023624
-4.105693311,29.119961894840483,61.023624
-3.792523158,28.102963090202756,61.023624
-3.644029819,27.81808272713285,61.023624
-3.503319665,27.334484994289983,61.023624
-3.460203291,27.13817075044818,61.023624
-3.293511898,26.80901732957686,61.023624
-2.419499258,26.869634300788157,61.351707999999995
-2.3168621,26.924056142318964,61.351707999999995
-2.307303909,26.983522381588845,61.351707999999995
-2.157307934,27.129651848147454,61.351707999999995
-2.099328405,27.173522991146296,61.351707999999995
-2.033387656,27.11638820058925,61.351707999999995
-1.871951311,27.017938943051444,61.351707999999995
-1.788165844,26.736365854918848,61.351707999999995
-1.653953245,26.576964959901222,61.351707999999995
-1.486017351,26.408289762308154,61.351707999999995
-1.459133962,26.172219014778356,61.351707999999995
-1.24422859,26.122025874857943,61.351707999999995
-1.715324619,26.09187296567596,61.351707999999995
-1.769886186,26.12209892898649,61.351707999999995
-1.460066221,26.24928772019266,61.679792000000006
-1.591753129,26.63611088603895,61.679792000000006
-1.885344982,26.91120531603868,61.679792000000006
-1.731478723,27.27909477099241,61.679792000000006
-1.938126734,27.70844867606887,61.679792000000006
-1.747974711,28.19606811814174,61.679792000000006
-2.209811423,30.24309533507487,61.679792000000006
-2.219928494,30.71354693777108,61.679792000000006
-2.067904145,31.026637602287444,61.679792000000006
-1.812072752,31.441987474770283,61.351707999999995
3.7321453070763018,5.16076866517367,61.351707999999995
4.193829980376453,5.979426256003034,61.351707999999995
5.135742168396932,7.711149690038804,61.351707999999995
5.5821277230062485,8.613542183901355,61.351707999999995
6.607147362799034,10.375225226257244,61.351707999999995
6.831886120044612,11.365091224278734,61.351707999999995
7.49929489111365,12.880014529229868,61.351707999999995
7.6870648128733325,13.577740675105915,61.351707999999995
7.665449551949278,14.393010941237696,61.351707999999995
7.999143364975158,15.646263424652973,61.351707999999995
8.20793819090553,16.205536259279807,61.351707999999995
8.050195466758682,16.970761747406545,61.351707999999995
7.819526308518315,17.696563153275463,61.351707999999995
8.178739187426139,18.145755118597766,61.351707999999995
7.869009141804412,18.825568915080613,61.351707999999995
7.7438820485654265,19.386745116651614,61.023624
7.122961516021775,20.047206020837276,61.023624
7.184741192171843,20.678113404310018,61.023624
6.965283374075239,20.983522906840555,61.023624
6.863478013262931,21.27815539136785,61.023624
6.5510862891621935,21.420319143997755,61.351707999999995
6.1952485653482,21.52330204412232,61.351707999999995
5.859021559427881,21.505090176121186,61.351707999999995
5.473338800102625,21.534916380027756,61.351707999999995
5.010331249039451,21.530554321881898,61.351707999999995
4.849710150765956,21.545611291794042,61.351707999999995
4.669690588466797,21.579771065391057,61.351707999999995
4.442483677493094,21.656892960273872,61.351707999999995
4.148987113803553,21.816597998312993,61.351707999999995
4.198187798126721,21.807183713220795,61.351707999999995
4.049090923865567,21.901290377244283,61.351707999999995
3.525092473145349,22.08251690778171,61.351707999999995
3.588302548274631,22.267325632324212,61.023624
3.298878023644197,22.41875929863362,61.023624
3.152075680992284,22.701042124179445,61.023624
2.949609687983762,22.86893276611817,61.023624
2.9968475757952655,23.111035110806935,60.69554
2.8464153799103133,23.247024922434097,60.69554
2.9083829363785725,23.361190784728024,60.69554
2.8250389740612807,23.59922753921734,61.023624
2.3293685354281446,23.76584348220969,60.69554
2.243979572257545,23.88221151192511,60.69554
2.44625149613503,23.972163076228618,60.69554
1.6299494796837697,24.15678639647077,60.69554
1.8231868783552068,24.39324793755493,60.69554
1.9391061321101304,24.60859558097859,61.023624
1.562495884157584,24.78998129502791,61.023624
1.7247618569013046,24.81414708123517,61.023624
1.5583572108092514,24.806119524519314,61.023624
1.683450220805216,24.671043713809198,61.023624
1.7403464047345614,24.6670954302719,61.023624
1.683705421293091,24.671026298654898,61.023624
1.5847436660769723,24.58227249344691,61.023624
1.5249590100956667,24.35910510684705,61.023624
1.656151301241715,24.10090738495372,61.023624
1.6328033839191207,23.97994183046999,61.023624
1.7100089208153029,23.764541468067016,61.023624
1.8377173154351258,23.656780083855192,61.023624
1.901312527766187,23.46966774393687,61.023624
2.1803653846081286,23.235160798391306,61.023624
2.1528429500872517,23.1581542844661,61.023624
1.9652290091910212,23.04275989999389,61.351707999999995
1.9245466958913733,22.986833401069337,61.351707999999995
1.949740689704598,22.92820824610795,61.351707999999995
1.8041937157272137,22.89042604151842,61.351707999999995
1.6677267249745498,22.86106827481807,61.351707999999995
1.7562303544193651,22.854439613285283,61.351707999999995
1.923317319053189,22.756532746381403,61.351707999999995
1.6064148363808135,22.764322768019987,61.351707999999995
1.8385165601511073,22.817455522631757,61.351707999999995
2.0403567476580995,22.932575095453814,61.351707999999995
2.44107173586895,23.373137149078353,61.351707999999995
2.2533818439140294,23.718198318580594,61.351707999999995
2.1281728373473494,24.044091435257776,61.023624
2.353113784000989,24.6216042014352,60.69554
2.640657868311895,24.810163240155838,60.69554
2.9681005839619963,24.95098531060487,60.367456000000004
3.0903691970295517,25.00526232307007,60.039372
3.114799681077755,25.013637220658264,59.711288
2.78878285147512,25.021049417413757,59.383204000000006
2.8564965590992757,24.89056502362294,59.055119999999995
2.9725242873095254,24.626731968930898,58.398952
3.004937446442879,24.5001051178018,58.070868000000004
2.817084133134481,24.349426351802723,58.070868000000004
2.613071768107393,24.012505391363927,57.4147
2.9849601208593466,23.781083089066108,57.08661600000001
2.912179545187464,23.39103567532702,56.430448
2.9302071433390866,23.20589123738973,56.102364
2.8270175948978333,23.05924344350365,55.774280000000005
2.819476049641835,22.749605280409465,55.118111999999996
2.6898281311460845,22.630173053028383,54.790028
2.619227776402757,22.486421736432366,54.13386
2.619482088302642,22.49128058087108,53.805776
2.7791555472989127,22.64069709824848,53.14960799999999
2.7544234007120822,22.83685294766105,52.821524
2.600514472030759,23.497679517629862,52.165356
2.472226300088171,23.954293287912936,52.165356
2.150015788577285,24.507644507345294,51.837272
2.4487272046575947,25.77620534533661,51.837272
2.574057297891424,26.50117111607284,51.837272
2.756691089464962,27.191559191130292,51.837272
4.067937103806639,21.5569030007272,51.181104
3.566416884936099,21.193023205091524,51.181104
3.752351680062908,20.13440075631948,51.181104
3.679884181153533,19.942761208399574,51.181104
3.68631923478593,19.849446965385408,51.509188
4.132817078999687,19.95353023926637,51.509188
4.174555217759429,20.212852890979235,51.509188
4.57805990610282,20.48472540614351,51.509188
4.40096980099253,20.955885355038763,51.509188
4.802993820199819,21.392718748136733,51.509188
5.3293958233038365,21.86840352804179,51.509188
5.642518135944864,23.237484055403385,51.509188
5.3767007783688365,24.1297155163183,51.509188
6.587805743893634,25.672764590460822,51.509188
6.976824087167664,26.567937425402135,51.837272
7.761446329662484,29.64731536217611,51.837272
8.428185310699819,30.616191787339506,51.837272
8.955835295489024,31.64763510465378,51.837272
9.478011441431375,33.87352492226834,51.837272
10.306784042590621,34.769287868071906,51.837272
10.24806046889478,35.879787454446024,51.837272
10.886038754048405,36.637738012303096,52.165356
11.503344350010167,37.33631821690407,52.165356
12.270766475382826,38.40145229299413,52.165356
8.564835544475397,28.878085585618177,51.837272
7.531947591651312,26.722291679338035,51.837272
7.474675457888952,25.51651365087138,51.837272
6.759059784367031,24.491295036734208,51.509188
6.125183017633462,22.369950938517043,51.509188
5.592856902953883,21.512287900624123,51.509188
5.293764274685748,20.05430453935751,51.509188
4.60508547881887,19.74209825829271,51.509188
4.580191280355349,19.462248797788643,51.509188
4.622654124922861,19.316551129762374,51.837272
4.527192960870996,19.301540966727085,51.837272
4.339888807053354,19.38506507245542,51.837272
4.359120047144668,19.305180282043395,51.181104
4.300894736012111,19.43918593991482,51.837272
4.131769756382067,19.477108830111536,51.509188
4.477429901277203,19.35638606349736,51.509188
4.092977971110201,19.50896517244308,51.837272
4.106608738865369,19.34617932372987,51.181104
4.0547737133738355,19.34571270902737,51.181104
4.091425569696712,19.30331819397997,51.509188
4.004001999305249,19.245979920198184,51.509188
3.908057271689472,19.138530525882512,51.509188
3.9947731655948,18.942978156837995,51.509188
4.189430051873296,18.806709857557276,51.509188
4.220881296837736,18.609882953131955,51.509188
3.978069143489266,18.573617866083914,51.509188
4.354308248132976,18.419725965286133,51.509188
4.1798298055840855,18.39517229792963,51.509188
4.276626308890833,18.335348353394824,51.509188
4.286899151947525,18.330388518823927,51.509188
4.681428874289019,18.2754149645209,51.509188
4.790553730487162,18.316980925999886,51.509188
4.831263965590582,18.509904515507316,51.509188
4.7861925123182765,18.63927323328069,51.509188
4.847812676819007,18.867537304793817,51.509188
5.31903848081923,18.858221971524657,51.509188
5.143131393002709,19.0172297922899,51.837272
5.117622458366019,18.981502659311946,51.837272
5.669356843495037,18.75547043160616,51.837272
5.653137075645954,18.410443318498476,51.837272
5.537907995272331,18.17729039783657,51.837272
5.730214188092126,17.858789225420807,51.837272
5.710215432673197,17.538939283846503,51.837272
5.786695276756468,17.195333235991257,51.837272
5.85870272991461,16.465096663769724,51.837272
6.08930927372056,16.012900581007923,51.837272
6.278906538888787,15.580022092522478,51.837272
6.561507975161273,15.106625177450413,51.837272
6.304021448509093,14.558397453915966,51.837272
6.8048238464326065,14.01649284872367,51.837272
6.883398925058121,13.709387970091099,51.837272
6.738249166980767,13.266619278354117,51.837272
7.111340523107171,13.07042558134692,51.837272
7.108010175335518,12.811039690237573,51.837272
7.337562061977651,12.44862985571334,51.837272
7.384810859082584,11.93275904385566,51.837272
7.3400193024358575,11.719410069961985,51.837272
7.571122030167371,11.167573648081177,51.837272
7.624666561206898,10.95993888170899,51.837272
7.645179995643413,10.630534443655243,51.837272
7.800647227972791,10.262657748364795,51.837272
7.764661066037381,10.197653243926098,51.837272
7.943261791355627,9.910286054600787,51.837272
8.101198967199272,9.722999377341184,52.165356
8.209509720956284,9.60325361418306,52.165356
8.52763174690406,9.354123176789553,52.165356
8.495105534035163,9.426909765991295,52.165356
8.683328234587734,9.3300266756886,52.165356
8.838934435570875,9.26880160655298,52.165356
8.959268339441675,9.26660239038689,52.165356
9.095288221498384,9.375610802301294,51.837272
9.149491980041773,9.4619613989035,51.837272
9.274417091729585,9.513110102061855,51.837272
9.214540919961022,9.769387543334657,51.837272
9.365228530577221,9.862392453663363,51.837272
9.552004722035408,10.265958729495868,51.837272
9.63422568510018,10.555493382279863,51.837272
9.962804404340735,11.141597170314752,51.837272
9.886629697628043,11.70300756814812,51.837272
9.931762356814252,12.173805083083735,51.837272
10.028365489863178,12.636636784300695,51.837272
9.922619069188539,13.241433582026142,51.837272
10.21126222908585,14.107854765961472,51.837272
10.289273146610231,14.622589256431924,51.509188
10.267432338611911,15.167243612624882,51.509188
10.189327304547048,16.338599723769203,51.509188
9.987381788370765,17.051743446934672,51.509188
10.291692922213286,18.046918064974758,51.509188
10.005965603524011,18.79953573375398,51.509188
9.37767987199212,19.759587445689807,51.509188
9.598405172550745,21.06207217575642,51.837272
8.829738338122059,22.14801021144505,51.837272
8.164977098864867,24.022849106958912,51.837272
7.593135221498133,25.084965061770724,51.837272
6.327967860790719,26.322093602579457,51.837272
5.675597665892407,27.36282579467071,51.837272
4.338458384233159,28.526639591884418,51.837272
2.821784309965441,30.61406214209284,51.509188
1.541349266881988,32.65682253759811,51.509188
-0.244024696,33.68907793290009,51.509188
-2.547313875,36.538940415599676,51.509188
-4.148104888,37.3015617959613,51.181104
-7.899193518,38.35145400282541,51.181104
-9.265075567,38.73308429124315,51.181104
-11.71796809,38.062877819422354,51.181104
-12.58425819,38.431763307600534,51.181104
-14.32731604,38.32590357998686,51.181104
-16.61327513,38.25073922192607,51.181104
-17.80504164,38.093165977938135,51.181104
-18.94267475,37.82574746312206,51.509188
-20.08077717,37.539801396834015,51.509188
-21.3850361,37.05657039003911,51.509188
-22.26947361,37.06188445790327,51.509188
-23.07272098,36.8679159802426,51.509188
-24.09243835,36.536407673948695,51.509188
-25.054625,36.700718241585776,51.509188
-26.19726386,36.43647006476272,51.509188
-27.63744712,37.119332667541315,51.509188
-29.47682557,37.015305930227726,51.509188
-31.47070943,38.78254549001595,51.509188
-35.58385399,39.649880495800005,51.509188
-38.36732643,39.56254642239357,51.509188
-42.56307706,41.139961361499736,51.509188
-45.9356797,40.695944116689304,51.509188
-49.08161103,40.342246310320064,51.509188
-52.42835443,39.71044444813704,51.509188
-57.64127632,40.1731620439849,51.509188
-58.9068469,38.29338157706081,51.509188
-61.91202427,37.76249865943598,51.509188
4.817939645999709,24.902318235638607,51.837272
3.599089788731094,26.937896475946136,51.837272
1.5557943764672735,28.01391910108171,51.837272
-7.508445875,34.24660099487915,52.165356
-33.09425765,39.061753427432684,51.837272
-35.90507473,38.543557721007076,51.837272
-39.26047339,39.340624325792625,51.837272
-42.28863672,39.92973481744737,51.837272
-44.41857214,39.33052355977468,51.837272
-46.15387992,38.84610954433634,51.837272
-48.09081664,39.11953427799474,51.837272
-49.27659035,38.73352653323454,51.837272
-50.28700776,38.23490654398588,51.837272
-51.3402301,38.21616156628838,52.165356
-51.86787232,37.496907237183095,52.165356
-52.41707883,37.312181068199855,52.165356
-52.72298721,37.26027284260079,52.165356
-53.42937548,36.88608534659501,52.165356
-53.74935933,36.663327555754144,52.165356
-53.95561949,36.58874479857079,52.165356
-53.97823318,36.574094994780054,52.165356
-53.97748622,36.385361051440896,52.165356
-53.79071533,36.15460659719743,52.165356
-53.54556655,36.10399042912915,52.165356
-53.00972997,35.84752373916688,52.165356
-52.65361863,35.728568308057895,52.165356
-51.81098445,35.348563771171875,52.165356
-51.14984632,35.35734943675248,52.165356
-50.29371615,35.56157221187153,52.165356
-49.52314143,35.50123671656186,52.165356
-48.84352517,35.21174931662743,52.165356
-46.88865834,35.094934353864055,52.165356
-45.5933508,35.291362698545264,52.165356
-44.45746009,35.192523923168736,52.165356
-42.96324408,35.4494636970204,52.165356
-41.75847418,35.278927561205094,52.165356
-39.42257607,34.64264717408876,52.165356
-37.08943889,33.74558359625935,52.165356
-34.86735061,34.31602803065329,52.165356
-32.70616346,32.964712039064565,52.165356
-30.63072511,33.187813421986995,52.165356
-28.72046891,33.12988095779095,52.165356
-26.67212534,33.14198618801758,52.165356
-24.63050248,33.054925402941166,52.165356
-22.5492761,32.93538475748309,52.165356
-19.88799819,33.03320226804685,52.165356
-18.38162961,32.34101321475087,52.165356
-15.27831959,30.80626232226793,52.165356
-13.079081,30.233868247794017,52.165356
-9.583368555,28.396873472049194,52.165356
-7.384556661,27.474743690211135,52.165356
-4.817302008,24.88610067266407,52.165356
-2.783577003,23.603955757714925,52.165356
-1.250746913,22.135953255614677,52.165356
1.0606481162098018,20.538149832613275,52.165356
2.2127741504378444,17.199517372723204,52.165356
2.881639540348898,15.460314503288714,52.165356
3.6990841552150946,13.621021689681326,52.165356
3.970125570937465,10.157461456059782,52.165356
3.826337941097633,8.508593724688401,52.165356
3.6544287508653612,6.898522207406422,52.165356
3.3037257133075735,5.445097973459218,52.165356
2.4162315303559883,3.4922618259629084,51.837272
2.3557370902912704,3.08835183931509,51.837272
2.990956640894728,3.4699680935498267,51.837272
3.5568074336394364,3.825975960567641,51.837272
4.559245426665345,4.564101381545123,51.837272
4.680314987441858,4.43986395060908,51.837272
5.166379136546583,4.639343739553172,51.837272
5.402901234103307,4.80766435982582,51.837272
5.634466219349385,4.934307417676445,51.509188
5.728012603436372,4.888658047291353,51.509188
5.714611914684891,4.765439140628481,51.837272
5.652543478289647,4.580926010017535,51.837272
5.482339129957635,4.531285750134368,51.837272
5.069013248617624,4.156282097564917,51.837272
4.620247625815267,3.7876761222267614,51.837272
4.319255754401933,3.5544696247335246,51.837272
4.1705180796286525,3.4565545646217997,51.837272
3.9628629143338343,3.3733383221951625,51.837272
3.8154800560404554,3.2701265634493,51.837272
3.7736937883747346,3.3182602355151634,51.837272
3.7606758017531705,3.3330066476272364,51.837272
3.6053814360949628,3.2098392937823936,51.837272
3.420501340953189,3.1277060902359537,51.837272
3.1308408660584464,2.9255970129006617,51.837272
3.0111590301962905,2.9158003539840216,51.837272
2.995813552490801,2.98242541663217,51.837272
3.0702263282704414,3.1203281176947204,51.837272
3.4604215395307447,3.586231650124315,51.837272
4.0445368859091175,4.3567193921918745,51.837272
4.31218761380512,4.890359069925586,51.837272
4.585428811695446,5.445372559582027,51.837272
5.280509913036012,6.572522118394135,51.837272
5.595321476663288,7.232222820912797,51.837272
5.803715209613962,7.974963320268249,51.837272
6.603552681393623,9.254736934858611,51.837272
6.2168471377543995,9.51881691257753,51.837272
6.256408840836989,10.419652715921353,51.837272
6.500466283444492,11.16845006131641,51.837272
6.717745314588954,12.864413631381739,51.837272
6.606669382613468,13.856501643800202,51.837272
6.696608432139359,15.619727547624006,51.837272
6.566456584344384,16.57143003021829,51.837272
6.43163647219637,18.45286559072309,51.837272
6.078109236290369,19.480393048385686,51.837272
5.034666031030102,20.666072691107924,51.837272
4.458990007512555,21.694130525088703,51.837272
3.681917610414195,23.651047213024707,51.837272
2.9227192739763797,24.671512363237227,51.837272
1.9365764838925965,25.68770285074877,51.837272
0.6320210155851403,27.62282388202749,51.837272
-0.675239123,28.572961684015628,51.837272
-2.378344071,29.437413493250506,51.509188
-3.929448983,30.215876353171517,51.509188
-5.362919328,31.867876881129984,51.509188
-7.076500899,32.47245782588283,51.509188
-9.168203322,33.793842050888664,51.509188
-11.20641895,34.06389977608809,51.509188
-12.8605279,35.18004170480369,51.509188
-14.30807112,35.44268649379598,51.509188
-16.29355873,35.36686335709985,51.181104
-17.66605746,35.51482653038858,51.181104
-19.38634434,36.198233931410954,51.181104
-20.8819277,36.16241212056471,51.181104
-22.54793374,35.998074330048674,51.181104
-23.86006556,36.00018625735742,51.181104
-25.20201943,36.69004857179889,51.181104
-26.62504612,36.37012200602509,51.181104
-27.32027239,36.4348300329685,51.181104
-28.52439719,36.37340511454303,51.181104
-28.94616247,36.3554136792248,51.181104
-29.302572,36.44925289716361,51.181104
-29.96495371,35.96521218917307,51.181104
-30.20150186,35.69291422377176,51.181104
-30.08851269,35.659529061802644,51.181104
-30.07462495,35.4353251637634,51.181104
-29.6762057,35.13943195871577,51.181104
-29.61806141,34.774041330774615,51.181104
-28.72664371,35.02695971750019,51.181104
-28.42865271,34.747712095574016,51.181104
-27.90153357,34.62504925774382,51.181104
-27.03978321,34.73590245524345,51.181104
-26.11625176,34.85424444937741,51.181104
-25.33251068,34.22584855150446,51.181104
-24.88789065,33.96452125822229,51.181104
-23.62040182,33.838142970718614,51.181104
-22.815825,33.63631947622011,51.509188
-22.58381014,33.571330007178744,51.509188
-22.05471465,33.70112335811158,51.509188
-21.48254132,33.88432625090442,51.509188
-21.50912691,33.84452338394205,51.509188
-21.05457388,34.19505662309226,51.509188
-20.94256613,34.315283960223866,51.509188
-20.86836275,34.37888378510278,51.509188
-20.78099459,34.45398966721648,51.509188
-20.80677262,34.44647779123769,51.509188
-20.52712407,34.60164611231121,51.509188
-20.47897199,34.6156818624383,51.509188
-20.69362757,34.397842548269864,51.509188
-20.61958922,34.32636137760766,51.837272
-20.55249565,34.27594354611737,51.837272
-20.40589471,34.29815837863424,51.837272
-20.24908254,34.192462551223294,51.837272
-19.96080983,34.23476040880247,51.837272
-19.58203037,34.22129886179727,51.509188
-19.68749602,34.05390682845842,51.509188
-19.68595096,33.806735017078864,51.509188
-18.93678441,34.11047472259919,51.509188
-18.76877451,34.116733889014405,51.509188
-19.23660336,33.7664499771006,51.509188
-18.76688843,33.92255651563914,51.509188
-18.66189055,33.9804323560186,51.509188
-18.53166571,34.02510458854292,51.509188
-18.46447721,34.03921964699061,51.509188
-18.42279444,34.09126126385185,51.509188
-18.26500689,34.21734486291378,51.509188
-17.83288661,34.5272603897757,51.509188
-18.17855728,34.364710417110835,51.509188
-18.01281223,34.46668563733856,51.509188
-17.56781652,34.63970791356917,51.509188
-17.09532236,34.814284692134905,51.837272
-17.19230737,34.71011891549958,51.837272
-17.22681698,34.62119418393521,51.837272
-16.80602243,34.771657824019556,51.837272
-17.06496414,34.52860651139302,51.837272
-17.07706028,34.4651496119686,51.837272
-16.74392466,34.580472505935106,51.837272
-16.91120071,34.45439438940375,51.509188
-16.68526361,34.525024681339005,51.509188
-16.66986749,34.46796673938146,51.509188
-16.90319525,34.33147234074466,51.509188
-16.56172318,34.477479960410946,51.509188
-16.55581145,34.459209180358066,51.509188
-16.35520441,34.52837421797139,51.181104
-16.31292939,34.5011948470134,51.181104
-16.26641818,34.4930433585751,51.181104
-16.1060754,34.519697115491034,51.181104
-16.13257524,34.49862829827694,51.181104
-16.2213918,34.444626012818624,51.181104
-16.28449341,34.38688821821056,51.181104
-16.39051942,34.28375563132894,51.181104
-16.43017596,34.245119214774945,51.181104
-16.25912575,34.27365230390451,51.181104
-16.17524943,34.28284684547637,51.181104
-16.08006733,34.30984080147281,51.181104
-15.99901278,34.327443033931075,51.181104
-15.79553455,34.41757541585065,51.181104
-16.16908911,34.24113071035373,51.509188
-16.08779179,34.30477002201624,51.509188
-16.19618881,34.27840247412078,51.509188
-16.12890299,34.33005155652615,51.509188
-16.09924865,34.35991048345536,51.509188
-16.05810058,34.389299060035654,51.509188
-16.33316455,34.26060321489805,51.509188
-16.09675912,34.38281357205559,51.509188
-16.12543561,34.355602021693926,51.509188
-16.2848915,34.26940891669379,51.509188
-16.39362468,34.231714339171326,51.509188
-16.22928432,34.305941019718134,51.509188
-16.13010564,34.36681982289443,51.509188
-16.20032176,34.32615780691763,51.509188
-16.07505831,34.36290382190548,51.181104
-15.96779901,34.38647167817012,51.181104
-16.0151784,34.34017766651596,51.181104
-16.16811176,34.26444839620885,51.509188
-16.22196532,34.22155818909182,51.509188
-16.27090357,34.20631020127231,51.509188
-16.21246251,34.223519934302054,51.509188
-16.13841013,34.27119508183272,51.509188
-16.07206044,34.28895498956131,51.509188
-16.08003897,34.318912105198834,51.509188
-16.27431685,34.23193389478446,51.509188
-16.33507788,34.202981126179154,51.509188
-16.33526547,34.198164909825195,51.509188
-16.27539328,34.21325730188015,51.509188
-16.29265786,34.19849778139883,51.181104
-16.12971058,34.260785938005235,51.509188
-16.36462828,34.13610380843743,51.509188
-16.03384168,34.2659160245467,51.509188
-15.97483236,34.31228566523777,51.509188
-15.81540136,34.350669373033206,51.509188
-15.66735534,34.40943328948314,51.509188
-15.93626633,34.27739774137032,51.837272
-15.72622864,34.387256156103824,51.837272
-15.65886106,34.43925049722521,51.837272
-15.95965949,34.396398850663594,51.837272
-15.61407871,34.62699756433483,51.837272
-16.04421807,34.6215478844105,51.837272
-15.81362622,34.848929547500624,51.837272
-15.86443546,34.96169996813676,51.837272
-15.83296247,35.11456932904829,51.837272
-15.37400824,35.432751835948004,51.837272
-15.49264199,35.381041196821045,51.837272
-15.44943261,35.29967657730269,51.837272
-14.84747779,35.2724595365568,51.837272
-13.90723056,34.619086918720484,51.509188
-12.39596015,34.45545240190533,51.509188
-10.85070876,32.92683496804962,51.509188
-9.253270411,32.13421891369265,51.509188
-6.628783616,30.07331451378185,51.837272
-4.209779688,29.096842363153648,51.837272
-2.239778477,27.767590871044604,51.837272
-0.447648831,24.793761832366936,51.837272
1.3517876571852292,23.241660743392114,51.837272
2.677915726560862,20.189283959219697,51.837272
4.033098699725125,18.67349890898371,51.837272
5.1554399177588355,17.21611790334321,51.837272
6.159874344929909,15.119741476853413,51.837272
6.69760816316461,14.327774971394305,51.837272
7.097945300717827,13.62548420688482,51.837272
7.564117566134595,13.06863366846152,52.165356
7.677313195100207,12.851771384379466,51.837272
7.749919804877979,12.763193539541987,51.837272
8.021430811655414,12.71811731310818,51.837272
8.643866912060401,13.03339450232271,52.49344
8.77884442416467,13.211452842664045,52.49344
8.807449496604011,13.298385196085425,52.49344
8.94542353812368,13.497181958653487,52.49344
8.90480638220168,13.742755617039313,52.165356
8.776985056241644,14.04076043317218,52.165356
8.860658257414718,14.30597840588064,52.165356
8.795874898048558,14.688122184017587,52.165356
9.040874174505923,15.473356509970811,52.165356
9.191496941831954,15.966090108198307,52.165356
8.919057232979181,17.427776893845138,52.165356
8.771079283070474,18.23046262155222,52.165356
8.737366173060716,19.85062690664768,52.165356
8.620173611843333,21.620847113051315,52.165356
8.123605657532737,22.694424400563683,52.165356
7.7395420467167035,24.41122920805644,51.837272
6.830628728972366,25.27958189899225,51.837272
5.720267058096022,26.090991671893587,51.837272
5.014519282658977,26.560375568335715,51.837272
3.7691781016848984,27.071081925104092,51.837272
3.356740703704394,27.22160784453054,51.837272
2.213608091874355,27.447859364374242,51.837272
1.9193871800247322,27.431028889212282,51.837272
1.7890341456352385,27.447367813880057,51.509188
1.6864806437321578,27.492942558218257,51.509188
1.4300012578176948,27.73300675655182,51.509188
0.8546478893654357,27.905847131969267,51.509188
0.48610565336116435,28.110299461404985,51.509188
-0.06981753,28.307001419743777,51.509188
-0.849747409,28.740591412521322,51.509188
-0.784187666,29.149559635945703,51.509188
-1.059977607,29.334596708310993,51.509188
-1.481005924,29.61141324936365,51.509188
-1.566748037,29.70648278360095,51.509188
-1.989434646,29.767289394254956,51.509188
-2.105751705,29.865292174619782,51.509188
-2.292247605,29.883705280789837,51.509188
-2.263376135,29.89752037937366,51.509188
-2.206576514,29.899726447838674,51.509188
-2.271159228,29.89090890290886,51.509188
-2.455030568,29.830216338184552,51.509188
-2.316183477,29.841318268018153,51.509188
-2.474001611,29.82222933324703,51.509188
-2.74755324,29.812076726409913,51.509188
-3.106745665,29.920605291204964,51.509188
-3.258324199,30.04334919590054,51.509188
-3.242058234,30.479437145710673,51.509188
-3.623078605,30.73443149735904,51.837272
-4.333598426,31.336943183898075,51.837272
-4.770838527,31.662469918115274,51.837272
-5.383830565,32.00794985037901,51.837272
-6.100444975,32.80271903632775,51.837272
-6.549305952,33.18335721198839,51.837272
-6.99686571,33.56188147125357,51.837272
-7.65997765,33.86597664558377,51.837272
-8.410307733,34.07217240188361,51.837272
-9.711402081,34.32181661344887,51.837272
-10.21525514,34.409051843788795,51.837272
-10.53294964,34.43254882369548,51.837272
-11.15082064,34.34991248499296,51.837272
-11.13083201,34.35432560552418,51.837272
-11.13973156,34.25105985629135,51.837272
-11.34023658,34.101882578350256,51.837272
-11.50852887,33.87848749919621,51.837272
-11.17690677,33.67421664098451,51.837272
-11.1095221,33.43386071562853,51.837272
-10.98692181,33.37350589880962,51.837272
-10.87741422,33.25854505055704,51.837272
-10.69480685,33.273606020742356,51.837272
-10.36395881,33.29087009489527,51.837272
-10.34348678,33.22474060296215,51.837272
-9.67426436,32.749953870367584,51.837272
-10.14680294,32.391486193850994,51.837272
-9.324243531,32.39783895963242,51.837272
-8.862606935,32.04948513352544,51.837272
-8.470643079,31.937099602593058,51.837272
-8.255933604,31.619847217521045,51.837272
-8.140621783,31.494519794687243,51.837272
-7.304266928,31.555352935947568,51.837272
-6.962946352,31.412109506500922,51.837272
-7.69354597,31.068986323315027,51.837272
-7.025290223,31.163013624445146,51.837272
-6.652271363,31.183042904736173,51.837272
-7.015602995,31.10331483473371,51.837272
-6.556193646,31.203384495400922,51.837272
-6.667436581,30.932664007377756,51.837272
-6.528247815,31.06577018619999,51.837272
-6.507038453,30.8519372782806,51.837272
-6.214177859,30.584601467264697,51.837272
-5.636030133,30.25985748017979,51.837272
-5.254088494,30.034152538486193,51.837272
-4.765021522,28.920447179340666,51.837272
-4.326671828,28.989267083700646,51.837272
-3.829246361,28.463492855410795,51.837272
-2.771518874,27.94218502965219,51.837272
-1.823418451,26.378129121660503,51.837272
-1.450420075,25.392698786089948,51.837272
0.23040877913819738,23.199611206678327,51.837272
1.1241343228662857,21.966399983488333,51.837272
2.039407967157085,21.90039317806734,51.837272
3.541042959216704,19.07252505518877,51.837272
4.146229152608601,17.539760531802845,51.837272
4.240487462354055,14.686894573867088,51.837272
4.649817047446417,13.173232857479274,51.837272
4.670572974962733,10.671993241797905,51.837272
4.852474964317983,9.592276152941144,51.837272
4.508624774353479,8.260207554764346,51.837272
4.443314384189792,7.4308826509034995,51.837272
4.585287171992256,7.0513130948056855,51.837272
4.621199369211381,6.763085357724729,51.837272
4.684846985222851,6.719192911232006,51.837272
4.817919027902093,6.659038421948317,51.837272
4.927113933078687,6.697471277801694,51.837272
4.974415620415409,6.662414161689736,51.837272
4.983538600622926,6.7419156749221765,51.837272
5.12197095994221,6.746141924270747,51.837272
5.223365150204892,6.80093471187189,51.837272
5.310565711309557,7.051420936248072,51.837272
5.3457120656392805,7.21865012935753,51.837272
5.5231860947889615,7.365484775282501,51.837272
5.780373642568343,7.894189714475678,51.837272
5.937499569130138,8.20735923191798,51.837272
6.110612720276821,8.577259087819039,51.837272
6.153188967518114,9.049226416962707,51.837272
6.249906503595306,9.550591031292166,51.837272
6.564530644606459,10.521382743883182,51.837272
6.627042508122625,11.08758143280638,51.837272
6.848964463534146,11.621879358490785,51.837272
6.705577615131349,12.344215853175486,51.837272
6.87010013176874,13.603313534660698,51.837272
6.859845754485278,14.310975302265556,51.837272
6.80994172029233,15.006685873084686,51.837272
6.936263495365104,16.29524242020222,51.837272
6.271193501952738,17.175227014594533,51.837272
6.2528057827831205,18.115511350262377,51.837272
6.120410479088979,18.4610032791026,51.837272
5.832460761603429,18.836973835613836,51.837272
5.728240351623404,19.146208094484297,51.837272
5.4844284359562225,19.222210151586648,51.837272
5.01979330459247,19.349831188043275,51.837272
5.134162353039254,19.370376771508855,51.837272
4.957587114281627,19.32630386464409,51.837272
4.5722578828306535,19.397985975461605,51.837272
4.784400209700347,19.316606636233548,52.165356
4.850469464041546,19.485248057058488,51.837272
4.890026275804899,19.61276822980411,51.837272
4.2924266096432495,19.973835441383716,52.165356
4.796343314944161,20.421608436643623,52.165356
4.334682388556996,20.84170325858954,52.165356
4.57103834518673,21.178799607332145,52.165356
4.200942483013368,21.62884368740215,52.165356
3.940264823495224,22.09168113466616,51.837272
3.744588712467324,22.505666144234368,51.837272
3.331911915744343,22.94411203777485,51.837272
3.1879646734116043,23.56022967104282,51.837272
3.030278051980854,23.805745510131224,51.837272
2.899449469111928,24.192819196657084,51.837272
2.4998155276387712,24.33268988445644,51.837272
2.1356477024221903,24.44231011155806,51.837272
2.1458684130056236,24.428537461438452,51.837272
1.8889391186157487,24.45135887663371,51.837272
1.8506565860297703,24.407827990721884,51.837272
1.8204691112798324,24.314063372092374,51.837272
1.6181020114335436,24.265237191621612,51.837272
1.7697237348213462,24.1651405962437,51.837272
1.9880772043858184,24.074351044966416,51.837272
1.7666755368997442,24.091610298072524,51.837272
1.9870853023782133,23.955820301332448,51.837272
1.914715250579222,23.9370613083755,51.837272
1.8643221820998264,23.940545233352374,51.837272
1.8704114239027887,23.955866255948084,51.837272
1.76852840126425,24.00574478157267,51.837272
1.975180994577618,24.020964715794342,51.837272
1.9075382784053634,24.118911535343393,51.837272
1.8920664178300222,24.159259015808928,51.837272
1.9687029099921063,24.176440103763674,51.509188
1.9338670316830886,24.215291301274682,51.509188
2.0328790088820226,24.204645143493043,51.509188
2.0106022182190375,24.196892731938576,51.509188
2.0114550981396295,24.122681699425925,51.509188
2.1009712768232647,24.035911945341145,51.509188
2.0908443216805885,23.78244871657446,51.509188
2.399260033161388,23.57168134638458,51.509188
2.8604028719034957,23.237010948139343,51.509188
2.8708862554772057,22.90133403908149,51.509188
3.1133288432517694,21.860254003931086,51.509188
3.3378124195139875,21.135437264590994,51.509188
3.7521764671421085,19.390967376353643,51.509188
4.093955697330134,18.35471224377179,51.509188
4.4933103519482955,17.11087474111469,51.509188
5.089993976783301,15.764424306486703,51.509188
5.274255413169261,14.383184621410765,51.509188
4.868236473887446,11.81264715462714,51.837272
4.9088372767683905,10.3931120940486,51.837272
4.247069368383493,7.836768970255443,51.837272
3.929010475671027,6.641065349755915,51.837272
3.6341637889245004,5.530593344407825,51.837272
2.893142424263502,4.0277701464938405,51.837272
2.615237439925686,3.533866425606137,51.837272
2.255030816494284,2.8238275804541684,51.837272
2.166056518820422,2.592571054093379,51.837272
2.112920787512223,2.455436814273627,51.837272
2.048457828071718,2.3539340688196924,51.837272
1.9883013838553762,2.2266786007716295,51.837272
2.0196493077567252,2.1982849355470933,51.837272
2.014210058992781,2.1587081584022663,51.837272
2.0654832749911147,2.222066098509669,52.165356
2.2217561577021137,2.3844011460217422,52.165356
2.3345407462264567,2.509687460698835,52.165356
2.6557701489822847,2.8482707826439086,52.165356
2.8430031549732044,3.134193803499524,52.165356
2.828818074611495,3.1470027069949777,52.165356
3.4131650471623423,3.8725921651072226,51.837272
3.7727788436559937,4.3855674722409965,51.837272
4.1389586888589704,5.074491756763432,51.837272
5.194809029669723,6.64521419002365,51.837272
5.695266212518638,7.690926843705632,51.837272
6.086560629321288,8.929675697225163,52.165356
7.057753134593709,11.531570274314028,52.165356
8.23057173911995,14.216672577907053,52.165356
7.924681300279519,16.12116952995819,52.165356
7.959267697409897,17.886612332829518,52.165356
7.317793560611637,21.666308113298662,52.165356
6.5469419283625525,23.63339972182328,51.837272
5.290356599406725,27.389691226161162,51.837272
3.2076694435070254,31.081310698847275,51.837272
0.9873111813740874,31.230789849893654,51.837272
-2.063423199,32.858504512914784,51.837272
-4.611362034,34.23478952605255,51.837272
-7.75387588,35.37776455120747,51.837272
-11.8018352,37.666490132706286,51.837272
-15.11931767,38.17820927601415,51.837272
-18.10449654,38.672788449549635,51.837272
-21.08801117,38.929148088961625,51.837272
-24.85908067,40.38242073741344,51.837272
-28.81029483,41.39078373239733,51.837272
-31.8963807,40.82437125549564,51.837272
-35.37420865,40.97297844168357,51.509188
-37.24369004,40.48533946994361,51.509188
-39.12131889,39.77498756871538,51.509188
-39.99151093,39.66451289038364,51.509188
-40.86264019,39.486595670664215,51.509188
-41.92603424,38.35562872040668,51.509188
-42.93794781,38.10201179056707,51.509188
-43.29757506,37.92877069135652,51.837272
-43.64752327,37.91489776294077,51.837272
-44.0144157,37.6642004823062,51.837272
-44.42448824,37.19037407768748,51.837272
-44.51982293,37.07824851742098,51.837272
-44.57205926,36.945559289949585,51.837272
-44.40897688,36.96577396609173,51.837272
-44.40500528,36.85969058486033,51.837272
-44.35815592,36.68482978567809,51.837272
-43.95742006,36.663587106779225,52.165356
-43.79673995,36.57500939818705,52.165356
-43.3589694,36.68078118883764,52.165356
-42.90894992,36.80835282645322,51.837272
-42.46488458,36.8103810017697,51.837272
-41.58176684,36.72854213095102,51.837272
-41.06325703,36.73260197509384,51.837272
-39.8475385,36.784036488948146,51.837272
-39.40364864,36.57003556954955,51.837272
-38.04901946,36.649457671209234,51.837272
-37.31007749,36.7428040657873,51.837272
-36.62907234,36.715576272137106,51.837272
-35.50049737,36.36906270225419,51.837272
-34.50073305,36.55695518285141,51.837272
-33.37217334,35.94925248709321,51.837272
-32.02175266,36.296215078471164,51.837272
-30.62891441,35.65661302893002,51.837272
-29.44690644,35.706411504926265,51.837272
-28.26699251,35.734208008157815,51.837272
-26.23676926,35.4668150926017,51.837272
-25.04881834,35.44246154851878,51.837272
-23.43875268,34.81192548541221,51.837272
-22.24957234,34.727191712112564,51.837272
-20.45235484,34.181804044840604,51.837272
-19.13807348,34.158243196011576,51.837272
-17.79231308,33.38185109205107,51.837272
-15.98301985,32.92068901436187,51.837272
-15.0465031,32.72175578424187,51.837272
-14.02727758,32.039611048934546,51.837272
-12.71188811,32.09493083724453,51.837272
-11.81507867,31.974495414505114,51.837272
-10.85903406,31.919650532309355,51.837272
-9.86394933,31.881998147268078,51.837272
-8.794780438,31.91334724568283,51.837272
-8.427121352,31.766370125026242,51.837272
-7.736574946,31.755844870316643,51.837272
-6.875666967,31.665136517030604,51.837272
-6.573830847,31.63890471240511,51.837272
-5.925768197,31.685225084842433,51.837272
-4.583847594,31.91074399214245,51.837272
-4.296369901,32.053734769296554,51.837272
-3.685527151,32.265422647735264,51.837272
-3.397178617,32.3892263221965,51.837272
-2.525729125,32.624063491430455,51.837272
-2.345953366,32.74908862093524,51.837272
-2.320714941,33.20114471588691,51.837272
-2.15402376,33.544429990551485,52.165356
-2.132506201,33.95672759375071,52.165356
-2.278128594,35.021784985434216,52.165356
-2.72499057,35.63151785180784,51.837272
-3.465755886,37.13587271576855,51.837272
-5.306726238,37.83172180060179,51.837272
-5.943051299,38.66601608239722,51.837272
-7.917776217,39.32868378052633,51.837272
-9.707249257,39.96123275832525,51.837272
-11.29573255,39.54158871300918,51.837272
-13.43129146,41.131265447534666,51.837272
-15.78446412,41.47664099569145,51.837272
-18.50590679,42.75329428721296,51.837272
-20.76623047,42.89922195535982,51.837272
-23.25535812,43.77441077400338,51.837272
-25.13300337,43.58777984857548,51.837272
-26.68103474,44.00324101255564,51.837272
-28.31803451,43.447385218367735,51.837272
-29.21791465,43.03748058754831,51.837272
-29.95562339,42.733813737072495,51.837272
-30.92036491,42.07769057555508,51.509188
-31.39190355,41.75622851536908,51.509188
-31.6462246,41.51225829131584,51.509188
-32.2211451,41.050932318670576,51.509188
-32.56035985,40.772324405541134,51.509188
-32.84782344,40.555445623453714,51.509188
-33.29656139,40.16568469527091,51.509188
-33.49557476,39.94208436695302,51.509188
-33.6760078,39.67653707027118,51.509188
-34.08518959,39.28041155406796,51.509188
-33.95115302,39.259791727237804,51.509188
-34.08639771,39.05929393569446,51.509188
-34.4790171,38.66129690130089,51.509188
-34.56863532,38.40303501296556,51.509188
-34.86353046,38.010515899542206,51.509188
-34.9780052,37.74119892312502,51.509188
-35.03023562,37.47385772854642,51.509188
-34.21434617,37.066147472508526,51.181104
-33.77153246,36.9676648820886,51.181104
-33.19058332,36.893850600884925,51.181104
-32.41619623,36.438558657368205,51.181104
-31.77466147,36.46486583453435,51.181104
-31.09487609,36.036442813484264,51.181104
-30.84588367,35.810130499809866,51.181104
-30.06927318,35.7220815482533,51.181104
-29.18966275,36.11211985947006,51.181104
-29.00284111,35.986327652083055,51.181104
-28.48388694,36.10849290833565,51.181104
-27.82547607,36.14492600237709,51.509188
-27.49716703,36.198153973230546,51.509188
-26.89331984,36.4302534238186,51.509188
-27.20933751,36.02476285371574,51.509188
-26.48924186,36.28936184284683,51.181104
-26.38876831,36.22822460322764,51.181104
-26.0567072,36.45367137618256,51.509188
-26.24574187,36.41774368528934,51.509188
-25.86066025,36.799313732745105,51.509188
-26.20290231,36.917086078454645,51.509188
-26.33136627,37.0926470795521,51.509188
-25.81097002,37.45663017271983,51.509188
-25.94885938,37.99384490986817,51.509188
-26.01861447,38.321838375209936,51.509188
-26.32695938,39.04291951557588,51.509188
-26.71645123,39.28911733476697,51.509188
-26.80206551,40.1480425288117,51.509188
-26.89662104,40.40794015107155,51.509188
-26.95623055,40.69956213128922,51.509188
-26.10780449,40.812240278929885,51.837272
-24.56774022,40.4751468906949,51.837272
-22.9128086,38.28817094554902,51.837272
-21.08721768,37.8995841147096,51.837272
-19.73546976,37.24082984449971,51.837272
-17.50308568,36.798065772698585,52.165356
-15.91271598,37.51321264370089,52.165356
-13.74353211,38.36106069965929,52.165356
-11.27589394,37.71633067083957,51.837272
-8.811232747,36.810185227869205,51.837272
-6.104582596,34.22226283633626,52.165356
-3.533389788,33.011902793579175,52.165356
-1.485771708,30.098620895352692,52.165356
0.3533805419779257,28.655105482771187,52.165356
1.660103054026697,25.653362912179123,52.165356
2.381562211106473,22.860204556662914,51.837272
3.3969146712990166,18.970880246553268,51.837272
3.4676893658162573,17.044127467309295,51.837272
3.8610930635571985,16.244520940412656,51.837272
4.176758314645976,15.549532101087577,51.837272
4.393731490791984,15.085169237367312,51.837272
4.961273423160727,14.908151238628793,51.837272
5.381446639689414,14.76168145562577,51.837272
5.994532216727217,13.98711915305387,51.837272
6.205341657073851,13.917117314842159,51.509188
6.398759602538163,13.774106585206676,51.181104
6.498408043534471,13.614799882566654,51.181104
6.639316071350385,13.48867239435975,51.181104
6.542297785601136,13.177128002412397,51.181104
6.415961072264597,12.946152953161267,51.181104
6.284595919509599,12.396778659595112,51.181104
6.346858446811368,12.0247047699484,51.181104
6.28568373481896,11.63266082103593,51.181104
6.310517673967086,11.222621186741216,51.181104
6.144598667087429,10.864501560362427,51.181104
5.176379981742751,8.55925689901298,51.509188
5.2203816416030095,8.37149333681104,51.509188
5.159373818243503,8.367977994934417,51.509188
5.313314358417662,8.463351951712294,51.509188
5.876715300941519,9.207589746722805,51.509188
6.231054689222405,9.927098562213944,51.509188
7.215620385342139,11.89398717465921,51.509188
7.926677437440357,13.034586394510779,51.509188
9.197671603013834,15.704563181435326,51.509188
9.632336089619344,17.26275743831072,51.509188
10.377930448907321,20.5754721341863,51.837272
9.99787392420814,22.580409344156873,51.837272
9.327417976334054,24.640076500455834,51.837272
9.133666275014663,28.070502941381488,51.509188
6.991156575763127,30.14898514314061,51.509188
6.135034354593736,32.90840938841162,51.509188
3.2239282037154093,34.41691905371695,51.509188
0.3619124287564487,36.2760830148624,51.509188
-2.327436154,36.814955896287316,51.509188
-4.928229035,37.21116289640953,51.509188
-7.311116643,37.76234712821818,51.509188
-9.844977898,37.53549917029337,51.509188
-12.04026843,37.65846958062937,51.837272
-13.685315,37.515527588186906,51.837272
-15.51576386,37.13142457332227,51.837272
-16.765309,36.9523854909037,51.837272
-17.55733114,36.8514554938608,51.837272
-18.39067877,36.8223202710326,51.837272
-19.53995063,36.326913876718095,51.837272
-20.18009488,35.83109819616849,51.837272
-19.58357752,35.896195801913514,51.837272
-19.74328633,35.47930677263294,51.837272
-18.89231924,34.60123463184666,51.509188
-18.37800698,34.425909526256106,51.509188
-17.63207119,34.07560000731219,51.509188
-17.45817054,33.95524770401438,51.509188
-17.77314409,33.62231736063369,51.509188
-16.98606288,34.073296237406055,51.509188
-16.81905957,34.68551915270378,51.509188
-16.69450865,34.74563835545993,51.509188
-16.79412613,35.21191310158812,51.509188
-17.29675683,35.8324442223421,51.509188
-19.16707308,37.24158927354072,51.509188
-20.2890011,38.10178459277153,51.509188
-22.60351055,40.41192742005812,51.509188
-25.35226329,42.67063147880098,51.837272
-28.26805312,44.4048758681877,51.837272
-30.78160984,44.06588328045945,51.837272
-32.49456381,43.94769860329244,51.837272
-33.50787396,43.74596940899992,51.837272
-34.62232287,43.00085925360771,51.837272
-34.72293485,42.65854047913894,51.837272
-34.32153072,42.1112756985721,51.837272
-33.76587648,41.76071692056321,51.837272
-33.50108692,41.97343287459301,51.837272
-31.11312329,41.47158937139944,51.837272
-30.1197842,40.781561215830834,51.837272
-27.96865749,39.5401234402336,51.837272
-25.13227141,39.99769461342332,51.837272
-23.20603399,39.66771862287838,51.837272
-20.91667761,39.471317049634706,51.837272
-18.43892268,39.304843916082135,51.837272
-15.27830839,37.982636028974994,51.837272
-12.67860594,37.57582700373007,51.837272
-9.622095998,35.994970160596516,51.837272
-8.11205665,35.25190873367611,52.165356
-6.689832888,33.2952037765785,52.165356
-2.278692296,28.995936046674437,52.165356
-1.807111259,28.27469299612461,52.165356
-1.038742616,26.999744682968302,52.165356
-0.741972519,26.49870306630667,52.165356
-0.190099645,26.11948622918733,52.165356
0.2749036232847555,25.80742778937472,52.165356
0.7711910271116276,25.53609469485674,52.165356
1.0004827707168802,25.129600495648436,51.837272
0.7177670217605293,24.880102259178532,51.509188
1.189425149317933,24.709086432772693,51.509188
1.6366422366089062,24.663704214691634,51.181104
1.511635698812794,24.702611877334075,51.181104
1.4810087939627032,25.196276104036148,51.509188
1.5537605920945337,25.684707556033075,51.509188
1.6604025260669404,26.34043648370286,51.509188
1.3058878693344835,27.157795291828016,51.837272
0.49739495445533183,28.159551956104096,51.837272
-0.505507252,30.484097342062388,51.837272
-2.06402684,31.733767883864527,52.165356
-2.834892102,34.59137961953297,52.165356
-5.820232224,35.8089582416925,52.165356
-9.561024616,38.42447539993441,51.837272
-24.85683717,41.24543498479495,51.837272
-26.10918337,40.95500276564492,51.837272
-27.22750105,40.342569787259094,51.509188
-28.20305893,39.81515252574491,51.509188
-28.81161398,39.15117137255441,51.509188
-28.50893854,38.623516600633316,51.509188
-28.24632359,38.22933472831419,51.509188
-27.3741838,37.04704665208521,51.509188
-26.42206867,36.5862624175261,51.509188
-23.94416279,35.76480177496874,51.509188
-21.2542522,34.58337061367781,51.509188
-19.41628006,32.49895493450007,51.509188
-16.59126026,32.387421562154096,51.509188
-13.91947461,30.31899107308006,51.509188
-10.01910458,28.62099829946781,51.509188
1.597887569775835,22.76304822702423,51.837272
3.1750811104961767,21.610519579419783,51.837272
4.265774897673619,20.393878022210355,51.837272
4.814378426899824,18.400277242134628,51.837272
5.416447631087134,17.335703186760174,51.837272
5.276574254976274,15.421378142354701,51.837272
5.583224665874046,14.336883728678153,51.837272
5.315789867145176,12.707954646437187,51.837272
5.388600258503835,11.974004548508121,51.837272
5.329044006866875,11.145777455362019,51.837272
5.373492952579478,11.097156316076775,52.165356
5.661524486719345,11.165974415278857,52.165356
6.106760595757186,11.369393481745107,52.165356
6.492650654167428,11.58263224178475,52.165356
6.959678106134121,12.043075162744435,52.165356
4.437296137664145,6.221493424987449,51.181104
4.232869394401264,5.732131209925596,51.181104
3.8187043981176907,5.20312370132267,51.509188
3.720533802463826,5.008116294598899,51.509188
3.5800925385076887,4.78564374714914,52.49344
3.5366599015151245,4.731354059800617,53.805776
3.5763033555248382,4.796704219728819,54.461943999999995
3.5842770543844096,4.867236143527561,55.118111999999996
3.783977684179359,5.1415135783306845,56.102364
4.283079637417101,5.948237977955116,57.74278399999999
4.414739258089947,6.44257682523454,58.070868000000004
5.0825608863986105,7.657586809988676,59.055119999999995
5.397933583786787,8.563455630662553,59.383204000000006
6.261783185975424,10.61620428739644,60.367456000000004
6.339552492566589,12.002591731405182,61.023624
6.447720331363745,13.543301350375389,61.351707999999995
6.508689269587666,15.147384743222284,62.007876
6.278884678482541,16.980578395456902,62.664044
6.378474874703855,20.53242816482044,63.648295999999995
5.398862394560189,22.65714929286836,64.304464
4.344583219029718,24.702549595473194,64.632548
2.400707515483683,26.817760434758547,65.28871600000001
0.9607631328176295,28.782526637594856,65.6168
-1.480243693,32.72897880951946,66.601052
-4.64678049,36.43155848391609,66.601052
-7.723126625,37.89689984522134,66.601052
-11.37949119,40.56978609685072,65.944884
-13.73287597,41.35422237501395,65.28871600000001
-17.90868935,42.40385594009532,63.976380000000006
-20.12774787,42.517051985136156,63.320212
-23.02649266,42.30986441790994,62.007876
-24.58409564,41.51156480506115,61.351707999999995
-25.00826935,40.79787468152104,60.69554
-25.26018489,40.21412610558167,60.367456000000004
-26.00829245,38.959619968138,60.039372
-25.57962179,37.561426131699065,59.383204000000006
-24.98755658,37.006393688079754,59.055119999999995
-24.37935365,36.316745682433016,58.727036
-23.63133625,35.669620090288376,58.398952
-22.12644029,35.47031879593916,58.070868000000004
-20.84252832,34.115737331460714,57.08661600000001
-20.03254517,33.68652092314896,56.758531999999995
-18.99449115,33.51120427971074,55.118111999999996
-19.42461145,33.39588179411466,54.790028
-19.41120605,34.08723580082285,54.13386
-19.88422104,34.412744440781076,53.477692000000005
-20.76797603,34.91955240583354,52.821524
-22.80643969,35.834079265050995,51.509188
-23.93923779,36.18621648027374,51.181104
-25.47020049,37.60639108843429,49.868767999999996
-27.39188727,37.484329278406975,49.2126
-29.14526967,38.28797570688448,47.900264
-31.18103662,37.57729438857992,47.572179999999996
-32.79382928,37.53628259870035,46.259844
-33.35769591,37.26889603353961,45.603676
-34.4801476,36.31215547489334,45.275591999999996
-33.41293905,34.70073131629503,44.619424
-31.4439362,33.29438880963749,45.275591999999996
-29.40974156,33.36357103675417,45.275591999999996
-27.96799438,32.49443394999713,45.275591999999996
-24.72039345,30.918446256917303,45.603676
-22.51937704,30.463334529613054,45.603676
-20.07154324,29.92524285670998,45.603676
-17.34356994,29.445036798559336,45.275591999999996
-14.07786846,28.972613656463746,45.275591999999996
-10.63805566,26.062259929269135,44.947508
-7.054953588,25.05184422850821,44.947508
-4.332195272,23.471726380631864,44.947508
-1.743190584,19.154800974985903,44.947508
3.205052251956223,3.6804124675479173,45.603676
11.624502544450577,8.044205880306782,44.619424
12.119665024453731,8.010344056493015,44.619424
12.685485219230006,8.16641575545634,44.947508
12.90300560905398,8.24207912177607,44.947508
13.335848717416228,8.243881801011167,45.275591999999996
13.729849731877014,8.440772931617449,45.603676
13.941532283201077,8.6031378770786,45.603676
14.006708820798254,9.017751764847954,45.603676
14.546956655358155,9.303037628751817,45.275591999999996
15.0669046609145,9.78070576509955,45.275591999999996
15.233817206888077,10.193489407162925,45.275591999999996
15.65123086742826,11.031996760394643,45.275591999999996
15.908255846070007,11.50244810238519,45.275591999999996
15.918347275350031,12.29180821527276,45.275591999999996
16.179932844047865,12.950116148441111,45.275591999999996
16.084553037766028,14.047008340920279,45.275591999999996
16.07691058921281,15.207731747166477,45.275591999999996
16.810160584895783,16.99151722166856,45.275591999999996
16.370258958031474,18.77873208555372,45.275591999999996
15.936150824342457,20.65910941324007,45.275591999999996
14.806852085983103,22.94926803244329,45.275591999999996
14.846740387371428,26.09080758040941,45.275591999999996
12.952931781100219,30.303827905880027,45.275591999999996
-29.72935726,40.47829056889106,44.947508
-33.12974911,41.172416578177085,44.947508
-37.62505047,38.92994781135576,44.947508
-40.23428466,37.9665058613257,44.947508
-43.26763632,38.03550934795741,44.947508
-45.70139628,36.80416202455866,44.947508
-47.58703173,35.810122699414045,44.947508
-51.35824319,34.35782413615474,44.291340000000005
-51.94026743,34.03681496117453,44.291340000000005
-52.06066856,33.86380342379239,44.291340000000005
-52.30630995,33.198697220748635,44.619424
-50.87261805,32.72001716125043,44.619424
-48.89110639,32.02406679260423,44.619424
-47.89886145,31.99580309282353,44.619424
-43.46266508,30.967919605016732,44.619424
-31.77153521,30.547634074842627,44.619424
-28.95842155,30.647539966759336,44.619424
-24.90015488,28.80187667872181,44.619424
-21.38386109,28.83146188723416,44.947508
-17.92572707,28.449520178755463,44.947508
-13.06628558,25.795611834641086,44.947508
-9.538411803,24.707497137810943,44.947508
11.45575876460754,13.421835809467105,45.275591999999996
12.685535668219226,13.888567969167848,44.947508
13.870551903348284,13.955594799883611,44.947508
14.871646974901886,14.587211496025693,44.947508
15.556718438266945,14.337830088566097,44.947508
15.745937215667922,14.11620557899899,45.275591999999996
15.621648278116238,13.881102154934968,45.275591999999996
15.067199899330676,13.395315621583391,45.603676
14.87159802413522,13.105260533230327,45.603676
14.470996474491894,13.127201595705603,45.93176
14.048284512355,12.758176157343994,45.93176
13.70023677191415,12.78861545114558,45.93176
13.038783212526361,12.901185583843361,45.93176
12.545385895118146,13.173024111716092,45.93176
12.400073136745823,13.221563135475959,45.93176
11.822287744683607,13.710541246174037,45.603676
11.588540199816961,14.036459386062083,45.603676
11.229611197860457,15.019039677491595,45.603676
10.858334674531271,15.914718994129915,45.603676
10.505638792175166,18.127632681416728,45.603676
9.803364068666609,19.85036714226595,45.603676
8.812042434794572,23.46283894815047,45.603676
7.888988498017983,25.556095884754843,45.275591999999996
5.26503124627796,28.08099036794802,45.275591999999996
-32.55625087,40.79407633695155,53.14960799999999
-34.13038798,40.29608532630771,53.477692000000005
-35.09400495,40.20959242762381,53.805776
-35.33896595,40.366732952039335,54.790028
-35.43311796,40.28411343720148,54.790028
-34.81109023,39.99528832154598,56.102364
-34.26024305,39.56459407664996,56.430448
-32.72317475,38.6425594737927,58.070868000000004
-31.02434992,38.70587284185967,59.055119999999995
-27.93639049,37.84073275718741,61.351707999999995
-21.98878024,36.371843309060985,65.28871600000001
-20.07082982,35.59855429586705,66.601052
-16.6395203,35.53137676443155,67.58530400000001
-14.13300392,33.01381136982847,69.88189200000001
-10.803529,32.50044485368104,70.86614399999999
-8.73860505,30.000451788100307,72.834648
-5.942698501,29.435138203153667,73.8189
-4.740310699,28.471169692969728,74.803152
-2.96113816,27.172959401522462,77.427824
-1.868368231,27.530572745298965,79.06824399999999
-1.086104583,27.894251481272892,80.05249599999999
-0.768036071,28.582301929496627,81.036748
-0.309540738,29.09694372976588,82.021
-0.3668079,29.752267456732813,82.67716800000001
-0.366648673,30.67005358649421,84.64567199999999
-0.969639125,30.960148765487,85.629924
-1.139659468,31.125009497171135,86.614176
-1.008195311,31.21751764612712,88.910764
-1.406704326,31.01982740791145,91.207352
-1.332973392,30.717352375552974,93.50394
-1.66533349,30.56394999184232,94.488192
-1.482080146,30.276674369054813,95.800528
-1.506611096,30.10668426470788,96.78478
-1.237676506,29.647865902782883,99.409452
-1.286656607,29.405887836565373,100.393704
-1.193301666,29.254906068654314,101.70604
-0.972863239,28.95570949370004,104.002628
-0.925533153,28.840501667007086,105.31496399999999
-0.91998501,28.763868377318317,106.29921599999999
-0.861523083,28.602678767216823,110.23622399999999
-0.58126629,28.561212663702214,111.220476
-0.621134754,28.474854470401155,113.845148
-0.261928606,28.447056230988018,113.845148
-0.395556296,28.4047927766347,113.845148
-0.254776853,28.342097264784037,113.18898
-0.119586891,28.342990096086563,113.18898
-0.136531077,28.334383249950587,112.204728
0.004213730450920365,28.288353606169004,110.23622399999999
0.14475483992847601,28.10162938776259,107.611552
0.07086086752123247,27.83098023019843,105.643048
0.014966787066013764,27.695764555975536,104.658796
0.15942505748177505,27.475850702291165,103.34646
-0.115176426,27.38761958848558,103.018376
-0.064927681,27.32216782389158,102.690292
-0.097493552,27.271283303129422,102.034124
0.051955102773869034,27.170554866184908,100.721788
-0.000750732,27.089699019597553,100.06562
-0.022834944,27.015903289488815,99.409452
0.33891244329182174,26.90747942330151,98.4252
0.17712754229575337,26.714899222923616,96.456696
0.33779234508731304,26.628140547016976,95.472444
0.4602581833366856,26.525273113012723,94.816276
0.33210982233505004,26.498575915652218,92.84777199999999
0.1709777812208117,26.650666310281448,91.86352
-0.038424946,27.52438350876746,90.2231
-0.316495736,28.312503616796242,89.238848
-1.201545789,30.396669199704526,87.598428
-1.990164418,31.613436484512064,86.94226
-2.438785921,34.54788761686373,85.30184
-16.43392499,41.71487179198129,74.803152
-16.95047864,41.12608591813987,73.8189
-17.33099679,40.62284083848846,72.506564
-16.8462022,39.31508700928168,70.86614399999999
-16.61277535,38.349301178246506,69.88189200000001
-15.77111411,37.71062627548276,69.225724
-11.45079181,35.71067755004357,66.601052
-12.85697765,33.97897768669703,65.6168
-11.60500176,31.724199281074156,63.648295999999995
-10.19573534,30.79427559038628,62.664044
-7.852872965,28.48115637001543,60.367456000000004
-6.055624918,27.299689823438126,59.383204000000006
-4.525829735,24.10328588026509,57.4147
-2.686436678,22.5169846873297,56.430448
-1.23415257,20.722961791954546,55.44619599999999
0.5569104498550915,17.385768256642834,53.805776
1.6484239814335837,15.995798672548887,53.14960799999999
2.6570500938256614,13.92488233139595,51.837272
3.180198684895721,13.304796791358383,50.85302
3.822580452568207,12.983385808601147,50.85302
4.446611709888576,13.752892632377534,50.85302
4.841490066568233,14.470340079785002,50.85302
5.553696360991678,16.830053270641052,51.181104
5.861428639625723,18.251968086530894,51.181104
5.204288008957074,21.254135127054603,51.181104
4.804846756073243,24.083478617486392,51.181104
3.5670236001183864,24.297671437906768,51.181104
2.514781394605814,25.798886156734934,50.85302
0.7948423771093648,30.186979370307583,50.524936
-4.738768887,34.755201885433586,50.524936
-7.650862353,37.93565303434539,50.524936
-30.7484246,40.516645255648214,50.85302
-34.32619708,40.18638879877286,50.85302
-37.59698271,39.9180331912118,50.85302
-42.57673304,39.72875155661689,50.524936
-45.67327763,39.93487795429882,50.524936
-48.81525858,38.33613906233512,50.196852
-49.37883241,37.96699124048821,50.196852
-50.04788666,37.020492592017476,50.196852
-50.2439635,36.51671335198424,50.196852
-50.05262982,35.793609822303914,50.524936
-49.89149171,35.503705282371676,50.524936
-49.81482199,35.2722021174775,50.524936
-49.65769788,35.26917021841976,50.524936
-49.52585652,35.293190622767774,50.524936
-49.75511447,35.09177710127714,50.524936
-49.85740472,35.30460500882234,50.524936
-50.04729566,35.234748937257464,50.524936
-50.73047948,35.06855361818983,50.524936
-50.96008907,35.31675214474133,50.524936
-51.26284789,35.2124397739511,50.524936
-51.58575551,35.26415789270472,50.524936
-51.94641319,35.502801559824064,50.524936
-52.14142426,35.48937852222369,50.524936
-52.39879761,35.638927392250906,50.524936
-52.56346785,35.61248159196989,50.524936
-52.7965737,35.57337787686026,50.524936
-52.83825097,35.63481180719948,50.524936
-52.93929467,35.60812158559249,50.524936
-53.1468973,35.540073554841996,50.524936
-53.37203068,35.34745534398649,50.524936
-53.71886623,35.196670236554986,50.524936
-53.82359762,35.29901989405229,50.196852
-54.19239662,35.4383179412372,50.524936
-54.39944748,35.559296918513,50.524936
-54.67501575,35.62930183245046,50.524936
-55.27914765,35.71748569389313,50.524936
-8.276991953,32.63843301989302,50.85302
-3.864647267,30.98276965911448,50.85302
-3.968606252,30.256653918408315,50.85302
-2.168824742,30.09304370686048,50.85302
-3.487923597,29.584439500582093,50.524936
-3.000000571,28.92730204904412,50.524936
-3.003140978,28.59463440868496,50.524936
-0.708972681,25.586046259084938,50.85302
-0.097836932,24.516570664543238,50.85302
0.025854115023303953,24.470295521908366,50.85302
-0.056244537,24.563387836524544,50.85302
-0.14605433,24.743106476875756,50.85302
-0.08542732,25.423446524880116,50.85302
-1.081146329,26.688905607582015,50.85302
-1.363847157,27.526306472285917,50.85302
-3.307762994,30.95299450100704,50.85302
-5.311907646,32.093925252281295,50.85302
-7.054374831,33.37850522592559,50.524936
-10.51172194,37.71030405851368,50.524936
-12.3459594,37.15024383325975,50.524936
-15.29600222,37.87787585571963,50.524936
-18.57160157,38.18924937125936,50.524936
-21.27541553,39.84199545883425,50.524936
-23.71180593,39.61392399926681,50.524936
-26.49323237,39.64099631979117,50.524936
-28.18291852,39.14296063587485,50.524936
-29.25342877,38.641256538271804,50.524936
-30.34093124,38.128098530119615,50.524936
-30.78663345,37.78902197323645,50.524936
-31.99170997,36.95902857192825,50.524936
-32.50773755,36.642049762072205,50.85302
-33.03929176,36.408417993764786,50.85302
-33.47707333,36.168742512665446,50.85302
-33.73986811,36.149338866496855,50.85302
-34.07604352,36.290780750744034,50.85302
-34.71763763,36.55852948516078,50.85302
-34.95975125,36.35620867896318,50.85302
-35.10593938,36.276271555537434,50.85302
-35.4051,35.99033741026736,50.85302
-35.19820398,36.22702136617872,50.85302
-35.20133942,36.214367049760405,50.524936
-35.14705965,36.21906242119247,50.524936
-35.01173613,36.297032681145964,50.524936
-34.83767053,36.368785232389,50.524936
-34.88850469,36.20529372734574,50.85302
-34.4885954,36.18547754204242,50.85302
-34.43970614,35.93994326759137,50.85302
-33.61591832,35.91895258893343,50.85302
-33.35343273,35.647852357253015,50.85302
-31.56136144,36.054389422286015,50.85302
-30.82368228,35.24684443665431,50.85302
-29.93547268,35.23326065035304,50.85302
-28.27617172,34.93228773781964,50.85302
-27.11068761,34.997367853737366,50.85302
-25.49645881,34.51714171795651,50.85302
-24.28058175,34.53573553749976,50.85302
-22.73018023,33.94290034349144,50.85302
-21.6349238,33.8674605865508,50.85302
-20.42011474,33.8199265124942,50.85302
-18.94014184,33.146899918401004,50.85302
-17.86565056,33.00504978166495,50.85302
-16.29097815,32.36035059904651,50.85302
-15.20207522,32.1590865585493,50.85302
-13.79561617,31.45696171693819,50.85302
-13.1943919,31.09427206273356,50.85302
-11.17784374,30.1383789759932,50.85302
-10.07443482,30.04813534854267,50.85302
-9.517687477,29.76469767994329,50.85302
-8.479375462,29.284977602373054,50.85302
-7.799612285,29.14972781333356,50.85302
-7.467067849,28.926271373360734,50.85302
-6.669044576,28.88199799900206,50.85302
-6.027787193,28.474893700491933,50.85302
-5.360382075,28.60804246544924,50.85302
-4.831686943,28.55480241104447,50.524936
-4.656292938,28.409265558238022,50.524936
-4.120026095,28.10039190597291,50.524936
-3.875486683,27.88248030643851,50.524936
-3.116925789,27.328138851439302,50.524936
-2.263901962,27.033390016631035,50.524936
-1.948115598,26.596005312649275,50.524936
-1.298615506,26.195095098421223,50.524936
-0.64426733,25.72392229070906,50.524936
-0.308781362,24.801753243404,50.524936
-0.295840662,24.35876863307781,50.524936
0.19233338998129496,23.900932948742074,50.524936
0.8894035553713082,23.45808049848497,50.524936
1.4052271132576994,23.015836939344503,50.524936
1.4276479852169837,22.2566546571543,50.524936
1.9895601624308403,21.511537798202184,50.524936
2.652424152557037,21.057392311807252,50.524936
2.8201408990085195,20.063696608774208,50.524936
3.4017963337639308,19.351936437352318,50.196852
3.8416797761083017,17.729775003009355,50.196852
4.228716367588829,16.727305031338133,50.196852
4.411376949220106,15.622720726320594,50.196852
4.698319773466438,14.441194371418645,50.196852
4.757043533511164,11.938104688426673,50.196852
4.7197845350826215,10.718180885024998,50.196852
4.769411979288568,9.568161819793882,50.196852
4.327401673258755,7.916684688829113,50.196852
4.314221679113698,7.257963797205038,50.196852
4.056986411358236,6.5319421423130795,50.196852
4.033342846101848,6.284311369399419,50.524936
4.222635546504432,6.34097434277485,50.524936
4.307747543740231,6.3779111377281605,50.524936
4.405205130746949,6.517958124868074,50.524936
4.5018031267662595,6.572788636030105,50.524936
4.725668997235258,6.650820924005669,50.524936
4.644455098653379,6.754861580085796,50.524936
4.754613556960101,6.703420276733704,50.524936
4.7081790280416715,6.696528961802541,50.524936
4.657031060020046,6.607794802034444,50.524936
4.7119245084813866,6.506402250506856,50.524936
4.51777013591433,6.432711364572829,50.524936
4.509351928228134,6.305616494866019,50.524936
4.497432288846969,6.15814402072779,50.524936
4.456427490574232,6.134880043746856,50.524936
4.418475030732658,6.0855644180470465,50.524936
4.396737095610306,6.039632038321735,50.524936
4.382975995669746,6.048937158654674,50.524936
4.413438664775562,6.049016957378597,50.524936
4.413511135647566,6.0731932594108615,50.524936
4.425002302303577,6.124182620659802,50.524936
4.355696089341682,6.215459072189237,50.524936
4.41576173571149,6.268727259917279,50.524936
4.4820832219970255,6.268487545904928,50.524936
4.545073703359133,6.308204504332123,50.524936
4.56268978872493,6.376093258951018,50.524936
4.608649471708625,6.489989934026045,50.524936
4.67311621606625,6.55464968976302,50.524936
4.770904962957439,6.737676092152501,50.524936
4.7408225389637355,6.807829717030447,50.524936
4.679790517978423,6.664228881202432,50.524936
4.450344396830752,6.329120013737056,50.524936
4.175456927832977,5.918503523736013,50.524936
4.254877159340639,5.861667414276022,50.524936
3.373417764388468,4.504097106394649,50.524936
2.153700934412087,2.7524954382662252,50.524936
1.5721405523906538,1.9001753708061278,50.524936
1.11357554022291,1.2916639301628137,50.524936
0.7504700622359676,0.8210274351296132,50.524936
0.8248534961804347,0.8690602758152239,50.85302
0.9236824970907277,0.9486753092487238,50.85302
0.7965464985757823,0.8073478657483717,50.85302
0.7128792384155445,0.7244359140333545,50.85302
0.4728882370453098,0.47794815988207595,50.524936
0.4150045628326891,0.417937959083018,50.524936
0.4153354314904101,0.41188417345424105,50.524936
0.46844430758532657,0.4652886063948969,50.524936
0.5184839148668697,0.5146458178354187,50.524936
0.6285913274359742,0.6245029031463253,50.196852
0.6887318666712201,0.6821253720303263,50.196852
0.6901830368961378,0.6894405994444346,50.196852
0.6977307700652605,0.698832572200165,50.196852
0.6860811709734537,0.6845637950805477,50.524936
0.6705701741627937,0.6660070093262813,50.524936
0.6662335492670396,0.6655583300096989,50.524936
0.6484587737645712,0.6516487519953037,50.524936
0.6426017988780498,0.6507193247437155,50.524936
0.6288986419002425,0.6367425534497793,50.524936
0.622711493860232,0.6334843649480189,50.524936
0.6225902727395718,0.6303289743329109,50.196852
0.64884241130435,0.6544537750318177,50.196852
0.6758817081865338,0.6847318879531408,50.524936
0.771806192585507,0.7868693038849913,50.524936
0.8309290729605366,0.8517908487975215,50.524936
0.8914082286875699,0.9221848774743069,50.524936
0.9537241006646178,0.9827149337543161,50.524936
1.0654829291931893,1.0963408590030994,50.524936
1.1001729217690484,1.1387817556483197,50.524936
1.121551161120536,1.1863091430414359,50.524936
1.1479650765664353,1.2131413608866424,50.524936
1.1448385134001426,1.2154704374590353,50.524936
1.1506190032515964,1.2260310115975774,50.524936
1.1446416142897107,1.227669019988357,50.524936
1.1485970819173545,1.2358740657190632,50.524936
1.1553469504002571,1.2437812284560916,50.524936
1.1688544235915164,1.2598072240717142,50.524936
1.1782151724650165,1.2670579117883334,50.524936
1.1826922710726349,1.2785311738347558,50.524936
1.1917055727978152,1.2916753336041642,50.524936
1.201267865542744,1.2925326240438604,50.524936
1.2158641773802266,1.3104847630389518,50.524936
1.21536817338125,1.3269788423876558,50.524936
1.2584495958566217,1.3589109745288603,50.524936
1.2900563167122818,1.3953321750568826,50.524936
1.39841487059975,1.51458200826075,50.196852
1.4947220840293887,1.61751798916263,50.196852
1.8499360379713252,2.0215641422023465,50.196852
2.134025096007335,2.367299500895849,50.196852
2.9214209711005306,3.193725685788015,50.196852
3.3290941673501897,3.6996858889918083,50.196852
3.8128234401073997,4.238128190181441,50.196852
4.357724545399259,4.758266551944213,50.196852
4.9286439491879435,5.361382780600057,50.196852
6.110176965374964,6.695501265483636,50.196852
6.699674781898307,7.393870595499395,50.196852
7.297500248981725,7.982201962694073,50.196852
7.804894043063116,8.569609335258539,50.196852
8.447226243385872,9.529501632585303,50.196852
8.659492308500141,9.74542746299931,50.196852
8.760424241588373,10.022894675080199,50.524936
8.737547651174834,9.933650278956376,50.85302
8.61658544093342,9.788149683063558,50.85302
8.650047349426131,9.618331765032293,50.85302
8.375053745215393,9.459579101330101,50.85302
8.365285067089449,9.276039029646856,51.181104
8.213102506342304,9.261255572019813,50.85302
8.249126697084119,9.122948987914656,50.85302
8.328432376789122,9.020043210363125,50.85302
8.40666386247864,9.006508920034483,50.85302
8.592907912659612,8.985676321367858,50.85302
8.827565552285817,9.019217295722187,50.85302
8.933068757009774,9.021703916451273,50.85302
9.046410305612804,9.038586874007715,50.85302
9.119004932436646,9.052590592764997,50.85302
9.183504082536444,9.072038645544218,50.85302
9.27369821148171,9.066385616816671,50.85302
9.335870377956237,9.014967797118072,50.85302
9.322915854565707,9.01590924484639,50.85302
9.380890035111525,8.923138265954577,50.85302
9.352892170009804,8.938240211702544,50.85302
9.298135818510426,8.985322985653521,50.524936
9.297313412998578,8.986032312270945,50.85302
9.377548399921407,8.936449560010715,50.524936
9.514745568590703,8.888469678327334,50.524936
9.582572661858759,8.93134033180074,50.524936
9.6340089105353,8.97426828570914,50.524936
9.727586664330428,9.020569768835609,50.524936
9.949018411731005,8.991206845672782,50.524936
10.382376862867341,9.193070502520703,50.524936
10.805522890701072,9.273183882490372,50.524936
11.3326767535917,9.368072262746029,50.524936
12.324769057008531,9.903809326836088,50.524936
12.897788028802726,10.138383627251544,50.524936
14.064969871709565,10.445310451177734,50.524936
14.613571777827627,10.500837114518578,50.524936
14.951641278946136,10.563875339869343,50.524936
15.349729320297381,10.584349932593947,50.85302
15.475183778255294,10.552637414972335,50.85302
15.426361479062663,10.386294777652319,50.85302
15.366754831575129,10.180242662676061,50.85302
15.298941560382383,10.111439560646927,50.85302
15.033529356333691,9.887802851128832,50.524936
14.964441986506712,9.809931747474986,50.524936
14.942649266258394,9.787399655887262,50.524936
14.944543469876713,9.811972137911278,50.524936
14.953344627737417,9.792027777019745,50.524936
15.004563981283946,9.833464690414154,50.524936
15.06142675737842,9.86029898530916,50.524936
15.081946063433826,9.87214281946834,50.85302
15.130933219231679,9.896085186669124,50.85302
15.20969711713558,9.937310138683701,50.85302
15.697519324742784,10.18603891428276,50.85302
15.800509355589474,10.26780159804467,50.85302
15.984973469893923,10.315040623212859,50.85302
16.27603078518822,10.303583025588601,50.524936
17.07322985211089,10.665439527573009,50.524936
17.569267274626164,11.007178361655194,50.524936
18.21914400084986,11.201515241184449,50.524936
18.932907011142152,11.57661631077486,50.85302
11.2900000310912,6.990552288615686,51.181104
10.049316884183192,6.547603838134047,51.181104
8.999644586525635,6.383196181642272,51.181104
8.521931718844154,6.5010009829053415,51.181104
8.837501062843897,7.354418297490738,51.181104
10.641577604712069,9.9274781778096,50.85302
13.030912256669126,13.8407718982249,50.85302
11.620832816009273,15.044197740061241,50.85302
-65.58283069,39.50803631222692,50.524936
-56.12851914,34.88720282091559,50.85302
-56.0826386,34.96091001018413,50.85302
-56.18621488,34.79420697669216,50.85302
-54.55028143,34.416813647531725,50.85302
-52.42112466,34.50891124900584,50.85302
-48.84481611,33.55404916315862,50.85302
-46.66365184,33.56323012758569,50.85302
-29.17673652,32.42928339053664,50.85302
-26.4410024,32.5842472890181,50.85302
-22.82149641,30.97188435162989,50.85302
-19.59920951,31.006425336799396,50.85302
-17.13941264,30.412336799999103,50.85302
-13.23867984,28.223842999519025,50.85302
-10.54329171,29.337466786845052,50.85302
3.299084144010231,6.26703402984764,50.85302
2.602947135260855,3.9553310976539318,50.85302
0.07786760105964866,0.09802215339468552,50.524936
1.5659380196121282,1.715758151193564,50.524936
5.058220857411946,4.768425822119737,50.524936
7.080232001635193,5.87501092580963,50.524936
10.907370612919669,8.15711371552206,50.524936
13.01466634485104,8.928702617779063,50.524936
8.040909315511524,4.899115197740775,50.524936
6.961140792697871,4.4506986765687575,50.524936
6.023820383898582,4.484070851021275,50.524936
6.3851753109541045,5.100816749689101,50.524936
7.008655607895584,6.31419084321744,50.524936
7.825912103324068,7.923937334285913,50.524936
8.40660498019158,9.995666188086602,50.524936
10.169531180135499,13.958011164693172,50.524936
-9.916628327,36.47521140833295,50.85302
-12.81239722,35.952219107673116,50.524936
-14.1449314,35.227196038330376,50.196852
-14.19093659,34.66440901677716,50.196852
-14.69068153,34.243634826335196,50.196852
-14.53899689,34.18570101040157,50.196852
-15.18125491,33.98407833034404,50.524936
-15.63240091,34.018464863268676,50.524936
-16.09255358,34.24889464819421,50.524936
-16.22767484,34.320130549059385,50.524936
-16.37095485,34.545961957241474,50.524936
-16.60966774,34.60149287233509,50.524936
-16.89907645,34.812982015408515,50.524936
-16.93777301,34.96230920511487,50.524936
-16.8563546,35.09083091090957,50.524936
-16.94891114,35.312796483141554,50.524936
-17.3597756,35.2538554973361,50.524936
-17.42165998,35.32833206688129,50.524936
-17.84092944,35.37733691943452,50.524936
-17.87286482,35.53023253359189,50.524936
-17.70364422,35.54632566235843,50.524936
-17.5461458,35.42746830983171,50.524936
-17.04739316,35.246044804958366,50.524936
-16.14161303,34.29035692932917,50.524936
-13.93983446,33.14567310253073,50.524936
-12.57807478,32.44899311071022,50.524936
-10.37642836,30.27080112853719,50.524936
-7.980633327,29.38571155011868,50.524936
-4.33985948,26.237398052908524,50.85302
-2.793594062,26.446762923160627,50.85302
-1.708419699,24.571684845398835,50.85302
-0.672141193,24.663842554570767,50.524936
-0.026416358,24.36340508885361,50.85302
0.12153804039484974,24.38152200790399,50.524936
0.916771740800199,25.13765251407854,50.524936
1.4268736032128062,25.312046301065752,50.85302
0.9257780988919971,25.9742557393894,50.85302
1.443081468073651,25.927785960505396,50.85302
1.389595575181248,25.851755474499146,50.85302
1.3914104703733932,25.996091179319883,50.85302
1.4458726951380332,26.17670083887971,50.524936
1.4173455985512908,26.64967312115945,50.524936
1.5234525162015162,26.643818015465808,50.524936
0.9856063758177003,27.066215106229205,50.524936
1.1201627681822715,28.204373124563194,50.524936
1.3760651751163888,28.879374746489237,50.524936
1.388929385,29.564177649950256,50.524936
1.1244818939283778,25.73614224048244,50.524936
1.25575887422983,25.810349735630307,50.196852
1.09592204239779,25.914600515613078,50.196852
0.9699930136276467,25.948740966081854,50.524936
1.0714798241047816,25.940085746316093,50.196852
1.4764647607161705,25.92728654566819,50.524936
1.3768439165906279,25.90838947512207,50.85302
1.6102345521912207,25.896082233037237,50.85302
1.3409413327922262,25.91700721261014,51.181104
1.4957911086906757,25.930680976879973,51.181104
1.262853312086538,25.95801408716093,51.181104
0.9930140296685431,26.11922174661553,51.181104
0.9640701967395404,26.178449233622054,51.181104
0.7731884957182228,26.221838941332223,51.181104
0.8909351611851771,26.36772888767494,50.85302
1.0918513550274722,26.41333586441676,50.85302
0.773265701040319,26.42625551383532,50.85302
0.6946364534295069,26.42998176989932,50.85302
0.5603629045342605,26.43615572615923,50.85302
0.9897851940066085,26.431671979631002,50.85302
0.6770791539271893,26.46302679275296,50.85302
0.6598247666757814,26.46956688842729,50.85302
1.0001147154237056,26.47485099359834,50.85302
0.9915665129756752,26.462105629376286,50.85302
1.0524793556363177,26.42412764364027,50.85302
1.0024938268346406,26.313424294595404,50.524936
1.034036103061455,26.251034317752257,50.524936
0.46385121581128275,26.16301527086574,50.524936
0.45017399180642614,26.08994934266291,50.524936
0.8516212328278998,26.02327447977083,50.85302
0.8102811330706232,25.969580898057067,50.85302
0.9546599530294786,25.8936944877444,50.85302
1.015262284173733,25.828939502325706,50.524936
1.148409025324305,25.796990892179068,50.524936
1.180750158368256,25.75976503097056,50.524936
1.4404491108178787,25.733141960661488,50.524936
1.3997672904110452,25.714522779739404,50.524936
1.5313028041263164,25.69305684897287,50.524936
1.3069680373699024,25.68340191278936,50.524936
1.2444747926188864,25.677144468523306,50.524936
0.4165226421059379,25.697740921504387,50.524936
1.119811440113091,25.653655915836726,50.524936
0.8969964234146902,25.647837089966494,50.524936
1.3272162328861676,25.62257237108508,50.524936
1.3143584544011646,25.600337610828365,50.524936
1.3546705726359913,25.59123813149188,50.524936
1.3609662239550946,25.591265494999377,50.524936
1.2385507121337043,25.589664581140774,50.524936
1.4993455917592504,25.570023660733767,50.524936
1.4519201141578564,25.572497521381027,50.524936
0.9648115664813237,25.57784083135527,50.524936
1.3272871506387125,25.533439747873985,50.524936
1.2890654670928647,25.51046460646862,50.524936
1.3794538608084177,25.469397437557117,50.524936
1.472096307376028,25.287569156102535,50.524936
1.5055596909514912,25.206916043727364,50.524936
1.626601010004359,25.14508222636114,50.524936
1.5866803072789097,25.12948654538205,50.524936
1.5547129892559486,25.094044251035168,50.524936
1.5568815763828119,25.072970633779278,50.85302
1.5986145231358992,25.076360519017538,50.85302
1.5539690699772204,25.12699436687673,50.85302
1.3977829887823776,25.170307056396503,50.85302
1.4137310716489493,25.21837776612068,50.85302
1.445851991485812,25.309654856973154,50.85302
1.2230089124104826,25.359306306619175,50.85302
1.4942552340819766,25.370799365816925,50.85302
1.3842549588431203,25.39077306885083,50.85302
1.5211410641051104,25.385339427577687,50.85302
1.551478851201399,25.376699313931045,50.85302
1.5020137072454003,25.36675885463753,50.85302
1.551795320306989,25.35314522345462,50.85302
1.4877909616908664,25.35349799970828,50.85302
1.5591135513870678,25.340764275393163,50.85302
1.5375093330115048,25.337712716097343,50.85302
1.6925425890835029,25.336805627003436,50.85302
1.4775934385099643,25.351826730358216,50.85302
1.5524135375032468,25.33456876508342,50.85302
1.4800555950788372,25.29334881110519,50.85302
1.6004178571077832,25.28601829722131,50.85302
1.5895454607176256,25.26218067701143,50.85302
1.4567582605321547,25.213135495606775,50.85302
1.564268068985502,25.170863732260816,50.85302
1.3433770673470757,25.1295720404356,50.85302
1.5476408515858966,25.052735441932935,50.85302
1.3593884657753887,25.063655127057924,50.85302
1.5326619835523148,25.02072071426327,50.85302
1.3323063491720704,24.96940301686507,50.85302
1.6625378992135065,24.876035444173354,50.85302
1.4758418907345945,24.86076071940674,50.85302
1.6550944689393423,24.825138656770005,50.85302
1.3988266114511285,24.822133042504422,50.85302
1.6718094083985306,24.80774164625893,50.85302
1.5261739879006806,24.831951379344524,50.85302
1.395120005248633,24.857206227074688,50.85302
1.5729453830737639,24.90102660647702,50.85302
1.496590470626361,24.926636022465896,50.85302
1.3853434837261611,24.950974333959046,50.85302
1.5018801602908762,24.951396029998236,50.85302
1.49010446597843,24.95105030607044,50.85302
1.5201354620888643,24.94743087668284,50.85302
1.486151757575378,24.954342638808196,50.85302
1.5009065276867952,24.909416689330715,50.85302
1.6106060462957312,24.872514695000305,50.85302
1.667488102802253,24.761437886403776,50.85302
1.5054360254143029,24.703384905658986,50.85302
1.5532798411864226,24.577574392561896,50.85302
1.4709645700099654,24.535210910719876,50.85302
1.7601569396669166,24.47560411687578,50.85302
1.9687175234927137,24.496542934199393,50.85302
1.926232307904837,24.621651201970632,50.85302
2.3106814091304213,25.106754997984627,50.85302
2.4836337054258024,25.522882567299426,50.85302
2.573565037111553,26.826180164536808,50.85302
2.810652172604945,27.70016026171648,50.85302
3.70361542077562,28.621113106139106,50.85302
4.092453570912956,31.00109125134669,50.85302
4.651734653984036,32.32021101709339,50.85302
6.134766357099399,34.83799236423256,50.85302
6.497841388218826,35.99764407230779,50.85302
7.240731081849994,37.89649393752073,50.85302
7.214761988436787,37.90144652656969,50.85302
7.746080387837073,38.675489882579654,50.524936
4.231669001543416,32.26224431072372,50.85302
3.499982737955564,30.728649268821282,50.85302
3.6004735739262923,29.960715850169752,50.85302
2.8870833765825967,29.444592203548044,50.85302
2.621798750610212,28.62944875219076,51.181104
2.7900583874453186,28.314015345678303,50.85302
2.078839329834555,28.239105140510112,50.85302
2.2014704102878233,28.05411058121814,50.85302
2.2878671598795437,28.093511434483798,50.85302
1.9037380638037344,28.116332845687758,50.85302
1.7168798300319865,28.11074335078014,50.524936
1.846215719934133,28.009069342182258,50.524936
2.032235367985566,27.859047316059073,50.524936
2.073397964864612,27.471013244717383,50.524936
2.4494557305064695,27.011114779127134,50.524936
1.889059441724801,26.88048940688656,50.524936
1.9601320787984144,26.5379135011136,50.524936
1.7883141925402366,26.39273211806577,50.524936
1.7707040788285922,26.148876523604873,50.524936
1.8393394374004293,26.030569646882824,50.524936
2.105645232969349,25.847149765546327,50.524936
1.994571160469803,25.679381777163115,50.524936
1.9613570419600903,25.44696665511521,50.196852
1.754998904520908,24.91882076515286,50.196852
1.6072488488904315,24.66234932125681,50.196852
1.8321011721420752,24.39830476816116,50.196852
1.6935402861778188,24.21891261538289,50.524936
1.5663737696821818,24.091489093120973,50.524936
1.3706613962234087,23.897799301727712,50.85302
1.3891120289706234,23.950433132077258,50.85302
1.2755091048165097,23.94847235836193,50.85302
1.429041012288667,23.952192217612435,50.85302
1.5537482558223645,23.855360433782433,50.85302
1.558634710222749,23.761041653870958,50.524936
1.538078442498429,23.70428708587972,50.524936
1.6272010954576335,23.653381098950625,50.524936
1.5663391676011396,23.609188075834766,50.524936
1.6068995659212977,23.540824586281545,50.524936
1.4248374695850543,23.52523154359397,50.524936
1.428936424989908,23.470749064659593,50.85302
1.4690374814894964,23.44378311094063,50.85302
1.5853816429976835,23.418116930691426,50.85302
1.5919598864358802,23.38366837055005,50.85302
1.6642550649573469,23.381956240651277,50.85302
1.6823861272759972,23.38065866223013,50.85302
1.9283627361673392,23.36300719397018,50.85302
1.7384757738908858,23.368165767264475,50.85302
1.6586932523970341,23.384620916547213,50.85302
1.6637053486250888,23.374232999486946,50.85302
1.8042240983062612,23.37887756610847,50.85302
1.6561549269321356,23.394536427970085,50.85302
1.6239630088456516,23.409454716644174,50.85302
1.5732347722465008,23.42689361536667,50.85302
1.5915468375923592,23.440816201832877,50.85302
1.8688719348911405,23.437024082069957,50.85302
1.8728402333564644,23.444013981993773,50.85302
1.716711807535811,23.451259327129662,50.85302
1.8288376880082244,23.450449328736312,50.85302
1.5847619439761398,23.49069922865464,50.85302
1.5583476252775765,23.49486658340789,50.85302
1.5389617678182965,23.494631945698828,50.85302
1.4322672504595277,23.485370139286978,50.85302
1.522413111571919,23.450339357127774,50.85302
1.697919791548557,23.396048895297177,50.85302
1.4774727102166625,23.361430327105158,50.85302
1.7000476721367745,23.328492207619078,50.85302
1.6162802600244746,23.32316528895292,50.85302
1.7748537260535768,23.29738715235637,50.85302
1.5927436401878137,23.284993654727465,50.85302
1.664818701866601,23.264196090488138,50.85302
1.5748552265914975,23.279304854505856,50.85302
1.410272407862768,23.31141646559406,50.524936
1.5630355317318156,23.31591011260625,50.85302
1.9789804510060092,23.309088418730397,50.85302
1.9275235950905434,23.34892086976792,50.85302
1.56226346182728,23.404775292726608,50.85302
1.5922541814660498,23.426134760912582,50.85302
1.6587073949811624,23.44780277653387,50.85302
1.6609767715464012,23.454614933474318,50.85302
1.5329929999168102,23.45063645720375,50.85302
1.693820355057694,23.4122010522247,50.85302
1.5706741179149755,23.35021950734852,50.85302
1.7208999242525072,23.248830833854115,50.85302
1.8245986103800094,23.08943755185677,50.85302
2.4900340117850157,22.856399360796928,50.85302
2.1777820178119445,22.652380539402078,50.85302
1.8522837773270495,22.10451710325232,50.85302
2.804494669731934,21.67281157155136,50.85302
2.928846637716362,20.865358637504887,50.85302
3.3026916078857362,20.369289074724904,50.85302
3.711411515467926,19.388556049954637,50.85302
3.82153229036657,18.37961661190885,50.85302
4.303559265734984,17.750622253426304,50.85302
3.7548907964846654,16.789708891946034,50.85302
4.387298773011723,16.069939397640173,50.85302
4.362451523657827,14.906151232840186,50.85302
4.691945532871244,13.582102506073198,50.85302
5.001116109341314,12.83047489791587,50.85302
5.002601610004859,10.84276881620252,50.85302
4.9058493033154855,10.195507025978136,50.85302
4.607197273437002,8.915471507097488,50.85302
4.4578079416565055,8.226521515045375,50.85302
4.000899269452285,6.845384600076026,51.181104
3.38636442894591,5.5011773062073575,51.181104
3.0690382475994733,4.811286075357508,51.181104
2.864842713282837,4.029766626141515,51.181104
2.0142747825554475,2.7581006055559953,50.85302
1.634529957098522,2.093474224076799,50.85302
1.2064602360480725,1.4881387790853773,50.85302
0.7812753189116736,0.9295036178801223,50.85302
0.4632040256171933,0.5212408713105234,50.85302
0.5715704790967163,0.621513590518485,50.85302
0.9972434679848158,1.0714621996669438,50.85302
2.091285395825904,2.0972510130698527,50.85302
2.706498097999913,2.5863452881653908,50.85302
3.90794083770422,3.5905603812726987,50.85302
4.546127144541435,4.049737440822911,50.85302
5.808492609749886,4.990587065867402,50.85302
6.479286567559586,5.4017314163842505,50.85302
7.234637766841078,5.693077758510654,50.85302
8.521126856538444,6.462932742200514,50.85302
9.136129710734076,6.78443241846542,50.85302
9.726997312063604,6.997638144549416,50.85302
10.212050688034527,7.2521558859455055,50.85302
10.641942670317022,7.390294746081924,50.85302
11.234405394643257,7.649996200803274,50.85302
11.414225596918119,7.752492466292332,50.85302
11.453978192176923,7.616052425388521,50.524936
11.233454858696415,7.431539382249347,50.524936
10.425529566708631,6.923454723177897,50.524936
9.165525428016448,6.168525062574061,50.524936
5.597299112973909,4.017067365775072,50.524936
2.9766407161057953,2.3279776526904943,50.524936
2.6590705185297216,2.1632741318064297,50.524936
3.64697126821499,3.2643434095952335,50.85302
4.566984724693222,4.443371317375687,50.85302
5.532057215005384,5.880001918782465,50.85302
6.5145619322847725,7.5205331604230645,50.85302
8.366832970374297,11.254247823304935,50.85302
8.324670931083832,13.894914723840138,50.85302
7.964311122794917,16.67644859339055,51.181104
7.989370929962476,21.545651587522915,51.181104
6.930569511730931,26.33032068090167,51.181104
4.021145468251247,30.898762491289126,50.85302
-14.22575614,42.5666967356431,50.85302
-18.44535651,42.3739915105502,50.85302
-21.49471291,40.91165665600415,50.85302
-24.48827283,40.68648928900966,50.85302
-27.38290291,40.06529841753865,50.85302
-29.46358729,39.772947397506,50.85302
-31.94809916,39.626456357109475,50.85302
-33.33127562,39.05788705472024,50.85302
-34.11089602,38.91189963879525,50.85302
-35.471867,38.18031514568151,50.85302
-36.07113955,37.65238025638142,51.181104
-36.45254873,37.23367647546531,51.181104
-36.77292997,36.829721087603176,51.181104
-36.83205064,36.64836578090912,51.181104
-36.77113439,36.53700084207773,51.181104
-36.56352874,36.31071978475858,50.85302
-36.43265251,36.18037506335692,50.85302
-35.75039273,36.00472178697362,50.85302
-35.02033343,35.55101336320074,50.85302
-34.24279689,35.55860759769667,50.85302
-32.89262773,35.15704022527893,50.85302
-31.58674764,35.430032624502026,50.85302
-30.15875173,34.68530814977831,50.85302
-29.24321499,34.410634962866524,50.85302
-27.85642185,34.492407159691446,50.85302
-25.06874154,34.418297229706155,50.85302
-23.12656174,33.575727342016535,50.524936
-21.38387073,33.62635508006393,50.524936
-19.7670764,32.60181707063985,50.85302
-17.91088826,32.855024615655296,50.85302
-16.82172286,32.13136446483174,50.85302
-15.70302577,32.111876732556574,50.85302
-14.73512776,32.14485966527574,50.85302
-13.2346992,31.62663034248819,50.524936
-12.62382513,31.524359369436468,50.524936
-11.53376953,31.125665798699465,50.524936
-10.67645189,30.986037155298103,50.524936
-10.24754744,30.6604493690674,50.85302
-8.925876943,30.562321081068205,50.85302
-8.237527394,30.178041692574567,50.85302
-7.250930165,29.1157897575402,50.85302
-6.147671126,28.627561454303354,50.85302
-5.01732952,27.94209076031177,50.85302
-4.110626985,27.14916715894881,50.85302
-2.504413125,26.229430609512377,50.85302
-1.379212907,23.846698097956878,50.85302
-0.082373546,22.582330803549933,50.85302
1.16456169182882,21.10887876005575,50.85302
1.7568176795131782,18.210038782478023,50.85302
3.0774339247608364,16.617943703342323,50.524936
3.354525992950839,15.139743011739512,50.524936
4.135746133204491,13.580479020529438,50.524936
4.212482670383018,12.26736141000661,50.524936
4.362832312645328,10.015516664685123,50.524936
4.14600872453063,8.809238914091024,50.524936
4.343549905972855,8.510366536980358,50.524936
4.731976847198399,8.530913874650496,50.524936
5.404685522663907,9.461539006892949,50.524936
6.348068270846623,10.849982311726736,50.524936
6.733223530962998,11.75046071152552,50.524936
7.689989879821877,13.549910051701318,50.524936
7.6389104594536406,14.807606080005538,50.524936
8.127413975143082,17.036010450135365,50.85302
8.270243902155768,18.099219689529345,50.85302
7.955987054524781,19.330014171607377,50.85302
7.369690389941222,20.47531221657106,50.85302
7.021231754656989,21.49665406468528,50.85302
5.302128128539039,23.393540244924957,50.85302
5.072589711426805,23.412057009087658,50.85302
4.748421750688167,23.215759230283258,50.85302
4.7642554668250945,22.688719140336985,50.85302
4.568782963331802,22.507108259087993,50.85302
4.659990468201524,21.981492460842198,50.85302
4.541655896394921,21.7925753756608,50.85302
4.546206974977807,21.63032832392656,50.85302
4.292293919957347,21.492377108585714,50.85302
4.464105734297335,21.442201725353723,50.85302
4.449127943287419,21.44447685597476,50.85302
4.508901933646319,21.454249659136693,50.85302
4.769245029771769,21.481369472859026,50.85302
4.767063822211207,21.648881328050898,50.85302
4.62601216631645,21.89599246993137,50.85302
4.688376606863616,22.383490416232977,50.85302
4.560412463639376,22.717083083104008,50.85302
4.431536339416982,23.629878260057662,50.85302
4.209045924362007,24.242271677160314,50.85302
4.249935103946053,25.487703088207056,50.85302
3.4270269713507417,26.99237325624758,50.85302
2.9842235726544413,28.460508820807913,51.181104
-2.068546831,31.759282775838134,51.181104
-3.075870577,31.87104639902875,51.181104
-4.253366569,32.179504316753324,51.181104
-5.385469976,32.264886067908925,51.181104
-5.371872446,32.76066338541637,51.181104
-6.185444244,32.907317405903996,51.181104
-6.746682915,33.13709460933753,51.181104
-7.328071479,33.76210192704913,51.181104
-8.102187873,33.96059553159686,51.181104
-9.039123927,34.40897639912701,50.85302
-9.608539889,34.56941991619908,50.85302
-9.999400324,35.0397940579363,51.181104
-10.46441281,35.17116016561747,51.181104
-11.57023789,35.42718930967791,51.181104
-12.04167438,35.658487251429506,51.181104
-13.00360826,35.80008932394824,51.181104
-14.12071684,36.634969927855906,51.181104
-14.93794957,37.08092219309901,51.181104
-16.72021679,38.15038835225525,51.181104
-18.83271702,38.163992925007946,51.181104
-22.50880946,39.80308122911902,51.181104
-24.2600117,39.524471985878876,51.181104
-26.05467785,39.668665402340665,50.85302
-27.01563071,39.523917509634,50.85302
-28.92785239,39.06985473425172,50.85302
-30.0907024,38.62784909892024,50.85302
-31.03150688,38.61683490334885,50.85302
-32.51643772,37.67937955287826,50.85302
-33.55653477,37.61216235937507,50.85302
-34.74641976,37.41677603454879,50.524936
-35.01761525,37.23338389952481,50.524936
-35.06118086,37.179737066880044,50.524936
-35.05189998,37.12489155879325,50.524936
-35.33031687,36.50564633222281,50.524936
-34.93004974,36.59412084795247,50.524936
-34.94964198,36.21835133275328,50.524936
-34.42829493,36.26231021592246,50.524936
-33.68172309,35.824837867345984,50.524936
-33.5052863,35.98990508868836,50.524936
-32.26554352,36.43891397528817,50.196852
-31.64684125,36.188412442771764,50.196852
-30.42425981,35.435798796463,50.524936
-29.20095549,35.48225277330695,50.524936
-23.60119928,34.32281803110787,50.524936
10.875021510881798,6.766011833011393,50.85302
9.45106853092068,6.220192696670745,50.85302
6.830069122114532,4.640296169748056,50.85302
4.385496763731013,3.2369411501647054,50.85302
3.1965211392602972,2.5291176723533346,50.85302
3.4449488249067937,3.064843011067692,50.85302
5.082342817467639,4.932113695891496,50.85302
5.693969895651932,6.067714774067107,51.181104
5.279209396850834,6.431827414990592,51.181104
6.229651631064141,8.296673770276287,51.181104
6.7441088827655795,9.574107872564138,50.85302
6.71212528798348,10.087901907212217,50.85302
6.476523089128041,10.280327358838527,50.85302
6.21207931921314,10.185867107367056,50.524936
6.043390548952854,10.156231910114373,50.524936
5.747817456396675,9.881381741287218,50.85302
5.511101107780824,9.700304584891207,50.85302
5.5133901722370755,9.680016604189644,50.85302
5.552375623246459,9.838339647560602,50.85302
5.474318914463716,10.109195380383845,50.85302
5.483478920424714,10.25448619126896,50.85302
5.570912561787783,10.505993438359624,50.85302
5.677482919505739,10.955242814016145,50.85302
5.640831354735056,10.97415960530781,50.85302
5.511458078346836,11.23594397342139,50.85302
5.534837435546023,11.522767172452856,50.85302
5.742062465860961,11.609647598592463,50.85302
5.681906225535153,12.118665684584558,50.85302
5.786869235000128,12.358972643442883,50.85302
5.871453025739301,12.567044994308787,50.85302
5.9803696952604275,13.113138528602038,50.85302
6.002640780842129,13.436513847645559,50.85302
6.216812051864432,14.02346614017394,50.85302
6.166177905468612,14.394253989072737,50.85302
6.18271134781925,15.133846308041784,51.181104
6.173889634250835,15.529681965955186,51.181104
6.39634804450487,16.24995936479871,51.181104
6.2606798034826205,16.725301087613808,50.85302
5.972624394677367,16.83031686906624,50.85302
5.788781363025747,17.76551076524672,50.85302
5.676548222340499,18.733961222783442,50.85302
5.317284082847038,19.306312709666262,50.524936
5.185979370020904,20.288434490868667,50.196852
4.774096791725905,21.3509796418191,49.868767999999996
4.056755706748924,22.00376723279887,49.868767999999996
3.427471575096496,23.660285481392606,49.868767999999996
3.052754899384211,24.25893774505772,49.868767999999996
2.430429198332637,25.41492704310066,49.540684000000006
1.5754143305400203,26.018819378181643,49.540684000000006
0.9747267530543369,27.086963480085384,49.2126
-0.112949357,27.585169911551635,48.884516
-1.127609179,27.962609013212376,48.556432
-1.629743833,28.315770110440635,48.228348
-2.322480932,28.553768983591805,47.900264
-2.864845456,28.965033890321877,47.244096
-3.383124054,29.086094399256346,47.244096
-3.846799165,29.12951226893192,46.259844
-4.184208653,29.113888255766447,46.587928000000005
-4.329888703,29.043851754156737,46.259844
-4.667187336,28.71607767313992,46.259844
-4.958228223,28.475990763761654,46.587928000000005
-4.553777787,28.456811679876292,46.916012
-4.599686773,28.369694859997505,47.244096
-4.224959439,28.305152935273874,48.556432
-4.169282729,28.27069393962041,49.868767999999996
-3.941605224,28.315127997040747,53.14960799999999
-3.873684365,28.36867307752623,55.118111999999996
-3.617416994,28.434536081116615,58.727036
-3.725413635,28.407054846051526,60.367456000000004
-3.269936776,28.45535342207959,61.679792000000006
-2.803288138,28.44827324164256,63.648295999999995
-3.178459926,28.355089682692295,64.632548
-2.733747749,28.325078047699066,64.96063199999999
-2.85946243,28.129347481350045,65.6168
-2.758182088,28.228695505216702,65.28871600000001
-2.307773068,28.098894971722107,65.6168
-2.430486659,27.994296908384097,65.6168
-2.444856075,27.746861001901035,63.976380000000006
-2.487030865,27.575048771135855,63.648295999999995
-2.05801521,27.035168044537766,63.320212
-1.816879848,26.555011621563743,62.992128
-0.936524747,25.965367586236994,62.992128
-0.385145999,24.107127745971145,62.992128
0.8296682343106834,21.46290789575022,63.320212
1.0922649897254424,18.22494323577793,63.976380000000006
1.7469990385730576,14.450291764959475,64.304464
2.772569591780853,12.317772443800484,64.304464
3.188932213628339,10.327186851950817,64.304464
2.549977955187401,7.381229237802107,64.632548
2.631829000491445,6.234663222335832,64.632548
2.275756613439636,4.910596613095256,64.632548
2.230199442072679,4.551550221027011,64.304464
2.6121581312414657,4.638516664733494,64.304464
3.1886804284708834,5.567238324847909,64.304464
3.576056931255704,6.364480369598977,64.304464
4.483573927460982,7.952763210457842,64.304464
4.779440612214529,8.91593748477469,64.632548
5.330127161290226,11.166894133007162,64.632548
5.641623147617116,12.193743047855518,64.632548
5.893629975656798,13.158930378327744,64.304464
6.328155586648718,14.922732042484125,61.679792000000006
6.218529069642286,15.498145681657826,57.74278399999999
6.065347862039568,15.584330450451118,59.711288
5.522654571846298,15.071118449721016,55.774280000000005
5.364047005596351,14.523504392442463,55.118111999999996
5.327074969843173,14.266177617434682,55.118111999999996
5.330668435257072,14.106977512794437,54.790028
4.946228042875263,14.005562055671517,54.13386
4.932402353000851,13.940296780186927,53.805776
5.137894131707066,13.796017784764263,53.477692000000005
5.278336657406801,13.717238276695777,53.14960799999999
5.276569555275952,13.620925042414566,51.509188
5.011259029621054,13.725363620422872,50.85302
5.367603298381695,13.574901918733334,48.884516
5.380794071993957,13.53910982558445,47.900264
5.410721618709285,13.510780415856885,46.916012
5.640126677941076,13.34385923064545,45.93176
5.891232236834787,13.154899549792177,44.947508
5.868463717673513,13.066661166412219,44.291340000000005
5.83191167151745,13.027679097405036,43.635172
5.970677478458011,12.985362530162694,42.979003999999996
6.029548247827024,13.121800946771794,42.65092
6.421049987840157,13.729944812596512,41.994752000000005
6.407625494247802,14.343045307453599,41.338584000000004
6.557255037305682,15.978428427044943,40.354332
6.589857698349946,17.052826480496936,40.026247999999995
6.423446936355567,19.506926391414535,39.041996000000005
6.048072434308514,22.332158148032597,38.385828000000004
5.107558097782697,25.286839221517564,38.385828000000004
3.140265465276601,26.74405699351442,38.385828000000004
1.6197373516330238,27.691909860284746,38.385828000000004
-1.488961776,28.487953408033174,38.385828000000004
-2.913532946,27.728620449345566,38.057744
-3.071257092,26.159434508729746,37.729659999999996
-1.62035815,25.210580305142024,37.729659999999996
-0.52900676,24.243704963616977,37.729659999999996
0.5527156363722142,22.0197710077846,37.729659999999996
1.3425717590447441,21.022297854493168,37.729659999999996
1.7903733609565922,20.234761214827067,37.729659999999996
2.5028480056105176,19.197310683653292,37.729659999999996
2.73673936047446,18.978298338519437,37.729659999999996
2.9482647432805273,18.985271176864256,37.729659999999996
2.9407707953610713,19.21302263581197,37.729659999999996
3.589935070196677,19.207921516424754,38.057744
4.019797836097109,19.64109749969144,38.057744
4.0224212509930855,19.75052721505419,38.057744
3.963999073574401,19.931859157614472,38.057744
4.37670428330283,19.921881079535453,38.057744
4.8222233291601455,19.965233902121966,37.729659999999996
4.618996949715928,20.17444458796358,37.729659999999996
4.479907077075904,20.511955628206156,37.729659999999996
4.267694384234233,21.558416175731356,37.729659999999996
3.529605181626625,23.1307434931354,38.057744
3.2587372122861535,23.9520408240823,38.057744
2.9831391680968204,25.36398741945713,38.057744
1.5671786655747688,26.437909783714083,38.057744
-0.013486421,26.484314996202844,38.057744
-0.418439166,26.76556224745033,38.057744
-0.760979336,26.108368460682474,38.057744
-0.202473745,25.63558575829525,38.057744
0.3345633482935265,24.120908990790433,38.057744
1.5855435113112215,23.169171679762083,38.057744
2.2561011815842775,22.368467930119426,38.057744
2.8652316765301014,21.580075659247758,38.057744
3.1513146853473,20.93926092630322,38.057744
2.9003360341415463,21.875862749875807,38.057744
2.899819864826026,22.384904529344468,38.057744
2.7858667950162816,23.100866688149416,38.057744
1.9637492140088955,24.348662858194114,38.057744
1.7269925858267323,24.816557178444693,38.057744
0.8821352366185975,24.86093021201804,38.057744
0.9844199760228309,25.67792256945983,38.057744
0.9536673995482049,25.731382832345357,38.057744
0.5869563907867044,25.87260881228231,38.057744
0.35095900144876546,25.766311541323077,38.057744
0.40253440484769093,25.880105456225003,38.057744
0.10743328781495774,25.52536528390706,38.057744
0.26087792359605516,25.42504041421541,38.057744
0.5497136895158509,24.96675162202624,38.057744
0.6849089590396248,24.6313922930057,38.057744
1.1274119845698012,24.45197643797832,38.057744
0.588693957650244,24.301631268387908,38.057744
0.6744549342729397,24.019043786007632,38.385828000000004
0.8669105470192722,23.895304004817383,38.385828000000004
0.9159480804517731,23.81441370857217,38.385828000000004
1.2265886286935135,23.73069080360351,38.385828000000004
1.3226273062811154,23.67811569981254,38.385828000000004
0.8578401012321075,23.640773907781035,38.385828000000004
1.235226358640229,23.524154593978672,38.385828000000004
1.6689438044124354,23.412507404506723,38.385828000000004
1.4591656041389474,23.38578876143302,38.385828000000004
1.3601013695525284,23.348444690661534,38.385828000000004
1.3072057460965403,23.24204204838205,38.385828000000004
1.5987963423572182,23.148397498227727,38.385828000000004
1.9305981809500885,23.082989137436492,38.385828000000004
1.7065144340342064,23.055566243872093,38.385828000000004
1.8099947070404292,22.981195710362222,38.385828000000004
1.9800047054722407,22.941124818405047,38.385828000000004
2.535876740445909,22.84997219977148,38.385828000000004
2.021572138005219,22.873735312655516,38.385828000000004
2.5046559975256892,22.793477733975408,38.385828000000004
2.592972220558226,22.766792529054623,38.385828000000004
2.5883598354926725,22.754670764401588,38.385828000000004
2.629348817793951,22.757401849110487,38.385828000000004
2.6298446330133647,22.76305818112138,38.385828000000004
2.5603909337037374,22.773021857353474,38.385828000000004
2.2734015950456294,22.813449836196334,38.385828000000004
2.122898899510714,22.84541008564533,38.385828000000004
2.039628768565517,22.847889378700202,38.385828000000004
2.2409177492026635,22.802158366830596,38.385828000000004
2.284314779828403,22.78278318559582,38.385828000000004
1.9088214665184358,22.7914668389245,38.385828000000004
2.010584217045762,22.769936032557546,38.385828000000004
2.433024543001436,22.686575387558506,38.057744
2.4071089922045554,22.67046792303791,38.057744
2.2488801045357003,22.652422166315663,38.057744
2.542176790044339,22.603358087592284,38.057744
2.093167020572265,22.65211889008893,38.057744
2.239568082037479,22.662213177103773,38.057744
2.5549233955338004,22.612915596184603,38.057744
2.334960516861329,22.85053364562064,38.057744
2.0320051339218144,22.75630816356556,38.057744
2.4595224681280374,22.781331564070694,38.057744
2.580045786097654,22.94783906096005,38.057744
2.0643892710721468,23.531603185896888,38.057744
1.3943402988831592,24.08661201909323,38.057744
1.4618977621833273,24.764599099942995,38.057744
0.03502601540226118,26.1946624626109,38.057744
-0.189451983,27.39983803946915,38.057744
-1.052045222,27.857209319889694,38.057744
-1.715651305,28.149702815318253,38.057744
-2.677475366,28.29034668505923,38.385828000000004
-3.567482504,28.169356166992365,38.385828000000004
-3.555399955,27.8961611398733,38.385828000000004
-3.501151701,27.576203606586642,38.385828000000004
-2.537170126,26.62950580169204,38.385828000000004
-1.76512362,26.090491484126485,38.385828000000004
-1.380122156,25.6210256669868,38.385828000000004
-0.458337221,24.721703838371425,38.385828000000004
-0.917825857,24.359060657339402,38.385828000000004
-0.244058089,24.111396850846848,38.385828000000004
-0.044221346,23.77207248926295,38.713912
0.2559225125820557,23.83176315015092,39.698164
0.690780309969733,23.9705612400481,41.338584000000004
0.6547092277843812,24.018080372489766,42.322835999999995
1.0954660379189345,24.07932733878749,43.307088
1.3992245624126323,24.13920629192822,45.93176
1.2584253665297198,24.15881572524403,46.916012
1.3781871899170555,24.14274971455504,48.228348
1.260512984358072,24.155520141932865,48.884516
1.3292993155966628,24.154066774511225,49.868767999999996
1.3642877441608563,24.1602323889141,50.524936
1.4447030042863458,24.18240949854412,51.181104
1.3563615748919553,24.256465133884767,52.49344
1.5091199700303644,24.297011180604322,52.821524
1.3361993527155325,24.40850015760666,54.461943999999995
1.3655194272055269,24.44446883544512,55.118111999999996
1.2928544314548773,24.46829653259936,55.774280000000005
1.2327210448411854,24.484375501402678,58.070868000000004
1.2518370693221652,24.471743378976967,58.727036
1.4346884139706806,24.46012703783406,59.383204000000006
1.2897334484102883,24.42203849204811,60.69554
1.343683251975443,24.400071939158696,61.679792000000006
1.3661466603383403,24.401223304629653,62.33596
1.302405776268895,24.399517344505483,62.992128
1.2478304378724936,24.390115756269598,64.304464
1.2774931429121021,24.37412458520174,65.944884
1.2818648923581453,24.364137498936895,66.601052
1.3820630556176816,24.352514106021594,67.25721999999999
1.390200161815385,24.342849619421752,68.89764
1.3701077541876474,24.331961879391915,69.55380799999999
1.3686256427440848,24.31012746917672,71.522312
1.2674966342522394,24.32487445095317,70.53806
1.3519889592489711,24.307772470222893,75.45931999999999
1.2781619408177691,24.30976217548664,72.506564
1.133203065939354,24.338036424618466,79.06824399999999
1.06636707254497,24.348149821592735,84.317588
1.0674634788143937,24.350072178727228,80.708664
1.1663485973357932,24.3242189221486,77.09974
1.19696960967513,24.319774998512734,85.95800799999999
1.2070969166496412,24.298086945318857,87.598428
1.1668772684255582,24.249402672116915,90.55118399999999
1.0982266240737466,24.247091282607816,96.456696
1.1441336103645552,24.233834027913804,95.14435999999999
1.2759558160254458,24.30784114882734,99.409452
1.4147413544085858,24.35740746112883,101.049872
1.428541053440074,24.407213593514957,102.690292
1.4488995681020886,24.46974070299165,104.330712
1.318585165266035,24.60044917326293,107.611552
1.2494857084273443,24.60405559717317,107.611552
1.2104417009615136,24.659451019353487,109.251972
1.2512266646767503,24.759941447366234,112.532812
1.2296250286878463,24.787861079442376,114.17323200000001
1.2850807255443586,24.799174504426702,117.12598799999999
1.2399193164311213,24.796250471594256,122.047248
1.2356805453157609,24.778427878245346,125.328088
1.2793269657638118,24.757651272550987,126.96850800000001
1.2445016144263936,24.749012885643555,128.608928
1.255090556009221,24.722854669712806,131.889768
1.2546951482278563,24.708321903959053,133.53018799999998
1.2620919133057642,24.67555387365837,136.811028
1.2722202229498336,24.65482975928341,138.12336399999998
1.2347941882037883,24.623817247625055,139.76378400000002
1.2448822531786141,24.595616452743105,141.404204
1.225179206667639,24.543981428698544,144.685044
1.2248944387229368,24.52806374603094,146.653548
1.1798630976918614,24.526329554954383,149.93438799999998
1.2366101994073755,24.543046803385494,154.855648
1.2144272470424418,24.544909962583766,156.49606799999998
1.234610237074859,24.542161985932935,158.13648799999999
1.202607244528667,24.524075175120895,161.417328
1.2504920627615885,24.51018227372676,163.057748
1.2146620747559227,24.506761106889925,164.69816799999998
1.2327070529164486,24.497581881910378,167.97900800000002
1.2671640984920944,24.484522535871577,169.619428
1.205574240107148,24.455014125990477,172.90026799999998
1.1953441606290067,24.41908827802011,176.181108
1.214709625027352,24.403679065932664,177.821528
1.1990439521884098,24.375646076273657,179.461948
1.15856632516448,24.316510822587833,182.742788
1.2079719443772072,24.25481419140634,186.35171200000002
1.2058535966137072,24.224074412254794,187.992132
1.2048571770594532,24.126824899775556,194.55381200000002
1.1515150524017594,24.172030449391457,191.272972
1.152478063211781,24.11683653608048,196.522316
1.152413034223918,24.176815971177795,203.08399599999998
0.976588675325575,24.51237868823414,206.364836
1.230215951142778,24.785926526858397,208.005256
0.7622474665973648,25.556549362897712,211.61417999999998
1.7803962043166799,25.882868203314267,213.2546
1.0073242876984603,26.469094696156542,216.53544
0.9360444239029572,26.645572434366585,218.503944
0.7977077879711507,26.708235103212942,220.14436400000002
0.7064386226073229,26.62288047834768,225.065624
0.6940967505876854,26.486248895931425,226.706044
0.7480752984416388,26.351523790688983,229.98688399999998
0.7300174485124162,26.395025702139765,231.29922000000002
0.7667023523819317,26.506335900361044,232.93964
0.7727991702173369,27.08034771513115,236.22047999999998
0.8209291370739077,27.54321584584094,237.8609
0.7077624524738445,28.235685631431927,239.50132000000002
0.9309060346949041,28.951672577103505,241.14174
0.9415922017200062,29.79112840475104,242.78216
1.0838937143585385,31.251814210839218,246.71916800000002
0.909756929569934,32.208021105244626,250.000008
1.7097287372954295,32.460123206798876,251.64042799999999
1.010800728457375,32.5952900285935,255.24935200000002
0.9584678855846532,32.29293252520482,258.530192
1.0348841755125273,32.00614191730474,260.170612
0.8892759984982547,31.47907646332552,263.451452
0.8395007516112943,31.26602921737047,265.091872
0.9953631947538721,31.033222185581227,266.732292
0.968701094622904,30.743174898022165,269.356964
1.0496642219128298,30.632021890421097,270.013132
1.033841431691481,30.57517820338406,270.6693
1.0512476317567587,30.508600742923445,270.997384
0.9566169346102401,30.48703050941579,270.6693
1.0240319650418825,30.52587415715153,270.6693
1.1091660659048264,30.590299356365225,270.34121600000003
1.1057767491056496,30.61675157106145,270.34121600000003
1.084443265865145,30.739572440500805,270.6693
1.0246723859332878,30.883006778542573,271.653552
1.1163485285627512,30.8591460057047,272.30972
0.9678829705613746,30.825656089897777,272.637804
1.0486964281452686,30.743635883409517,272.965888
1.0993204847014044,30.593510930686787,272.965888
1.0766594266801506,30.49497693383705,272.965888
1.0389939292252524,30.41286882602841,272.965888
1.0210500116587649,30.31801579341997,272.965888
0.9227696755508157,30.16426908500086,272.637804
1.0592296895790794,30.0987570829867,272.637804
1.0526338154884507,30.026601617112597,272.30972
0.8649727781774851,30.011554466494587,272.30972
1.0901082206349348,29.96449603072763,272.30972
1.0326665747591464,29.948278326317105,272.30972
1.1079253929288662,29.929862616952303,272.30972
1.069716151418873,29.91093122714922,272.30972
1.1018279631861398,29.891019224987044,272.30972
1.1218877889952383,29.89027304923639,272.30972
1.14129894544087,29.88612361103594,272.30972
1.081522608659222,29.896455484251142,272.30972
1.052221377454804,29.893725790798722,272.30972
1.0815801975219985,29.903774455966513,272.30972
1.0653781392114323,29.920048422145193,272.30972
1.0751775174720015,29.915856825980356,272.30972
1.098084357005926,29.927270539571655,272.30972
1.022767462726646,29.95308257703254,271.981636
1.0100600624989269,29.963952778822488,271.981636
1.0930402708337121,29.962353746128,271.981636
1.1692998305699402,29.948344066317862,271.981636
1.1415841070441715,29.93976067523175,271.981636
2.2416067588957707,29.8710304589798,271.981636
1.0615048723638583,29.93358033629823,271.981636
1.0118857109606603,29.95039924188827,271.981636
1.1127584444107101,29.959493910816654,271.981636
2.243184042204247,29.916907151963365,271.981636
1.0147638071672824,30.03558685696296,271.653552
1.0682174381498506,30.06413305395687,271.653552
1.0033648779286874,30.130707498571983,271.653552
0.9356838578098706,30.17299637974301,271.653552
0.915921804221427,30.1934281274345,271.653552
0.991806734494216,30.198285262331076,271.653552
0.9886019247035305,30.205841836841916,271.325468
2.2431926299514613,30.129998807618264,271.325468
1.0140051779388728,30.189571083059025,271.325468
1.0363291256635299,30.178800548314918,271.325468
1.0749827988415954,30.148722835199298,271.325468
0.9947346157419731,30.134867151372998,271.325468
1.0436066083423232,30.11729262493821,271.325468
0.9626236622329876,30.10351156529735,271.325468
0.9695186504471339,30.078014713595653,271.325468
1.0378926299847595,30.08774800721171,271.325468
1.0653195121709091,30.067584431210136,271.325468
1.0175576077760105,30.072029011334536,271.325468
1.0149240774342774,30.07733750712005,271.325468
1.068402282614523,30.081066296221024,271.325468
0.9810344366147917,30.086077555712457,271.325468
1.0917671820780555,30.087449950604487,271.325468
0.9729418966266721,30.09366044804844,271.325468
1.0584622007373512,30.09175874151831,271.325468
1.017802744534429,30.10392871613183,271.325468
1.0481797813683866,30.11979289927142,271.325468
1.1071895632104476,30.12707099460352,271.325468
1.0670610010821933,30.12851898555142,271.325468
1.0754848130999546,30.14230322100072,271.325468
1.0713098910895262,30.136477002828265,271.325468
1.1065932080702443,30.12220115807491,271.325468
1.0451137947714706,30.076599080106632,271.325468
1.0115828334191572,30.05545600978582,271.325468
0.9728845291805304,30.040386394951256,271.325468
1.0561661439069818,30.017613837435615,271.325468
1.0407852072142152,30.005873342340198,271.325468
1.0463996997020586,29.99697856518997,271.325468
1.0694012335713048,30.000927603212315,271.325468
1.0192380482850316,30.00802455612824,271.325468
1.1111844525972259,30.034767922581185,271.325468
1.087189321308633,30.05885678180366,271.325468
1.0257235717533024,30.10379118879201,271.325468
1.0959921664824899,30.109029898572,271.325468
1.055115669215688,30.127166945987767,271.325468
0.9923857040529289,30.142790055497553,271.325468
1.0807697058263535,30.15866025088618,271.325468
0.9734176994002182,30.19573236528369,271.325468
1.091859577343018,30.20533880672086,271.325468
1.0926579488681687,30.21873734964672,271.325468
1.0537220281255721,30.233907990723516,271.325468
1.0723934435168372,30.279080755655087,271.325468
0.9748498980867356,30.30529027998359,271.325468
0.9409272185864105,30.352250694977712,271.325468
1.0945624785957713,30.36449844619119,271.325468
1.0481413314058896,30.390954190235302,271.325468
1.0572968842362493,30.42720769251075,271.325468
1.0122991437046684,30.449681312822765,271.325468
1.0109281176817255,30.465582047964595,271.325468
2.2776945461748115,30.410886623323854,270.997384
1.1704353829093097,30.483182217238994,270.997384
2.32437773386173,30.413836242032488,270.997384
0.9716741052493224,30.469058561279724,270.997384
1.104274072079843,30.42921595906926,270.997384
2.35759067275635,30.330130789135673,270.997384
1.0115239074937368,30.385202928368933,270.997384
1.1581448892801407,30.371332830054403,270.997384
2.3148730189893105,30.3073282383165,270.997384
2.02204392067816,30.330672951852033,270.997384
2.184753627773574,30.31843320613609,270.997384
2.1679134459429683,30.331154257620838,270.997384
2.317543516257836,30.369839143177998,270.997384
0.8977932063003253,30.476314048336835,270.997384
0.9255348484220408,30.4963927565828,270.997384
1.096047740291465,30.56135699323684,270.6693
1.0159229841106523,30.600136078475106,270.6693
1.0109747911725278,30.62363944529813,270.6693
1.1478203680772314,30.70588446347537,270.6693
1.0017771174169021,30.7254721849053,270.6693
1.002757214573211,30.71963004168977,270.6693
1.019614292951322,30.701709946022486,270.6693
1.1454701084466368,30.69136232877013,270.6693
1.046316622039207,30.686334623179597,270.6693
1.0547880507849006,30.663754534675903,270.997384
0.9888069448271954,30.65334814070842,270.997384
1.1304710670183362,30.622021903636973,270.997384
1.1202336164184685,30.614748650689748,270.997384
1.1506245614968484,30.610699489281973,270.997384
1.0755829307854599,30.629776789225367,270.997384
1.0252760832651566,30.661111709666535,270.997384
0.9473797033693807,30.725195301937816,270.997384
0.9760151300917447,30.782399109123705,270.997384
1.0967306248463424,30.80354745493004,270.997384
0.9708774997742345,30.86994084397007,270.997384
1.1096200661852094,30.86526517201008,270.997384
1.006557064750766,30.868798060585053,270.997384
1.013009984199449,30.882964783468886,270.997384
0.9741390531032117,30.875024403670746,270.997384
1.5856990639362951,30.829195225530697,270.997384
1.0381181654111833,30.834334923900872,270.997384
1.0062728203083846,30.814250752267544,270.997384
0.9804043192258399,30.79968971703724,270.997384
1.077946135270393,30.77601084810006,270.997384
0.989050831974968,30.78986110659833,270.997384
1.0075251654647273,30.790542319308997,270.997384
1.0532564563216307,30.796004182264948,270.997384
1.032663856838282,30.789545327823873,270.997384
1.0440278584737108,30.791263032859852,270.997384
1.018196267925599,30.787466710732105,270.997384
1.0735641240617761,30.781810489640133,270.997384
1.0526486430512563,30.778232423160944,270.997384
1.0450629543038266,30.77776872002762,270.997384
1.0219396978617068,30.77815126009516,270.997384
1.0329223343004026,30.778178559058237,270.997384
1.0144022648971789,30.7823725798882,270.997384
1.1178605039844114,30.774225772069958,270.997384
1.0858686996440632,30.740736787490835,270.997384
1.1677003318978858,30.680445114865837,270.997384
1.0406233547650514,30.65327418360266,270.997384
0.9831562949787115,30.606359946157433,270.997384
1.0706643134828346,30.583234197558077,270.997384
0.9951987984068597,30.552924287854392,270.997384
1.0386086755554975,30.56585780480426,270.997384
1.0593429124889564,30.55920434144209,270.997384
1.0650187901862596,30.576274749181717,270.997384
1.1538365039716048,30.58621745495067,270.997384
1.111942802118574,30.62883950985797,270.997384
1.0574451734114874,30.65148385994527,270.997384
1.0976715077132702,30.662905963810815,270.997384
1.0995913055673983,30.651281202583412,270.6693
1.0582362229068232,30.652868159816652,270.6693
1.059575965301859,30.663983398189913,270.6693
1.0185324340064905,30.67233334821685,270.6693
1.133592083446679,30.683529982614484,270.6693
0.9968913600114696,30.719230094760448,270.6693
1.108153019231403,30.738562696096086,270.6693
0.9567434973579096,30.783332353155068,270.6693
1.0503195055433157,30.800601851917428,270.6693
1.0347963558575102,30.849940855663416,270.6693
1.0240118093569253,30.86632002639553,270.6693
1.1478443300528152,30.88684903727541,270.6693
1.0534951372833297,30.903145061502535,270.6693
1.0544574820785138,30.903112239951447,270.6693
1.0332001870404677,30.92050622613431,270.6693
1.076529312882715,30.92211385986857,270.6693
1.0306861757936387,30.941500678269872,270.6693
1.0686067286128096,30.96568873832813,270.997384
1.043592354934432,31.01607778470255,270.997384
1.0902932323162056,31.03338055479144,270.997384
1.0844616821750557,31.057254173095448,270.997384
1.8804075286455364,31.01867979570578,270.6693
1.8133381601656835,31.036738850452853,270.6693
2.020455017446125,31.04567648395303,270.6693
1.9578390924327302,31.06747270904823,270.6693
1.9447521708489859,31.093968134776205,270.6693
1.9923819132654592,31.109428655137336,270.6693
1.9620131942688392,31.13713155208108,270.6693
1.9161744321182317,31.154712030350378,270.6693
1.83268776686811,31.183035940759037,270.6693
1.5196143227447372,31.213524203112442,270.997384
1.437644657198553,31.225059432420768,270.997384
1.3518894821443448,31.218052813001457,270.997384
-26.29359242,16.8347254423746,270.6693
1.9411326276959762,31.137848553374003,270.6693
1.9814591677081037,31.107134649350883,270.6693
1.918744385460465,31.09841074200443,270.6693
1.9735826827978455,31.079823609768187,270.6693
2.0140294326154122,31.067661512138972,270.6693
1.9737708752391887,31.05229566019926,270.6693
1.924026623253517,31.048054359199014,270.6693
1.7599462281678393,31.04697594084472,270.6693
1.3491176345707527,31.07946011842223,270.997384
1.3484119289516656,31.097946399246897,270.997384
1.8946735593256703,31.08525971875933,270.997384
1.8707172943061283,31.091575031531292,270.997384
1.8753195799009346,31.107173023972422,270.997384
1.918369216802875,31.122035060307777,270.997384
1.8305839921937042,31.127058981776937,270.997384
1.8102029429012387,31.10849971341483,270.997384
1.935016103928673,31.115810731101895,270.997384
1.8975543334681002,31.125447617186968,270.997384
2.010740991414915,31.100028200386188,270.997384
1.3272855314452117,31.15835809024106,270.997384
1.1306412770737921,31.176618859273066,270.997384
1.1303762039648921,31.264875234486734,270.997384
1.1359174164996964,31.313131502734997,270.997384
1.0281626987692016,31.341605644410357,270.997384
1.0986298791903844,31.369646710699193,270.997384
1.1734153967998688,31.410965097072282,270.997384
1.128205720360222,31.42463702968196,270.997384
1.2126670770038506,31.421491039654104,270.997384
1.0388246780893822,31.46064349222263,270.997384
1.0001673363799881,31.492521863746738,270.997384
1.0417686487025082,31.50683131281846,270.997384
1.1291005335921775,31.516461855134224,270.997384
1.0033229710214322,31.564341074725455,270.997384
1.1059598208120918,31.603949725735905,270.997384
1.1105451092857332,31.597354513766078,270.997384
1.1360965798292795,31.59260505682736,270.997384
1.1816358795757878,31.59585926070766,270.997384
1.1670409125735681,31.612620110239966,270.997384
1.044461408214751,31.631350985677884,270.6693
1.8434071030267325,31.637680950016527,270.6693
2.0535621599548697,31.64534953951779,270.6693
2.1123691884566638,31.652658177610387,270.34121600000003
2.010676720857854,31.679531329565542,270.34121600000003
1.558149328667409,31.707244267015426,270.013132
2.0903308964680094,31.677597400682412,270.013132
1.9865774776880558,31.68723178001024,270.013132
1.9363658904393044,31.69543456834722,270.013132
1.9422407132670787,31.71427113060125,270.013132
2.005307710673505,31.721325731968413,270.013132
2.1463134790442777,31.72327747917512,270.013132
2.064365722068724,31.72546064049758,270.34121600000003
2.0251752425010396,31.720984031854176,270.013132
1.970991907447785,31.722588880897526,270.013132
1.842425337085441,31.682991729554622,269.685048
2.293332652686754,31.726080039537504,270.013132
2.043304288860803,31.595218844343535,270.013132
2.0137960393430063,31.52906186700537,269.685048
1.9751133944702068,31.544460580288046,269.685048
2.0518976245335403,31.56073225367628,269.685048
1.3061933743931975,31.68618051763097,269.685048
1.1480912972860207,32.08688254150203,270.013132
1.041671369862631,32.48402537524679,270.013132
0.999310918310512,33.504786741620556,270.013132
0.914601599125069,34.93750691121599,270.013132
0.9820119583290053,35.49298037365001,270.013132
1.6395493532109293,35.653267812655535,270.013132
1.696464567491354,35.673596835365615,270.34121600000003
1.6682567781284308,35.55964335560324,270.34121600000003
1.4465067914770542,35.47150379901033,270.34121600000003
1.4734782303906286,35.413914451797666,270.34121600000003
1.5189592429443617,35.2934452592562,270.34121600000003
1.6401269436308674,35.25944788540513,270.34121600000003
1.3320077905107495,35.2865493445011,270.34121600000003
1.500942836446887,35.36153393702987,270.34121600000003
1.4546382620121299,35.48102205940981,270.34121600000003
1.5410222377257412,35.5230217910309,270.34121600000003
1.2721658031605871,35.59932478230914,270.013132
1.4655893591564269,35.624722593062245,270.013132
1.065748105341939,35.703258414036405,270.013132
1.3546453112045165,35.71907357875389,270.013132
1.3272409779043086,35.59140436008143,270.013132
1.189604686878224,35.73085975436379,270.013132
1.250834747473965,35.72975352096948,270.013132
1.342983226086535,35.68208592260526,270.013132
1.447508626734914,34.99369798591868,270.013132
1.4826712212845685,34.45860352340214,270.013132
1.6709575293750536,32.10194926757356,270.013132
1.0072338909844079,31.077744661006854,269.685048
1.0145951194129295,28.941539788119293,269.685048
2.2767807771333968,27.849576156011338,269.685048
2.5725958127420148,26.88694987514403,270.013132
2.7741101738223413,25.569674249146033,270.013132
3.176683427245115,25.156489614712,270.013132
2.183646294791959,25.144171841106203,270.013132
4.06664633168315,25.020027219696,270.013132
4.249142746309112,25.57806852538486,270.013132
-23.031382,13.802397557983518,270.34121600000003
-22.59962946,15.410920185655483,270.34121600000003
-23.74142509,14.795377350055336,270.34121600000003
-24.74240266,15.646908453573797,270.34121600000003
-25.93177377,16.595338060341184,270.34121600000003
-27.37145466,17.565197890408925,270.34121600000003
-25.4000447,21.896142753201552,270.34121600000003
-27.67089817,23.910285181203605,270.34121600000003
-27.53755471,25.354858327141375,270.34121600000003
-31.55377159,20.13815429727604,270.34121600000003
-32.24024623,21.114553657907503,270.34121600000003
-32.22377981,20.987969690685176,270.34121600000003
-31.82506735,21.001930773494173,270.34121600000003
-28.8389344,24.3349486434514,270.34121600000003
-25.94942437,25.54529559727912,270.34121600000003
-30.40201356,18.765981547627817,270.34121600000003
-24.53935777,23.908194528369624,270.34121600000003
-27.3725035,20.925442932681594,270.34121600000003
-29.34311201,18.28533548670792,270.34121600000003
-29.87171866,18.2168567711621,270.34121600000003
2.1470271518191253,35.15760122696147,270.34121600000003
2.1189620414524475,35.29669085502518,270.34121600000003
2.077037382428373,35.489141517074216,270.34121600000003
2.019024983518858,35.59994556972846,270.34121600000003
2.0541951287214366,35.782950474756746,270.013132
2.045841646772112,35.84290906971018,270.013132
2.0881187835847084,35.88023636317093,270.013132
2.039419568549084,35.89815356379288,270.013132
2.1692340958680494,35.8856128706228,270.013132
1.9945065218156348,35.832987219029235,270.013132
2.1761627148153035,35.74418575246209,270.013132
2.130014478855672,35.71574212201216,270.013132
2.1838248826749562,35.622757639017685,270.013132
2.199099281024764,35.50874152238404,270.013132
1.3763813228266217,35.53273686467187,270.013132
1.2475933886576436,35.53519382243156,270.013132
1.2708708479564816,35.545859227445064,270.013132
1.2803333552232607,35.52483695168247,270.013132
1.184460792789899,35.56525679019166,270.013132
1.3382715043336484,35.57654541282995,270.013132
1.3783061496790177,35.62065472439108,270.013132
1.3505755621640467,35.63780458758439,270.013132
1.2555207499525571,35.680017865636444,270.013132
1.3160542677669669,35.69261019181771,270.013132
1.2453344103651607,35.703354705304896,270.34121600000003
2.228976691631804,35.66203771354603,270.34121600000003
2.1953395170156815,35.68154555237952,270.34121600000003
2.2442192223306705,35.67850457465428,270.34121600000003
2.1864738479195935,35.696223975581276,270.34121600000003
2.224261988839765,35.71328377565197,270.34121600000003
2.2183528555406538,35.7636160589739,270.013132
1.2596921854728562,35.81972135435472,270.013132
1.312279249142291,35.84278445189982,270.013132
1.3042203998607698,35.93204805030625,270.013132
1.2932810715738638,35.93244344615099,270.013132
1.2384109039146012,36.11460090627658,270.013132
1.0461070878656764,36.458421392033145,270.013132
-1.235910784,37.559396979410835,270.013132
-30.17558469,23.627311881211728,270.013132
1.666201641107914,40.263768877358515,270.013132
-30.74666972,29.698156773308696,270.013132
0.26033956472421094,45.24597163583116,270.013132
-0.793302312,46.736051339337465,269.685048
-1.193562927,47.56376843136108,269.685048
-34.82410659,30.290628108448413,269.685048
-1.089151764,44.38952873040306,269.685048
-0.923599271,41.21504772461784,269.685048
-0.325297553,40.147633574439396,269.685048
-0.191278791,37.924059523593506,269.685048
0.9859645069292273,35.653693692033634,269.685048
1.342622709263745,34.55923239471823,269.685048
1.5422710659549537,33.442147340661855,270.013132
1.9181149125039738,32.4130469200611,270.013132
1.8912639776806133,30.596328363106547,270.013132
2.73040005331051,29.83905367734609,270.34121600000003
-20.97104571,20.78165036734653,270.34121600000003
3.53964450835393,28.908712580401225,270.34121600000003
-20.03428549,20.848744624937105,270.34121600000003
4.732609991300559,28.284855928934068,270.013132
-19.79480404,20.635904652703115,270.013132
5.013571107675192,28.119709229027222,269.685048
4.9676847207811505,28.16053443162547,269.685048
-19.75026924,20.69132424507896,269.685048
-19.61252412,20.855904228119577,269.685048
-19.61005932,20.80194210465549,270.013132
-19.32900143,20.839674803922353,270.013132
4.9048316794032765,27.889673519079786,270.013132
4.9678463750609305,27.576073857649625,270.34121600000003
4.84033647850284,27.320600352260115,270.013132
4.964433879155888,27.147350222625033,270.013132
-20.19880652,18.25645669541058,270.013132
-19.76084917,18.23456803526326,270.013132
4.835396060328745,25.896230353876085,270.013132
-18.30080492,16.94166551707248,270.013132
-19.42978709,12.976437474362982,270.013132
-17.86141495,11.098797950064494,269.685048
3.9751431328283107,19.54764545691707,269.685048
3.6141715534033656,19.33759864377255,269.685048
3.183089934073146,19.20532793700406,269.685048
3.568868037505154,19.196963889875082,270.013132
3.528347141473921,19.857409119416044,270.013132
3.8129607403797046,20.376669905102904,270.013132
3.823070145894395,22.625472322183693,270.013132
3.747720162101886,22.638075375987782,270.013132
3.57650422018334,22.66575568352708,270.013132
3.4803879937926014,23.14447068763537,270.013132
2.6684693416242213,23.86297656068598,270.013132
1.8575434030720201,23.93975587738397,270.013132
1.3095317011038679,23.97597767947828,270.013132
1.287503073478954,23.977170700456277,270.013132
1.0571612204738836,24.206881701333725,270.013132
1.304035324342498,24.735039935012924,270.013132
1.077026427744915,25.22807116126533,270.013132
1.0394462447110138,25.6836672597813,270.013132
1.0398033436695762,25.99059400692274,270.013132
1.0721613673330117,25.989279286440272,270.013132
1.0714423537484596,25.989308938653767,270.013132
1.0359379951558256,26.165853546547208,270.013132
0.9973565478981774,26.17858116962408,270.34121600000003
1.9225759769180457,26.128707636437646,270.34121600000003
2.4178590840146645,26.10328720255902,270.34121600000003
2.3986936451254124,26.15460664242872,270.34121600000003
2.351616869805547,26.183257469300276,270.34121600000003
2.343233595336438,26.228510024072673,270.34121600000003
2.3491890817369963,26.252418487112628,270.34121600000003
2.433328039356497,26.288970781233914,270.34121600000003
2.493516737845174,26.343737370512155,270.34121600000003
2.529885069224741,26.386115791164844,270.34121600000003
2.563885857887172,26.39456849296806,270.013132
2.6146529895370723,26.413259507045886,270.013132
2.6042934501941524,26.426052313233793,270.013132
2.5304553123408096,26.419744941087988,270.013132
2.4736959268225793,26.40979713089048,270.013132
2.4235636030154204,26.394874718915176,270.013132
2.4770951527976397,26.36126876937322,270.013132
2.4302662114711198,26.354523880452756,270.013132
2.4465392764764538,26.338059106035267,270.013132
2.4608885387124038,26.32466205201353,270.013132
2.4344456527614398,26.305967676386484,270.013132
2.3432419456388227,26.298965205299123,270.013132
2.437190152708407,26.270721607342917,270.013132
1.3024534744500906,26.351691340087125,270.013132
1.115763846217546,26.362193360851006,270.34121600000003
1.0464403077119007,26.378038480105655,270.34121600000003
1.089494139439272,26.380629704990113,270.34121600000003
1.003790878170137,26.390661827031884,270.34121600000003
1.203076476422824,26.382426599757917,270.34121600000003
1.0836008025456447,26.38399186250944,270.34121600000003
1.0538173727196372,26.37971487237199,270.34121600000003
1.0539333925819132,26.362045226371286,270.013132
1.0141827386662132,26.328177930593938,270.013132
1.069971407053914,26.309551954334818,270.013132
1.0488111667690212,26.30229386948039,270.013132
1.0639715669507719,26.27167353473338,270.013132
1.039307415633097,26.25325587095482,270.013132
1.0821940274190625,26.236878014856845,270.013132
1.0679480505697987,26.219599186809283,270.013132
1.1317978761469294,26.175444979237184,270.013132
1.0242514675966217,26.129014693123867,270.34121600000003
1.058033251281047,26.107179350315707,270.997384
1.0930735252673165,26.082257152303516,271.981636
1.1491575099548097,26.06326200949448,272.965888
1.123182138368767,26.03667830788504,274.606308
1.0757668587751026,26.013330771447635,276.24672799999996
1.0327090145225097,25.898480910829722,280.51182
1.0435139062669714,25.744510498519613,281.496072
0.9315597254180327,25.531010074827424,280.839904
1.0566306715544151,25.4525201375149,280.183736
1.0557736191679155,25.385273331247024,279.52756800000003
0.9766624371209477,25.288201676346628,277.23098
1.0029487303972975,25.268490115128067,275.59056
1.0116006518677687,25.268145222300568,275.59056
1.026734090332176,25.25069021295988,274.278224
1.0246701627227617,25.258030666833015,272.965888
1.0894749260928676,25.348941801203665,269.356964
1.0361150087511488,25.433727857733324,268.70079599999997
1.1424345667348337,25.478403300212147,267.716544
0.9948332908114349,25.554692483039016,266.07612400000005
0.9862260019600146,25.54957586437325,265.419956
1.071921765219344,25.505865467342797,264.763788
2.6019096454838695,25.32133017946931,263.779536
2.272136244886955,25.170161414885193,262.139116
2.2761720617821144,25.0925790993624,261.15486400000003
2.2214614465030675,25.044156918943234,257.217856
1.0917644164999825,25.118772605320828,257.217856
2.2257131921678335,25.09503008704054,256.233604
1.2435730644591145,25.295139639319288,254.2651
1.1501401531540627,25.364160696306087,253.280848
1.224940110015742,25.426745605046325,252.296596
2.3394961157426963,25.391170617943633,251.312344
2.597718760621566,25.42798863591944,248.68767200000002
2.6493711952304073,25.42747477806892,244.750664
2.603604335383174,25.422670543511547,243.766412
2.6943097437059182,25.36956839664763,242.78216
2.755701099025589,25.31109439257644,241.797908
2.6544935517008477,25.151353376384442,238.845152
1.3805304345074296,25.224685675907818,237.8609
1.3286377401126257,25.214954865213397,234.58006
2.6940930990376666,25.062604749304064,232.611556
1.4167891203968348,25.116174774196992,231.955388
1.4621676809144954,25.005417777735623,229.98688399999998
1.3892688681045173,24.86190425196546,228.01837999999998
2.682552905264626,24.59931134005635,226.04987599999998
2.657283969915046,24.546152368623854,225.065624
2.7513494456984358,24.471474351563934,223.09712000000002
1.5566535776509227,24.598597604876208,224.08137200000002
1.6504692036533046,24.632893160439057,220.14436400000002
1.5697365381465298,24.745735388152326,218.17586
1.4651925657580467,24.7521454311519,218.17586
1.4325489541351815,24.754056156388852,218.17586
1.6189432697142225,24.78777268940908,217.191608
2.7244144739331304,24.720900074014676,215.223104
2.6771591089636724,24.657156816891092,211.94226400000002
1.4766330853361287,24.715443535487942,210.95801200000002
1.612276988897621,24.66869543510581,209.97376
1.5478158595813,24.617958765433492,208.005256
2.6930245171916956,24.528592634802923,206.036752
2.7530295886165934,24.54768145289256,205.0525
2.6819873051523313,24.573828676964013,204.068248
2.6675270868562873,24.593553091039844,202.099744
2.7465246825095213,24.582314277475355,201.115492
1.526946288533277,24.678989158579782,199.803156
1.529944787200444,24.658423168316702,198.818904
1.4399511760773187,24.637156209345623,197.834652
1.600385050526962,24.5570281116461,195.866148
1.5572038676780036,24.532091033262976,194.88189599999998
1.75310984155316,24.501535679973387,193.89764399999999
1.6867559533451593,24.462421595604983,191.92914
1.6890668881081818,24.412537488823457,189.96063600000002
1.6153391646586657,24.39105820557139,188.976384
1.5198576644325335,24.338221326067526,187.00788
2.277384039156427,24.238621982360367,186.023628
2.2786764034995746,24.158851824528547,183.72704
2.330229371022818,24.10518445197444,181.75853600000002
2.3135660909919227,24.11601800791105,179.790032
2.238053744585224,24.161199175339007,178.14961200000002
2.9241372260468563,24.16344270060053,175.196856
2.8752079050484403,24.137760396031176,176.181108
2.8662812109698668,24.199348220733206,174.212604
2.8808950629479346,24.424880908397526,171.259848
2.721162100110552,24.688284477456698,170.275596
2.755402185686475,24.970681761031077,169.29134399999998
2.6037591958116626,25.245710418950473,168.30709199999998
2.791034765418174,25.73142362563533,166.338588
2.7242595704488624,25.923852787794434,165.35433600000002
2.463587991574997,26.11931082173044,163.057748
2.816605513780489,26.045357671570113,161.089244
2.753643445200619,25.91810864588894,159.12073999999998
2.73696285074873,25.86652870587302,158.13648799999999
2.659370412773736,25.77452112959285,156.16798400000002
2.5927997175166317,25.745624911650626,154.52756399999998
2.8138355705988185,25.7402275904011,153.215228
2.9290402279151566,25.748076434332066,152.230976
3.0126367964353125,25.807861970925572,150.262472
2.925998096941489,25.877359592498703,148.293968
3.089938350693143,26.13196136626289,146.32546399999998
3.266680063059677,26.3830486216027,145.341212
3.0042181052150045,27.047251305985398,143.37270800000002
3.0613156734095575,27.354001116127005,142.38845600000002
2.753702617179821,27.716100332919872,141.404204
2.6452562732731635,28.23202124833277,139.4357
2.670367784682241,28.411793441721848,138.12336399999998
2.4998878390885904,28.427300812291595,138.12336399999998
2.621793575022686,28.6792956858465,136.15486
2.234124866198934,28.807231394121704,135.17060800000002
2.3324281229558856,28.995908975798457,133.202104
2.354174052811967,29.098330616789145,132.217852
2.22386597722076,29.192615628894938,131.2336
1.9037326398130117,29.305192557487292,130.249348
1.9414031245579493,29.43769347014163,128.280844
1.9946622867018773,29.554452809365134,125.984256
1.857835063375222,29.63043021960248,125.000004
1.7687336739199786,29.88349709593975,122.047248
1.58832553748114,29.991502375245144,121.062996
1.7498604721853408,30.137891971257407,119.09449199999999
1.545174807581398,30.18974927587647,118.11023999999999
1.7306498322905974,30.19434142831985,117.12598799999999
1.9837140971360918,30.16164194608611,116.14173600000001
2.0070019497448213,30.027030732036263,113.845148
2.233304475227523,29.76864154672864,111.876644
2.126995535814944,29.50272547491561,109.90813999999999
2.3388181113154562,29.35089479966855,108.595804
2.190377828062782,29.241010651568555,107.611552
2.1163721786484806,28.972543440227092,104.98688
2.4711201307980355,28.830414111388105,103.018376
2.455363490980594,28.428283248626855,101.049872
2.383557729166666,28.065173075078263,100.06562
2.430898365568493,27.24251379583043,97.769032
2.310211663838669,26.839208910219543,96.78478
2.4169037000534295,26.397033820726634,95.472444
2.6795143106017285,25.83444621962131,94.488192
2.876595511883454,23.697999388367663,90.2231
3.003073549979297,23.19002384074031,89.238848
2.98602299746443,22.726425444811394,88.25459599999999
2.9930571899728777,21.936152817238593,86.28609200000001
3.247075824475795,21.59394698373833,84.97375600000001
3.423162823502832,21.327822260907794,83.98950400000001
3.9072086854249193,21.03885383885885,83.005252
3.5520751487032607,20.979106157145594,82.021
3.685524036490783,20.858296847224786,80.05249599999999
3.9773846974603284,20.716526764605124,78.412076
4.079260437361271,20.543265339704842,77.427824
4.081037883929869,20.07658760105635,74.146984
4.203210472899774,19.936942967378727,73.16273199999999
4.138216930432916,19.860024428110204,72.17848000000001
4.237058488238199,19.841889387097794,68.89764
4.543039634735659,19.85620424580436,67.913388
4.589163841385642,19.93495582860053,66.929136
4.5819023421569955,20.098179260647317,64.96063199999999
4.84780498892448,20.018893337727516,60.039372
4.434364716127556,20.20696192947974,62.992128
4.738702987272633,20.11477822365005,61.023624
4.630834467197152,20.00668626873651,59.383204000000006
4.835949266558658,19.839386996809637,59.055119999999995
5.0475862918026015,19.693372782336112,59.055119999999995
5.102052967793494,20.29258510867529,58.398952
4.691864279370011,20.829930214658383,58.398952
4.834083619696619,20.98623565017675,58.070868000000004
4.930224668660587,21.080252829863916,57.74278399999999
4.573145798570972,21.577128923462062,57.74278399999999
4.346866123962881,21.950672837011798,57.74278399999999
4.215992132730992,22.464368576458483,57.74278399999999
4.2555121582227935,22.772463528498054,58.070868000000004
4.008545832759996,22.88927915738242,58.070868000000004
3.8648895678639317,22.96288135092119,58.070868000000004
3.8256260830490176,22.829683806044606,58.398952
3.971729829156281,22.780441943292733,58.070868000000004
3.833690652673503,22.967545193637008,58.070868000000004
3.3414603255192956,23.23713013930069,58.070868000000004
3.155930843596734,24.043037080312676,58.070868000000004
2.934424721644444,25.362139265840025,58.070868000000004
2.5369284145748185,26.562262940582173,58.070868000000004
1.7036807456033418,27.082063245795002,58.070868000000004
1.403170189830706,27.39115116370082,58.070868000000004
0.5331784828235195,27.353006982785914,58.070868000000004
0.5487557152414698,27.023563622825527,58.070868000000004
0.6080641291599894,26.10932534992366,58.070868000000004
1.4590930477996673,25.518228641701462,57.74278399999999
1.4978666409666392,23.382914459556893,58.070868000000004
2.0852387167082385,22.264177505199033,58.070868000000004
2.986895989577935,21.31046197108618,58.070868000000004
3.623816867525131,20.024613272712447,58.070868000000004
3.76161469867598,19.63128013584474,58.070868000000004
3.579517343621067,19.648557728736996,58.070868000000004
3.833400523329664,20.43709553674291,58.070868000000004
3.9434995972881457,22.04431124536212,58.070868000000004
2.966474733144742,23.16205487565374,58.070868000000004
2.8740199499154615,24.762217456201263,58.070868000000004
2.2863037016497185,25.907714575008868,58.070868000000004
1.8454259097145014,26.421096705430138,58.070868000000004
1.5569994940571072,26.51410090319679,58.070868000000004
1.526978291619712,26.25376199265508,58.070868000000004
1.368327864833889,25.883115821424337,58.070868000000004
1.5393170934970444,25.539546476771896,58.070868000000004
1.4439913317777777,24.722400335371145,58.398952
1.469672199717983,24.32670986604606,58.398952
1.5334714431450405,24.029696843295813,58.398952
1.9298359641618381,23.499205158827706,58.398952
1.9123416570147742,23.2137204167195,58.727036
1.9082543424103207,23.172874774374698,58.727036
2.08842805875507,23.19383106808382,58.727036
2.3194498677353907,23.267453270126623,58.727036
2.718857954677304,23.26427026738146,58.727036
2.3762126819428273,23.417776723533645,58.727036
2.420335058267479,23.468042076780485,58.727036
2.526478532107174,23.482887832666087,58.727036
2.2187581390507023,23.540881521015805,58.398952
2.277721036442679,23.55947639702348,58.398952
2.3632677246472724,23.55639061137835,58.398952
2.3417232074069068,23.550629253135003,58.398952
2.4543580134596907,23.529228542751508,58.398952
2.4543589109471133,23.484003611588857,58.398952
2.3735751889621053,23.45745077523264,58.398952
2.435242026280212,23.39258018459291,58.398952
2.434563251982287,23.368175376411404,58.398952
2.7451690872852335,23.290582094271425,58.398952
2.68907961054941,23.27787029241685,58.398952
2.9000084116426,23.240896103856585,58.398952
2.5068659371326945,23.281104806747283,58.398952
2.6864521739875165,23.220310884135976,58.398952
2.675723605730168,23.199125154608062,58.398952
2.7048939392185005,23.17638603688207,58.398952
2.533316445765514,23.191014966468384,58.398952
2.716054252455959,23.16064534589365,58.398952
2.6339462757761813,23.170952176601997,58.398952
2.8723426603994815,23.15804787301338,58.398952
2.7127511949301195,23.18864754726517,58.398952
2.7919658928852455,23.16741297285856,58.398952
2.7997701237718453,23.147006252380624,58.398952
2.8245911458923554,23.138173360266503,58.398952
2.8261627533512654,23.125454610689786,58.398952
2.8563302866168816,23.119995792293864,58.398952
2.858492630665794,23.1122243199655,58.398952
2.8575129123466754,23.164642644709122,58.398952
2.8588184581093086,23.122630444001,58.398952
2.7479557796792604,23.271819302358825,58.398952
2.294544601574595,23.482751504709757,58.398952
2.5552287354190226,24.073333086962545,58.398952
2.4006251856694103,24.58408594078593,58.398952
2.0594961831351895,27.187000999819574,58.398952
1.6532374540501944,28.162902429194226,58.398952
1.6253428792015994,28.44819465326157,58.398952
1.6756135952906406,28.443371759933264,58.398952
1.336300260373009,27.876619274625057,58.398952
1.2209783897853483,27.3696304557109,58.398952
1.311962134908158,26.93867599956679,58.398952
1.140783080039047,25.92832920035888,58.727036
1.0987114050775033,25.08467753413513,58.727036
0.9615411068730445,24.596633446612476,59.055119999999995
1.2188441661371243,24.398446966904963,59.383204000000006
1.3002420166516429,24.39539446007694,59.383204000000006
1.287378177123227,24.39824504697164,59.383204000000006
1.4056508270976578,24.512289579903804,59.383204000000006
1.3666096501280398,24.625856722177367,59.055119999999995
1.5552195900326764,24.78761177546225,59.055119999999995
1.6429071748948831,24.847616170145397,58.727036
1.636067180605987,24.937531737028802,58.727036
1.6069166104981487,24.951690001516496,59.055119999999995
1.518703154661345,24.921091267702906,59.055119999999995
1.4446319210067446,24.85720416263839,59.055119999999995
1.4996065573572663,24.812238481364894,59.055119999999995
1.5570921449289588,24.785982052048137,59.055119999999995
1.5433835351977858,24.74377706068199,59.055119999999995
1.5672699665497267,24.719000630506006,59.055119999999995
1.6440164362818612,24.670513386689834,59.055119999999995
1.6541754947254839,24.646159152687467,59.055119999999995
1.6436481298507037,24.61125292344849,59.055119999999995
1.6825752351341634,24.5932978464938,59.055119999999995
1.6184273927315258,24.588166171712242,58.727036
1.6374569450061074,24.595093604914396,58.727036
1.6735441199025987,24.59328925184487,58.727036
1.6278642924830258,24.598196384769007,58.727036
1.8359088827120384,24.548670333072906,58.727036
1.8023265421297472,24.577772078657883,58.727036
1.6752176403665153,24.85831591489717,58.727036
1.5235556591059627,25.073407157807537,58.727036
1.529935625529111,25.744935740076638,58.727036
1.4644093067557795,25.614308878430826,58.727036
1.3106205353541054,25.837844666125328,58.727036
1.313024249411226,26.093725177270965,58.727036
0.9067189462634719,26.78268841218397,58.727036
0.25288300251659307,27.32074655247669,58.727036
-0.265335449,27.88341694748669,58.727036
-0.594843631,29.139074368102857,58.727036
-2.102997827,29.898211321213754,58.727036
-3.347084337,30.730234131148563,59.055119999999995
-4.678471942,32.7932817955757,59.055119999999995
-6.811211392,33.600385611935344,59.055119999999995
-8.599955863,34.30797126060749,59.055119999999995
-10.66669158,36.31698994515023,59.055119999999995
-12.30392238,36.91562073980427,59.055119999999995
-13.04936543,37.27109974079588,59.055119999999995
-13.38762198,37.35175056675323,59.055119999999995
-14.60639452,36.56667162701291,58.727036
-14.65978621,36.039308126785215,58.727036
-15.04394848,35.880644867867225,58.727036
-14.53200066,35.63684840822339,58.727036
-13.99746315,35.219687771522125,58.727036
-13.38956343,34.25077337163648,58.727036
-12.06182645,34.10265590649658,58.727036
-11.43570457,33.53314055114002,58.727036
-10.68317079,33.00088565311223,58.727036
-9.9454732,32.483377246665846,59.055119999999995
-9.078336738,31.51951506263805,59.055119999999995
-8.152181363,30.97386154276131,59.055119999999995
-7.170393313,30.903928913587606,59.055119999999995
-6.766512866,31.03667237114053,59.055119999999995
-6.827963699,31.25298629855131,59.383204000000006
-6.474076531,31.549621251401998,59.383204000000006
-6.593707049,31.594450583109918,59.383204000000006
-6.334550536,31.749205303393055,59.383204000000006
-6.240825602,31.85689578735315,59.383204000000006
-6.219821667,31.866886568301872,59.383204000000006
-6.276792982,31.835583298060808,59.383204000000006
-5.531037774,31.922607789825253,59.383204000000006
-5.871216496,31.833406186770848,59.383204000000006
-5.893209721,31.70197546767716,59.383204000000006
-5.125393043,31.747098520718872,59.383204000000006
-4.984482841,31.62409351874726,59.383204000000006
-4.752750658,31.595452652242717,59.383204000000006
-4.896476555,31.401840099911393,59.383204000000006
-4.956230976,31.294908875484786,59.383204000000006
-5.100338238,31.116529522794966,59.383204000000006
-4.804241397,31.10399730663493,59.383204000000006
-4.706034473,31.053903925223956,59.383204000000006
-4.271423799,31.014760674999092,59.383204000000006
-4.362188959,30.959715905759595,59.383204000000006
-4.752640944,30.86822805699433,59.383204000000006
-4.433485683,30.863245784272486,59.383204000000006
-4.962239715,30.734535222743734,59.383204000000006
-4.542620233,30.73504680727135,59.383204000000006
-4.24879005,30.71752459279724,59.383204000000006
-4.130814742,30.711432515757117,59.383204000000006
-4.070528507,30.69886262083612,59.383204000000006
-4.015514179,30.6912837519202,59.711288
-3.988064117,30.67150515228489,59.711288
-3.927563444,30.6670067269105,59.711288
-4.002889286,30.649159285718177,59.711288
-3.947502208,30.660973234495092,59.711288
-4.063616512,30.65394176605813,59.711288
-4.086791285,30.640600067237134,59.711288
-4.063886421,30.64957047459855,59.711288
-4.050966617,30.677159847508328,59.711288
-4.078517681,30.679764450858674,59.711288
-4.061557622,30.694557131796664,59.711288
-4.076524904,30.70157514591289,59.711288
-4.060578425,30.66708587425536,59.383204000000006
-4.12593204,30.65223735461782,59.383204000000006
-4.058461876,30.638275796640638,59.055119999999995
-4.087018199,30.635935934585873,59.055119999999995
-3.994830896,30.644354447087007,59.055119999999995
-3.949087639,30.681542836064068,59.055119999999995
-3.857253082,30.866913912945133,59.055119999999995
-4.161368991,30.95533675943688,59.055119999999995
-4.187663451,31.083652012955913,59.055119999999995
-4.169696385,31.350931530115272,59.055119999999995
-4.352608027,31.444473284931536,59.055119999999995
-4.436467424,31.53340795453889,59.055119999999995
-4.102980937,31.296831136772234,59.055119999999995
-4.011384894,30.649173525253428,59.055119999999995
-3.851969117,30.370014293749442,59.055119999999995
-3.242964605,30.10945721695565,59.383204000000006
-2.261805337,29.7136142773296,59.383204000000006
-2.455459166,29.54443170039806,59.383204000000006
-2.04959027,29.483044995250285,59.383204000000006
-2.054092516,29.42902543452842,59.383204000000006
-2.048612187,29.43963554169026,59.055119999999995
-2.08839473,29.46279101166449,59.055119999999995
-2.097202534,29.43456941486647,59.055119999999995
-2.022713757,29.411533074471375,59.055119999999995
-2.049360081,29.343747691491412,59.055119999999995
-2.125447894,29.274486223047152,59.055119999999995
-1.985878375,29.13272218582104,59.055119999999995
-2.093064334,29.05581285366119,59.383204000000006
-1.966522418,28.9931625924178,59.383204000000006
-1.868025555,28.89575225130201,59.383204000000006
-1.598763663,28.88130885242135,59.383204000000006
-1.909221219,28.80898501584315,59.383204000000006
-1.846489138,28.568737301444852,59.383204000000006
-1.558857283,28.316343813265313,59.383204000000006
-0.994871048,28.05182003816534,59.383204000000006
-1.320556316,27.696292669260135,59.383204000000006
-0.868873187,27.10710948442938,59.711288
-0.231261916,26.865015993329177,59.711288
-0.277500734,26.473087137061317,59.711288
-0.060444123,26.357575893794177,59.711288
0.3384082107336397,26.274888591049834,59.711288
0.08346382192285476,26.217551716406437,59.711288
0.009991766555662572,26.22158686631286,59.711288
0.4058901565204892,26.26550001440499,59.711288
0.39248643992782256,26.294053347134597,59.711288
0.6299343198886468,26.324026430189118,59.711288
0.6176740991079365,26.31063209321419,59.711288
0.6595010107959016,26.335806205135018,59.711288
0.9332598789738417,26.31974610929191,59.711288
0.8382903118943228,26.22952185298315,59.711288
0.9012768806181723,26.317643619223688,59.711288
0.44073509063766536,26.281607438646056,59.711288
1.0422563346373843,25.97992294998226,59.711288
1.0794841834125495,25.21811458603146,59.711288
1.370669933366223,24.725259482569395,59.711288
1.4415194961741056,23.158263374651156,59.711288
2.013123575889993,22.70960215810999,59.711288
2.1506839370047133,22.09584223025621,59.711288
2.334508534478357,21.909508287112057,59.711288
3.043510225580867,21.669397558521272,59.711288
2.959548719478674,21.66142148868978,59.711288
3.2605995161189467,21.672899013940125,59.711288
3.5289310474210893,21.658650900182767,59.711288
3.209378338063258,21.8316026982607,59.383204000000006
3.3373619446419216,21.86693468975243,59.383204000000006
3.7011368368954787,21.811738007198723,59.383204000000006
3.90129265343951,21.659060750147248,59.383204000000006
3.9995320579863916,21.426869852933894,59.383204000000006
3.764593735229832,21.126861004534714,59.711288
4.062285645792401,19.619890506302465,59.383204000000006
3.9346474780025953,19.379540868376377,59.383204000000006
3.950550703053875,19.15683855348827,59.383204000000006
4.074126778685897,18.97087017006989,59.383204000000006
4.17970945796334,18.94365456713893,59.711288
4.320255789808435,18.96085779714131,59.711288
4.329895007566192,19.076830696884635,59.711288
4.413167530993759,19.057738915137048,59.711288
4.5025454392092845,19.08539874429909,59.711288
4.492413334536973,19.144776627983784,59.711288
4.3239556706962725,19.23887924198906,59.383204000000006
4.366477413380553,19.23331026767845,59.383204000000006
4.450967303784046,19.21235063095445,59.711288
4.488659303631728,19.18201549386609,59.711288
4.5820004415972635,19.12950458010821,59.383204000000006
4.759346638486283,18.972658032843995,59.383204000000006
4.618369152834478,18.98535147747924,59.383204000000006
4.601231024375647,18.914899466890738,59.383204000000006
4.427065324802415,18.905643340000672,59.383204000000006
4.441394802104066,18.81265762246294,59.383204000000006
4.385348360879963,18.786688852447355,59.383204000000006
4.330112731638697,18.73579261082653,59.383204000000006
4.4000814161678585,18.68207229063674,59.383204000000006
4.528723826001636,18.591947324455813,59.383204000000006
4.370936616120117,18.60621862366544,59.383204000000006
4.455500830810688,18.575319921746566,59.383204000000006
4.540629703769934,18.531455223675156,59.383204000000006
4.541599743557797,18.51682721420443,59.383204000000006
4.4899565548508,18.513888397154904,59.383204000000006
4.677590160829611,18.464937770168216,59.383204000000006
4.5543577556649515,18.489197250794724,59.383204000000006
4.573894778302932,18.480149069940545,59.383204000000006
4.676433253074721,18.454062017347255,59.383204000000006
4.702736582579014,18.433630013034623,59.383204000000006
4.684322384162062,18.436049990912895,59.383204000000006
4.484113561886827,18.474489931295846,59.383204000000006
4.416378591416932,18.463948040478126,59.383204000000006
4.4923060787067195,18.41441925922637,59.383204000000006
4.353330145491528,18.429902118927423,59.383204000000006
4.470578437115807,18.360551893625935,60.039372
4.282380477997767,18.387873878807152,62.007876
4.391921349484229,18.377400552148792,63.320212
4.076197898487783,18.492801775594145,64.96063199999999
4.110368144194964,18.540016832183028,68.569556
3.903913771682843,18.582640792254875,70.209976
3.7999786596155367,18.578990752873885,73.8189
3.797325803677226,18.56885078898396,75.45931999999999
3.738744200183628,18.575011792709354,77.09974
3.5914578605564067,18.622394720739322,78.74016
3.5910854567095067,18.661357627353098,81.36483199999999
3.561752391099753,18.691293259177925,82.67716800000001
3.630177448326973,18.710242344959635,84.317588
3.5485536095772114,18.813208280286702,86.94226
3.4949959404451394,18.87875497766412,88.58268000000001
3.3572787384973144,18.96340798145099,90.2231
3.4869291412225314,19.0652828601055,93.17585600000001
3.5199534791207543,19.11946419961358,94.816276
3.4288381705699584,19.197073764921466,96.456696
3.1376888197815096,19.39514662142282,111.220476
2.8382990143255924,19.462833150761696,103.018376
2.6642852348889807,19.49539679046283,104.658796
2.907256660499644,19.458225122798005,107.93963600000001
2.8748512261891968,19.460618235671912,109.580056
2.6853789630750455,19.4573964911465,112.860896
2.664097669320614,19.428034691546195,114.50131599999999
2.561923804133377,19.426417099549692,116.14173600000001
2.52783932964812,19.40395029436631,117.782156
2.71431119921928,19.345583062164156,121.062996
2.5667004180425272,19.3498012285331,122.70341599999999
2.182461952884476,19.349585319317686,125.984256
2.053670757693714,19.33038841796816,127.62467600000001
2.510461395952014,19.223018073515405,130.905516
2.41128578636255,19.214349764671883,132.545936
2.282667733702719,19.181155477145868,135.826776
2.2792951390562433,19.16285621645979,137.467196
2.240017025460035,19.163027984807616,139.10761599999998
2.043671241283757,19.180605717053712,140.748036
1.9483681975364164,19.212483404409127,144.028876
2.004670393184246,19.250166175593712,147.6378
1.9309687630311092,19.28397798264669,149.27822
1.8547677739784363,19.31479155857822,150.91863999999998
1.9331690924671763,19.37835432885946,154.19948
1.8894082175749378,19.423973344479737,155.8399
1.8292080964067805,19.488720923866,159.448824
1.7915548229963805,19.524967142195234,162.72966399999999
1.7802752561211095,19.52810727577519,164.37008400000002
1.6930198135755232,19.546963266631977,166.010504
1.7108242609789464,19.536092713851637,167.650924
1.7286851211950962,19.507775694188876,171.259848
1.7149533361092815,19.44937475937655,174.540688
1.6055828982416813,19.39053086445413,177.821528
1.0545551592803535,19.335864617817002,184.383208
1.123921881390018,19.328505920667194,186.023628
1.1249304557643667,19.328578699338358,189.30446799999999
1.108623698842271,19.340792619707045,190.944888
1.1236150546235317,19.326683377596755,187.664048
1.1867217825965992,19.3579177441188,195.866148
1.3543806266491365,19.330367333657037,197.506568
1.141152939611301,19.30511477001637,201.115492
1.3499693859298947,19.25503207580361,204.396332
1.0985846915262993,19.259934634407625,206.036752
1.1054667178940634,19.238048805049072,207.67717199999998
1.087739276633784,19.229792521668276,209.645676
1.9147364878757487,19.136435858992204,212.92651600000002
1.8076117055009808,19.10351647009539,219.81627999999998
1.1104135123273864,19.1624085441779,223.09712000000002
1.7511405455443392,19.124952053550476,224.73754
1.0582669448049697,19.222006715460598,228.34646400000003
1.0420142380749213,19.25266259766961,229.98688399999998
1.042546223961714,19.252633797560275,229.98688399999998
0.9950506594681899,19.299004504880205,234.908144
1.003676485787857,19.30289437871147,236.548564
0.9762253441320504,19.2850189976177,238.18898399999998
1.044426214510073,19.268861637888858,239.829404
1.229522890219173,19.222957421004256,243.43832799999998
1.7129865977166658,19.165793444245182,245.078748
1.7758896026936042,19.153938729053035,246.71916800000002
1.6824770997063863,19.139710876829778,251.64042799999999
1.1833459224072334,19.198704177099547,255.24935200000002
0.9670643605468977,19.252926513291257,256.889772
1.0424938407441005,19.30353109628395,258.530192
1.006917559288264,19.345894306384096,260.498696
1.7231896853143298,19.310637202659453,265.419956
1.7846144054104882,19.30357477824168,267.06037599999996
1.6506798325596663,19.28644606132288,270.34121600000003
0.9909274447832532,19.304637164023468,271.981636
0.999313048828684,19.29352788074999,273.622056
1.0244142997670707,19.250288755768164,276.902896
0.9747291997035104,19.218638270466833,278.543316
1.0088129161068438,19.203376481248217,280.51182
0.996839583444609,19.136982171996436,284.448828
0.9870078754790093,19.109633219318834,285.761164
0.9727526391335282,19.106586312127067,286.089248
0.9866219827397521,19.098319161912432,285.761164
0.986618640547413,19.100816099106414,285.761164
0.9894020693414007,19.114962892217584,285.43307999999996
0.9994119903378803,19.13165721660861,285.43307999999996
0.9745178223414561,19.158203727149505,285.43307999999996
1.0255177194902116,19.20850413335082,285.761164
1.0049934651366612,19.232126205849042,286.089248
0.9921388657041973,19.25805679087576,286.417332
1.0156352677303562,19.29507388030933,286.74541600000003
0.9700312237774125,19.30799793733123,287.0735
1.0069586267469808,19.317113045427543,287.40158399999996
0.9506667418799264,19.320884938538455,287.729668
0.992188614516512,19.305755044418703,287.729668
1.0257154943114475,19.294836333659763,287.40158399999996
0.9483503422521394,19.305067533507742,287.40158399999996
0.9904880343720788,19.302590065274575,287.40158399999996
0.9701208277722797,19.29248832532342,287.0735
0.9892389648334834,19.351405524140333,289.698172
0.979214574343434,19.398497052277843,291.338592
0.9600258019585367,19.439925476632503,292.65092799999996
0.9821022991794416,19.471738557795344,294.61943199999996
0.9878570559896998,19.517470987493088,298.55644
1.007615661985221,19.521717237813746,302.165364
0.999755137403667,19.502936130008088,305.446204
1.0609308463820746,19.488664007326346,308.39896
0.9595511523990089,19.502820394944198,310.03938
1.0078857273537247,19.537439430568572,312.664052
1.0650109050589944,19.632322245392636,315.288724
1.0381556527119384,19.633760664110564,315.288724
1.0130583543446967,19.635071625678513,315.288724
1.037452870173941,19.798165329096147,318.24147999999997
1.025567425594202,19.8962241007703,319.8819
1.049828053993367,20.068820262760426,323.16274
1.0301413457675597,20.144708822729374,324.80316
0.982785773976106,20.209845817097875,326.44358
0.9917525039178571,20.262883965831357,328.084
1.02899136652358,20.351070240346253,331.692924
1.0458574667387912,20.385755906671903,333.333344
1.0513424492230474,20.449863421245446,336.61418399999997
1.0004591553060387,20.479909325952683,338.25460400000003
1.114381555910988,20.516214645572767,341.535444
1.1221658672238657,20.528604737550957,343.175864
1.0121287630783908,20.56277056154096,349.737544
0.9830624775551933,20.564180653866305,349.737544
1.0079361973550285,20.562976497134056,349.737544
1.0412773169542127,20.557438765030955,351.377964
1.0537801402866451,20.4862363681452,356.29922400000004
0.9263639085961125,20.44638168038541,359.908148
1.042816351284516,20.428552562753122,361.548568
0.9665534164987089,20.408128847340606,364.829408
0.9044875281300642,20.393896658773397,366.469828
1.048122784863612,20.372137489388223,368.110248
0.9117947736690769,20.359876161182456,369.422584
0.945533741447319,20.345265360483175,371.063004
1.0026223037097675,20.29109145198944,373.68767599999995
0.9923618634293594,20.262427110781584,375.000012
1.0026100600393382,20.24825759255414,375.984264
0.9498736967098178,20.232045838248247,378.60893599999997
1.0271834432541496,20.22248644444898,379.593188
1.0148170857439542,20.22314364325914,380.905524
0.9642928608296347,20.21990058755085,381.889776
1.0649252893332513,20.21419326878593,382.545944
1.0150219093104371,20.20072983708202,384.186364
0.9259671879889069,20.193677013150793,385.4987
0.9582329477535342,20.18373040247622,386.154868
1.011132157790959,20.177568902491995,386.482952
0.9621930117714285,20.194939448837044,387.79528799999997
1.0232050776927142,20.199265781374496,388.123372
1.0440014669149196,20.22530460900916,389.76379199999997
1.0816552474573549,20.250792797518546,390.09187599999996
1.1043123002316788,20.2481899075259,390.09187599999996
0.9815899017719225,20.25451015088778,390.09187599999996
1.742724789214134,20.203257422919087,390.09187599999996
1.734484565230701,20.209992545735556,390.09187599999996
1.9388862979538202,20.216292098022755,390.41996
1.7767452352582782,20.236818699107403,390.748044
1.0602536547395043,20.299036111325638,391.076128
1.7377538407425088,20.265263144097755,391.076128
1.6938399431435878,20.284981272310503,391.076128
1.3181795745787157,20.343526656596882,391.076128
1.2769038133237647,20.361839483835176,391.076128
1.7357047114695072,20.34575024161741,391.076128
0.8807592350140109,20.40064917863228,391.076128
1.8489404571137658,20.33152275312777,391.076128
1.5733776161693867,20.331930485525927,391.076128
1.8023322671215625,20.293646532330545,391.076128
1.7815157727852091,20.28715209039656,391.076128
1.8364140825415882,20.284957620322306,391.076128
1.8809588784603022,20.289442396190015,391.076128
1.8967061599490673,20.287976360238165,391.076128
1.876416795386815,20.30798451483738,391.076128
1.8581816043761263,20.31628317785421,391.076128
1.9391588970043432,20.2527842110513,391.076128
1.8249854303015027,20.263391466050965,391.076128
0.8914720236084094,20.325867340863056,391.076128
1.861802243041077,20.218034574683337,391.076128
1.9055815925942416,20.19879645749949,391.076128
0.9504188730605622,20.270579689856596,391.076128
1.8002736283153016,20.215272754061495,391.076128
0.5124605558402622,20.295598838211077,391.076128
0.49557203737648253,20.289224874639224,391.076128
0.4619241067720369,20.29001882151644,391.076128
0.33824791660389497,20.37215999416722,390.748044
0.25495875102408444,20.40483830551773,390.748044
1.8577044214134113,20.266546006911927,390.748044
1.7881399572948773,20.23169800291844,390.41996
1.265601304606199,20.266690350616578,390.41996
1.1747875452541792,20.27452339012131,390.41996
1.2186022547274864,20.265002010542048,390.41996
1.7806085695757317,20.223370912497593,390.41996
1.6766876302234788,20.12130647799708,390.41996
1.703050370510833,20.010106025029987,390.09187599999996
1.7949691665539587,20.024074110155833,390.09187599999996
0.44595470288686645,20.11500529360262,390.09187599999996
1.7974502984517613,20.074249722727068,390.09187599999996
0.21476485254658317,20.18140387862005,388.77954
0.279824291760746,20.18953138888551,387.79528799999997
1.8361369030797063,20.13321182174336,384.186364
1.6728143735503267,20.14013072681227,385.4987
1.7179062245873382,20.167418080683895,381.889776
1.7955867495421534,20.366242843139517,376.640432
1.8406577452443693,20.59504350199234,374.343844
1.7528168074410275,20.885566838984975,371.719172
1.8263993572396788,20.969497684247848,371.063004
1.1147118403884817,21.181515966204383,369.0945
1.114666458886688,21.243578929651925,368.110248
1.019948261201881,21.33422951831023,366.141744
1.0795636760060534,21.36151823118235,364.17323999999996
1.06054667271003,21.36004001176642,365.157492
1.026760078917177,21.32835172900596,362.20473599999997
1.055307679024344,21.278276613905966,361.220484
1.0499352743646078,21.065485588201692,359.580064
1.7840746989830765,20.859376421876885,358.595812
1.689294440146942,20.06737582320429,353.674552
0.49639454005655137,20.03870237210948,352.6903
0.4040928018487819,19.954078679865184,348.753292
1.5592735946567509,19.862479693216674,347.76904
1.8298203011847065,19.83938485366446,347.76904
1.0345010669572714,19.193697200486415,344.160116
1.0227209065889378,18.839518560557142,343.175864
0.9556934510688965,18.050571553172965,341.20736
0.966940138939139,17.68894643557559,340.223108
0.9003588920469986,17.162653482917538,338.58268799999996
0.9354617821214057,17.16094025560504,336.61418399999997
0.9305076035008432,17.321021903669294,335.95801600000004
1.9648779777127299,18.158900457120165,331.036756
2.0344514845723425,18.260542134678737,328.74016800000004
1.9866661353310167,18.21679416846573,330.052504
2.024011652563196,18.165708127880578,326.44358
1.9492183091876374,18.045952912331703,325.131244
1.8846411454798238,17.799157113600437,323.16274
1.895150354398739,17.687771860118435,321.850404
1.9988386514978944,17.464134889663132,319.8819
2.0224632254897483,17.433109699352414,317.257228
2.0340608722155724,17.579796894131093,316.27297599999997
2.1269499580047704,17.851361110727133,315.288724
2.1365410003004905,18.600828181105015,313.648304
2.3411328235008386,18.99296947779666,312.99213599999996
2.3244874212549678,19.424568510485646,312.33596800000004
-0.456023577,20.144249042149617,312.007884
1.9326128909990878,20.48156270159815,312.33596800000004
1.9209084229946574,20.546854066707144,312.664052
2.2079331819882735,20.595043572664437,312.664052
2.005717609710217,20.660153468056528,312.664052
2.2122237539693836,20.727490747515553,312.33596800000004
1.8697505260255904,20.789218686560126,312.33596800000004
2.341986205716422,20.748624575079322,312.007884
2.1411157558933556,20.76625719041758,311.6798
2.2566104109653993,20.7540242804095,311.6798
1.0099686708922717,20.850521490836847,311.351716
0.9283946842740449,20.870996062605638,311.02363199999996
0.9879166397221485,20.89128774011041,311.02363199999996
0.9259424645522005,20.934881389540987,311.02363199999996
1.131188209156431,20.966029440147548,310.695548
0.9986698049830236,20.99105434463735,311.02363199999996
0.9428847681560067,21.010219016197087,311.02363199999996
0.9353204084987669,21.003791895189266,311.02363199999996
0.8997716817763215,21.001108614277154,311.02363199999996
0.9409927417722405,20.98912118558518,311.02363199999996
0.948636692266287,20.984507649160804,311.02363199999996
0.8591046744527959,20.978020430442726,310.695548
1.0471303241371577,20.96113218629802,310.695548
1.1211770580723153,20.94182712026154,310.695548
0.9711736159025378,20.931288210063904,310.695548
0.9689150315905086,20.92948796433154,311.02363199999996
0.9762849473423149,20.924284547994183,311.02363199999996
0.8959532483095266,20.91536669467999,311.02363199999996
0.9196999366965506,20.903433037770135,311.02363199999996
0.9408863630173279,20.87224294800969,311.02363199999996
0.9307515053689129,20.868723579549233,311.02363199999996
0.9414565615271854,20.859244732061626,311.02363199999996
2.234482981196158,20.751501587524768,311.02363199999996
0.8461816792532602,20.820969157015043,311.02363199999996
0.9333093625213161,20.796851087953613,311.02363199999996
2.1911029636198447,20.679949746094692,311.02363199999996
2.145844167440223,20.66285912990097,311.02363199999996
2.217257118232784,20.655318092072925,311.02363199999996
1.8892308506697781,20.647937383022402,311.351716
2.000389271289187,20.620719973269004,311.351716
1.899489598655068,20.61566341654255,311.351716
2.0396685753030517,20.602596329627293,311.351716
2.0042189420092855,20.599877976287228,311.351716
1.9561044657821693,20.595933907472805,311.351716
1.8577959037051235,20.592845776284143,311.351716
2.013973892009572,20.561774866359023,311.351716
1.894050653353983,20.531160200005836,311.351716
1.9369104896103082,20.5293690808621,311.351716
1.9008155303556753,20.54585610758732,311.351716
1.8640602465378553,20.5903360588565,311.6798
1.7859640233022136,20.51258871680832,307.414708
1.993236837794714,20.500869791204238,308.39896
2.1848227732350924,20.47407914719862,302.493448
2.114135689195566,20.488062462408585,300.19686
2.185095321529662,20.475303860975455,299.212608
0.954757144394298,20.571327598401467,297.572188
1.008523421098503,20.582229362151452,296.91602
1.0335713701031843,20.59829854179376,296.259852
1.0329871637759287,20.659395076744595,294.61943199999996
1.0675059038124544,20.683429120331418,293.96326400000004
0.9176096746498393,20.718896858431286,292.322844
0.9832507678831972,20.71673949048507,291.338592
1.0297878721272273,20.692896602424728,290.35434
1.0185683028348362,20.657253190589937,289.698172
1.121238071221672,20.571599791708667,287.729668
1.0657490804133218,20.558320028908366,286.74541600000003
1.1631513896386634,20.59450956563329,285.761164
1.3108203261478277,21.789775082364446,281.496072
1.234424040813539,22.390670821798366,280.51182
1.296990954035349,22.97128892719862,279.52756800000003
1.63766248627959,24.01953249911784,277.887148
2.2861055220574786,23.966509997018,277.887148
2.5764764137470126,24.611670268655832,275.918644
2.6529738643567717,24.7726859896397,274.606308
2.454193496082614,24.924874676448184,272.637804
3.006496136998303,24.86892681758131,271.325468
2.20130622020499,24.78982481868118,269.356964
2.1838982983650617,24.658236602726834,268.044628
2.5664990584267167,24.450018517879737,266.07612400000005
2.5787472956094226,24.38004266214912,264.10762
2.73526213398777,24.36667689186898,262.139116
2.7923073946914427,24.36654614409006,261.15486400000003
2.376889036611041,24.45378532950672,259.18636000000004
2.8806576879766297,24.436504431332242,258.202108
2.9172494237564246,24.439531314920387,257.217856
2.9693045112220404,24.454776737611095,256.233604
3.399447198299008,24.393136403602448,254.2651
3.4233327639679305,24.340066658488105,251.968512
3.621519902992279,24.260152355001715,250.98426
3.459002702784277,24.237294790768342,250.000008
3.25456415231179,24.223585012661093,249.015756
3.4552406978751105,24.185104347911665,247.04725200000001
3.182425960160933,24.222512784757118,247.04725200000001
3.4777248052764396,24.28360205715486,245.078748
3.45636979447416,24.386958391486388,244.094496
3.561340014089598,24.567359856267082,242.125992
3.7374311122050767,24.611707675129267,241.46982400000002
3.8532453506748467,24.654478804727695,240.48557200000002
3.9753129631344435,24.602821470914588,237.53281600000003
3.750246845716052,24.5694349669985,236.548564
3.6880248982637793,24.41893355112082,234.25197599999998
3.5269029571860138,24.28801225860625,232.28347200000002
3.6525550156089466,24.197402426755506,231.29922000000002
3.5594211244670713,24.160938021659902,230.31496800000002
3.636011437558169,24.144321558792452,228.01837999999998
3.745532205358574,24.151578402713806,227.03412799999998
3.6958542359377806,24.22023198642787,225.393708
3.5062289438164194,24.264884143466876,224.73754
3.3849814542320984,24.273648074855863,224.409456
3.482085923423297,24.247777653236604,224.409456
3.456502774505586,24.238015975362444,224.409456
3.441516286327584,24.20465774554407,224.73754
3.4167942011550028,24.19762342135316,225.065624
3.45316351986391,24.178772772742096,225.065624
3.455521373197556,24.16597455068212,225.065624
3.4499387242924597,24.16322606703665,224.73754
3.4422991589165775,24.18718170129136,224.08137200000002
3.384772694497436,24.215606274024665,224.08137200000002
3.374811725202534,24.23624223213159,223.753288
3.3851218770152407,24.26862647065067,223.753288
3.344863986974229,24.309644049373837,223.425204
3.4846184296400184,24.43576481047217,223.425204
3.4673373170124124,24.53209643572894,223.425204
3.4225743206660613,24.575581490909286,223.425204
3.441514787803577,24.605700034159838,223.425204
3.5069159239117216,24.640009403395563,223.425204
3.465206402987271,24.663303453762616,223.425204
3.4496723941593594,24.676247464861856,223.425204
3.458398172851914,24.690331594670003,223.425204
3.40559365155201,24.725489945851866,223.09712000000002
3.4477087778139794,24.74005805461656,223.09712000000002
3.4626488874543315,24.761094742016372,223.09712000000002
3.4262169762901253,24.817796571941493,223.09712000000002
3.459029848931375,24.83673035538105,223.09712000000002
3.4519312759459795,24.87051003807999,223.425204
3.4766215579540796,24.878267672532246,223.425204
3.46146144914397,24.90933191390731,223.425204
3.4725492207205844,24.91335372116779,223.425204
3.4967885098764437,24.903436466625028,223.425204
3.4558319602612086,24.893022164523924,223.425204
3.4591359060811353,24.88577289711714,223.425204
3.4263617422743073,24.871892906898836,223.425204
3.4686375664570632,24.854405052687426,223.425204
3.435779955457429,24.845919012997143,223.425204
3.45104051226411,24.83495997332589,223.425204
3.4407225597895126,24.81204686494582,223.425204
3.44320610501976,24.800838010985135,223.425204
3.49724208475996,24.771606662464144,223.425204
3.5053090067636625,24.76433639225446,223.425204
3.496664281001794,24.75840156858152,223.425204
3.5006376523615916,24.74647481298739,223.425204
3.463815312421527,24.749204285056614,223.425204
3.4103701522777,24.75394289122471,223.425204
3.5105879763461214,24.736250740282845,223.425204
3.5049906273307743,24.728197108738904,223.753288
3.459528322576751,24.72469311136887,223.753288
3.4590782363224357,24.721476417220433,223.753288
3.488098894308641,24.715940544785596,223.753288
3.5681602481689882,24.703548059671075,223.753288
3.4466371011664476,24.72867973353299,223.753288
3.4819648549594984,24.73744673442376,223.425204
3.5299852545281967,24.719670292521947,223.753288
3.5005757959890316,24.724846200642965,223.753288
3.47373611742702,24.724622546602603,223.753288
3.492279329292163,24.701301188986317,223.753288
3.4721226385502306,24.67541777481993,223.753288
3.5664464540924423,24.647938955238928,223.753288
3.4742268483114205,24.65153138947032,223.753288
3.5372864709560856,24.64643981809899,223.753288
3.5578231459408824,24.662146128443364,223.753288
3.4827099312643592,24.669883399073193,224.08137200000002
3.553998057366917,24.659316610025204,224.08137200000002
3.501955608252085,24.677232499078062,223.753288
3.553666911944039,24.668877578708166,224.08137200000002
3.499111050050483,24.6776691423708,224.08137200000002
3.495411126933871,24.674482259789762,224.08137200000002
3.5403242842684497,24.69084821391767,224.08137200000002
3.5393764490188877,24.724856567666194,224.08137200000002
3.551162992098089,24.7311875397948,224.08137200000002
3.5229500453150044,24.747848311240386,224.08137200000002
3.553652381146776,24.753898929364503,224.08137200000002
3.581168884699359,24.757391809692805,224.08137200000002
3.548463211282004,24.761968070043892,224.08137200000002
3.4829667211350803,24.74760970298621,224.08137200000002
3.5610479290004315,24.728440263712177,224.08137200000002
3.5132328076975146,24.721095761730485,224.08137200000002
3.5480485514352793,24.722619255461375,224.08137200000002
3.6062378926090206,24.687706531726054,224.08137200000002
3.497923106504706,24.695234013366765,224.08137200000002
3.5178505065439807,24.693397409386396,224.08137200000002
3.5480252206766,24.69086972963233,224.08137200000002
3.5398679775402453,24.692438257884675,224.08137200000002
3.5674289834670643,24.6901952040228,224.08137200000002
3.6083962175600637,24.68082605794489,224.08137200000002
3.5438772720569247,24.674495272630477,224.08137200000002
3.5476975322754125,24.6665878906354,224.409456
3.571718915353555,24.663121050196782,224.409456
3.621342829852814,24.649649347364374,224.409456
3.544580150710782,24.664516995818754,224.409456
3.5740901539877634,24.662976436783776,224.08137200000002
3.5929369062636014,24.673300782794115,224.08137200000002
3.5688351118370414,24.67567139125417,224.08137200000002
3.5024094038115954,24.67199868353955,224.08137200000002
3.5804161727203594,24.657119150853923,224.08137200000002
3.5361782682674603,24.654785468634955,224.08137200000002
3.5195608522466166,24.65444558934549,224.08137200000002
3.5350904611473437,24.640059751703415,224.08137200000002
3.5427489640086476,24.63514799876739,224.08137200000002
3.549116970751004,24.634330830110137,224.08137200000002
3.5157333755685385,24.635405621567664,224.08137200000002
3.4820202465102823,24.639000473654733,224.08137200000002
3.511540406307498,24.629939000071467,224.08137200000002
3.5522844734707975,24.60898004555429,224.08137200000002
3.5746863899041754,24.586573461195453,224.08137200000002
3.5851630357123825,24.571984659622018,224.08137200000002
3.4892254969053145,24.56653837591269,224.08137200000002
3.60869738210692,24.53869461502521,224.08137200000002
3.6049984776491777,24.52972117264516,224.08137200000002
3.5521711308636688,24.529901665092883,224.08137200000002
3.4807051689609576,24.554459400666307,224.08137200000002
3.612057417641414,24.560385377501525,224.08137200000002
3.5881417174214842,24.581894610957374,224.08137200000002
3.545458138284949,24.62136701074559,224.08137200000002
3.65829059494074,24.62074300891655,224.08137200000002
3.656166708379783,24.631141578590594,224.08137200000002
3.5400155803572213,24.658908212136392,224.08137200000002
3.521583604562746,24.67520136493696,224.08137200000002
3.6695887178557847,24.66228242578226,224.08137200000002
3.557635790985447,24.67506765339726,224.08137200000002
3.614759225388304,24.65774488803636,224.08137200000002
3.741369550106586,24.626407607587215,224.08137200000002
3.5770852299581812,24.641822222056952,224.08137200000002
3.561124118359054,24.62530503943218,224.08137200000002
3.6940718866249593,24.596058194353166,224.08137200000002
3.5961845453441876,24.607211947829228,224.08137200000002
3.5277462088790386,24.612045621105874,224.08137200000002
3.6615397869656476,24.595017936210226,224.08137200000002
3.6541901041206497,24.60174961850046,224.08137200000002
3.550954049464299,24.628132674285272,224.08137200000002
3.5689023278675305,24.614233559176714,224.08137200000002
3.6526428987895314,24.639027466639916,224.08137200000002
3.6003369121810245,24.646724909543266,224.08137200000002
3.639413410805983,24.647120447862413,224.08137200000002
3.5331228068808205,24.700297922511005,224.08137200000002
3.5539397162957664,24.717132675055602,224.08137200000002
3.587400420116784,24.735902620806915,224.08137200000002
3.7090849300711053,24.73138521300567,224.08137200000002
3.6528222351398023,24.749541153356503,224.08137200000002
3.675472581246704,24.7329201634289,224.08137200000002
3.7595187913323707,24.714875047813848,224.08137200000002
3.6914886239916136,24.723701345320418,224.08137200000002
3.623308647465101,24.727750336545505,224.08137200000002
3.625238829887712,24.70296258984465,224.08137200000002
3.6551822263700644,24.667108218766266,224.08137200000002
3.8370204967725012,24.609029290132373,224.08137200000002
3.715289732934203,24.62770129540309,224.08137200000002
3.7318959728874286,24.611751171230885,224.409456
3.784475844529035,24.588883047270727,224.409456
3.6240331858998642,24.60703910891951,224.409456
3.701266455692458,24.58555402260259,224.409456
3.715920711516954,24.578830775629772,224.409456
3.7214652292340045,24.572151782686255,224.409456
3.7441136132478268,24.58616731290433,224.409456
3.6358194472189487,24.64012274129893,224.409456
3.714613608991045,24.636230840031587,224.409456
3.8167416011720663,24.625595535111742,224.409456
3.7151623463934094,24.63817203213255,224.409456
3.7116507419852245,24.624500770167366,224.409456
3.713235448302278,24.62426185525008,224.409456
3.725528141834897,24.616996378432376,224.409456
3.797677685150937,24.590532432566153,224.409456
3.8468390465183258,24.57644748297574,224.409456
3.7419437500890798,24.58590030278553,224.409456
3.7937373291715266,24.582111156112248,224.409456
3.702547716812134,24.608220760106388,224.409456
3.773491929583778,24.616693197103718,224.409456
3.7707389981008936,24.62544596065167,224.409456
3.740031716269101,24.66878762242044,224.409456
3.8797846847563533,24.6755241593984,224.409456
3.771122673514717,24.711248589240725,224.08137200000002
3.806551380866979,24.737882310082085,223.753288
3.920734538311461,24.731635577257066,223.425204
3.782476500591586,24.76653313622738,221.78478399999997
3.914969258904905,24.769418935036914,219.488196
3.8363035485407186,24.798921629790442,218.17586
3.8508323962551185,24.852214627565647,215.87927200000001
3.9023914619173623,24.875753665827016,214.566936
3.87456021161296,24.9006899368422,212.92651600000002
4.047262335924574,24.843054276372964,210.95801200000002
4.219111183316219,24.791916638799222,210.301844
4.231342268543265,24.755949390738923,209.645676
4.55771713284154,24.619205994688016,208.005256
4.39659932352555,24.608129778932117,207.021004
4.550493033085845,24.37991478997821,204.396332
4.611537729815462,24.210018274201836,202.427828
4.295394497173515,24.137618201113117,200.459324
4.914781520897173,23.98767823773527,198.49081999999999
4.808294512975574,23.99991468323204,197.506568
4.702203059598926,24.034298330710378,196.522316
4.776715037711366,24.053986959362174,194.225728
4.689402682890072,24.099872721734872,193.241476
4.599846675291255,24.181184020272184,192.257224
4.442001580647884,24.267513326341785,191.601056
4.452686295433702,24.3775568131316,189.632552
4.4589027328734465,24.426414653055684,188.6483
4.604403289461555,24.43923620192536,187.992132
4.768961526550245,24.45475815888404,186.023628
4.702060760014403,24.47074983811041,185.039376
4.608132061180766,24.4860408819193,183.070872
4.520051670151714,24.49918370740811,181.10236799999998
4.687367715678196,24.470161242360046,180.118116
4.8677284415396915,24.433450349193553,179.133864
4.902260615309904,24.445685661486223,177.16536000000002
4.943699765385976,24.4542092079909,175.853024
4.775284859281221,24.488923619789656,174.868772
4.6871744854172,24.49351445362556,173.88452
4.66564234328054,24.497625119004862,173.88452
4.657171126887911,24.4389213409217,171.91601599999998
4.770028851894421,24.363288820427886,170.931764
4.890907459590511,24.208418250198314,168.96326000000002
4.864199825338325,24.143286438714014,167.97900800000002
4.88177305890622,23.950891327879223,165.026252
5.108988786103425,23.91073467472636,163.71391599999998
5.09379605803254,24.076172945576282,163.385832
5.0858286671599595,24.197387266680284,163.71391599999998
4.9957039017096525,24.392535709581306,164.37008400000002
5.084682175482356,24.373506548756524,164.042
5.070417753658685,24.275300641656983,164.042
5.0829664638189715,24.17301243939741,163.71391599999998
5.080234734366771,24.12068167296994,163.385832
4.982801712681994,23.96033773204303,162.073496
4.791118075811029,23.909633430045144,161.417328
4.813623004949067,23.8340583314871,160.10499199999998
4.817578270893195,23.739630872471732,157.48032
4.836855262198469,23.72204967432504,156.16798400000002
4.834585750587158,23.766640990785593,153.54331200000001
4.878779962741346,23.908575592083007,151.246724
4.879172118458573,23.967459084303893,150.262472
4.889128503481238,24.060584544465172,148.622052
4.9085356745436695,24.095707861652453,147.96588400000002
5.0044561209869265,24.09537067682528,147.30971599999998
5.0462686322998405,24.09693938482358,146.32546399999998
5.102838515618422,24.085392336686457,145.013128
5.162758304625579,24.072619542056763,145.013128
5.164599294641528,24.080814648354437,144.028876
5.172098309759202,24.08699021887753,142.38845600000002
5.144077892884895,24.076517633716776,140.419952
5.071850154576541,24.072557603740577,139.4357
5.045942722924295,24.0464572553138,138.451448
5.084145962042648,23.99991038693663,137.467196
5.130458996805039,23.898083704772482,135.498692
5.170920432576001,23.80993335544552,133.53018799999998
5.288496579665684,23.76157546326323,132.545936
5.17745952316488,23.815730909839843,130.57743200000002
5.2848474141741235,23.874867583720903,129.59318000000002
5.480536500405632,23.932331098164802,128.608928
5.415433266580694,24.09378162751076,127.62467600000001
5.24277704135122,24.4078792404512,125.656172
5.387331734030623,24.376380718008054,125.656172
5.467431587095108,24.581994662377543,123.68766799999999
5.663661981998463,24.43044072968834,124.67192
5.5937045419274,24.62355380652823,122.70341599999999
5.82076228549091,24.816632001779663,118.438324
5.924101366,24.988175562023947,117.454072
5.562879836943576,25.350294183851755,116.46982
5.546159795851448,26.2224584897759,114.17323200000001
5.444125472873047,27.493503614860842,112.204728
5.359292750612213,28.203860358697398,111.220476
5.280310446613065,28.82608084264875,110.23622399999999
5.201895691273377,29.782391043940383,108.26772
4.609265432433039,30.111802278691638,107.283468
4.021723961695823,30.3307914921683,106.29921599999999
3.966533993641993,30.21850877466226,104.330712
3.129709271518369,29.965812444384706,102.362208
2.983896226405488,29.764224076522453,101.37795600000001
3.0246611198725963,29.637298662059017,100.393704
3.055815598105221,29.525654486057917,99.08136800000001
2.7884964413869406,29.515256317036343,97.112864
3.286383795556111,29.578390113873265,95.14435999999999
3.066257305077413,29.661290806432195,94.160108
0.5416573325366884,30.617388559682148,63.648295999999995
-0.845078311,30.10651549373923,63.648295999999995
-0.121351208,29.19256366733951,63.648295999999995
0.5976454478806108,28.778211861036436,63.648295999999995
0.533069404075021,28.779480450670224,63.648295999999995
0.3596953929388392,28.557512642946737,63.648295999999995
-2.920775388,32.17412914289123,63.648295999999995
-3.287874169,33.21298660644646,63.648295999999995
-5.414254348,34.07815722043537,63.648295999999995
-6.856219894,35.773780876227605,63.976380000000006
-8.09966107,36.28277314092998,63.976380000000006
-9.588400336,36.90872279828023,63.976380000000006
-10.01600457,37.04654203643927,63.976380000000006
-10.66666297,36.75516099783412,63.976380000000006
-11.19897734,36.443087474166035,63.976380000000006
-11.39078219,36.059959429610046,63.976380000000006
-10.89862183,35.5554678035177,63.976380000000006
-10.73717644,35.23944487505395,63.976380000000006
-10.551313,34.32156606275423,63.976380000000006
-9.490741506,34.14347949414841,63.976380000000006
-9.145598464,33.142190151885615,63.976380000000006
-8.773665394,33.07052252919947,63.976380000000006
-8.337242167,33.02760363890725,63.976380000000006
-8.279868307,33.04473950785817,64.304464
-7.523898113,33.40093038875595,64.304464
-7.675640864,33.546807867647686,63.976380000000006
-7.603791143,33.66138771735134,63.976380000000006
-7.455682028,33.694502048649554,63.976380000000006
-7.486372784,33.95013307493724,63.976380000000006
-7.767523118,34.08513766713135,64.304464
-7.733531799,34.170238051807516,64.304464
-7.471070688,34.27324259173391,64.304464
-7.685183056,34.276640088269694,64.304464
-7.553950952,34.29538575429526,64.304464
-7.46284609,34.30693196380387,64.304464
-7.598540019,34.17160603256284,64.304464
-7.482434092,34.17169227352232,64.304464
-7.464245519,34.08700868412523,64.304464
-7.512824041,34.0235867641512,64.304464
-7.290970221,33.99867234207808,64.304464
-7.175313722,33.989738340648664,64.304464
-7.20427509,33.98361163706763,64.304464
-7.106507017,33.9187174627001,64.304464
-7.222885222,33.85454161596243,64.304464
-7.153395719,33.84481384632818,64.304464
-7.189747323,33.813966701167956,64.304464
-7.107983379,33.78833583643331,64.304464
-7.152150919,33.760904737346145,64.304464
-7.181737785,33.730136691928536,64.304464
-7.084555546,33.745318469937715,64.304464
-7.197348222,33.718422350821314,64.304464
-7.166992739,33.71683767951475,64.304464
-7.149706862,33.71078139233582,64.304464
-7.156342129,33.69528669697011,64.304464
-7.015635528,33.698389829322714,64.304464
-6.949547528,33.69265182944042,64.304464
-6.898630447,33.68168103406747,64.304464
-6.993593048,33.638969850185646,64.304464
-7.016746012,33.598621583343295,64.304464
-6.836202801,33.595644671877956,64.304464
-6.799887493,33.585272763826424,64.304464
-6.749836481,33.57763147714756,64.304464
-6.741600375,33.552849825515175,64.304464
-6.707393826,33.53059632749752,64.304464
-6.714861917,33.430723965959814,64.632548
-6.758384011,33.50295217735574,64.304464
-6.706517487,33.47288700059724,64.632548
-6.49690392,33.3741656610225,64.632548
-5.860812696,32.862709899995856,64.632548
-4.930580306,32.52372857233703,64.632548
-4.638790831,31.276505135849195,64.632548
-3.22823097,30.685215998955492,64.632548
-2.621956214,29.9250212736277,64.632548
-1.986408406,28.658439396234893,64.632548
-1.832783421,28.164972091188737,64.632548
-1.137405691,27.575438049414114,64.632548
-0.50021661,27.510020449170053,64.632548
-0.040497132,27.442523489059912,64.632548
0.3102222819235302,27.57187776742128,64.632548
0.04725935785618832,27.72886481706965,64.304464
0.16677772213202513,27.958525774610127,64.304464
0.2444297953296615,28.044834684329754,64.304464
0.4133057636229478,28.14604787512777,64.304464
0.4669460644304845,28.199941003763207,64.304464
0.25853828498849135,28.227524287808404,64.304464
0.721978312297742,28.225512794838586,64.304464
0.5339086117041414,28.06375461489827,64.632548
0.7894788739605288,27.901924608266206,64.632548
0.795290036037217,27.841433203366233,64.632548
0.9681284352247419,27.742168586814305,64.632548
0.7248065248035342,27.614309238862404,64.632548
0.8188932694998126,27.567827964040216,64.96063199999999
0.9125631876899786,27.49549118387198,64.96063199999999
0.953906997509576,27.479216734558648,64.96063199999999
0.6989413036242504,27.488688678147707,64.96063199999999
0.9133355900979516,27.49293789382268,64.96063199999999
0.9844185831872422,27.507227470643,64.96063199999999
0.9265289174003354,27.553915724377003,64.96063199999999
0.9150626123714468,27.576555255142335,64.632548
1.0477625655894292,27.571832237459805,64.632548
1.001224988903383,27.623889747813653,64.632548
1.1199716877944017,27.644974580284607,64.632548
1.1391843383564926,27.690652762155903,64.632548
1.0857934809071215,27.71121733206921,64.632548
0.9952349408835179,27.73697436889466,64.632548
1.0247380783546056,27.734521160083165,64.632548
1.1551328785925914,27.732712841201693,64.632548
1.0748696556831079,27.72162445512384,64.96063199999999
1.1032333546493274,27.720083309503213,64.96063199999999
0.9930199643173329,27.70734311372931,64.96063199999999
0.9876874366652186,27.681631428828982,64.96063199999999
1.1206115171784297,27.670231849284107,64.96063199999999
1.154770858405388,27.636679901868895,64.96063199999999
0.9796208624648514,27.616424250383492,64.96063199999999
1.0750016500407626,27.596820454883467,64.96063199999999
1.0030388321806252,27.57116452900073,64.96063199999999
1.1562552385410871,27.526153439865304,64.96063199999999
1.100175014498956,27.516303100704818,64.96063199999999
1.1266749468151114,27.469851513214277,64.96063199999999
1.0711128675990274,27.448171435453723,64.96063199999999
1.0740082938009947,27.43469505078731,64.96063199999999
1.0247600140061837,27.411298644423354,64.96063199999999
1.1389204737558425,27.359409258072265,64.632548
1.1103109005701568,27.3643941487389,64.632548
1.073091515273074,27.355602049099826,64.632548
1.0035159255383708,27.375741341223588,64.96063199999999
0.9906187080385157,27.38885057706708,64.632548
1.1186997118768576,27.39107632716126,64.632548
0.9354519029533871,27.40149203369299,64.632548
0.9715467445558127,27.404864886633042,64.632548
1.0102643218332665,27.409604236988358,64.632548
1.3079510778075087,27.39609297848747,64.632548
0.8894262382756947,27.422326075658876,64.632548
0.9444693577060821,27.415265857866295,64.632548
0.9798946093652917,27.386117557097144,64.632548
0.9405441974116693,27.364616285041762,64.632548
1.1224867940301813,27.3285001558204,64.632548
0.9409755193268741,27.313849642243326,64.632548
0.9394100908038272,27.282126197436785,64.632548
0.8387081728024618,27.23137944770226,64.632548
0.9689794010175347,27.202203540633757,64.632548
0.9872898013150655,27.125346557410445,64.632548
1.1137772564708446,27.082193347402523,64.632548
1.0756133965580765,27.05671331678159,64.632548
1.0433771738083746,26.99382022605199,64.632548
1.0818878841164916,26.963146901823826,64.632548
1.3226468312772706,26.901659412412364,64.96063199999999
1.1720220138927562,26.860401128022687,64.96063199999999
1.0558094046731255,26.86522009700154,64.96063199999999
1.1590102025606674,26.86937248803097,64.96063199999999
1.0746225303330255,26.87721396486772,64.96063199999999
1.069318762871492,26.898373805915448,64.632548
1.0731973913858721,26.944286084981613,64.632548
1.0542700782820937,26.971070254109225,64.632548
1.0916699016274223,27.006423496906443,64.632548
1.0421337986573886,27.070828272583842,64.632548
0.986132105709271,27.072926138268063,64.632548
0.9786816245235312,27.10294029976985,64.632548
1.1234066561383635,27.15167177373176,64.96063199999999
1.1632533123904207,27.118009086825964,64.96063199999999
1.096468602802706,27.10191125036885,64.96063199999999
1.0950443914588581,27.062074059727717,64.96063199999999
1.2087838276021972,27.02701836643926,64.96063199999999
1.1518686900659587,26.91128594531731,64.96063199999999
1.127627913687173,26.85350105234398,64.96063199999999
0.994725730330599,26.836690101692348,64.96063199999999
1.0300184631208147,26.79710873076277,64.96063199999999
1.1184653888351472,26.754486796621382,64.96063199999999
1.0529146146909132,26.753830482593628,64.96063199999999
1.1525906850297487,26.752775680122983,64.96063199999999
1.1126920950284984,26.776137070268092,64.96063199999999
1.1043936491099937,26.87439815413346,64.96063199999999
1.1558468141434448,27.120558777846544,64.96063199999999
1.0394849178571157,27.25462748153333,64.96063199999999
0.8756210387763501,27.543861961731835,65.28871600000001
0.3997151678456224,27.918661959211665,65.28871600000001
0.028231402701355796,28.396181096213223,65.28871600000001
-0.168109779,28.529754976169656,65.28871600000001
-0.85452605,28.657112280414864,65.28871600000001
-0.28845977,28.823524723801814,65.28871600000001
-1.208174005,28.9603747779048,65.28871600000001
-0.978360349,29.14336038800343,65.28871600000001
-1.222801547,29.33292349011286,65.28871600000001
-1.679772097,29.86257151245263,65.28871600000001
-1.921760681,30.22745726665648,65.28871600000001
-2.575066835,31.19550820824235,65.28871600000001
-2.996284776,31.81377486510577,65.28871600000001
-3.806619217,33.2760898447746,65.28871600000001
-4.767904448,33.99801052712918,64.96063199999999
-5.976351924,35.54671356450782,64.96063199999999
-7.878381432,36.06553790489243,64.96063199999999
-10.60621232,37.17881496969383,64.96063199999999
-12.65653258,38.36553098680579,64.96063199999999
-13.64938777,38.96558430212026,64.96063199999999
-15.96529604,38.97953231582074,64.96063199999999
-17.81523858,39.93800104451268,64.96063199999999
-19.322986,40.08872587040237,64.96063199999999
-20.36260929,41.078856545097146,64.96063199999999
-23.37583901,40.84759970901315,65.28871600000001
-24.51639753,40.824619329574574,65.28871600000001
-26.01086234,41.92877669060173,65.28871600000001
-27.95157959,41.916716450747856,65.28871600000001
-29.08861566,41.72709223147613,65.28871600000001
-30.50424529,41.921882163202575,65.28871600000001
-31.40909518,42.45676734959359,64.96063199999999
-32.32529724,42.33244204812379,64.96063199999999
-34.14585941,41.92727558168072,64.96063199999999
-34.62326768,42.036255747727765,64.96063199999999
-36.54505993,42.03265545324588,64.96063199999999
-37.90694634,42.07989616479717,64.96063199999999
-38.68746364,42.08869432109977,64.96063199999999
-39.83198313,42.54985676412645,64.96063199999999
-40.83413514,42.38812859778719,64.96063199999999
-41.60773148,42.48790210537734,64.96063199999999
-42.97600311,42.8668791088395,64.96063199999999
-43.83638954,42.86223784,64.96063199999999
-44.66190689,43.622424273870735,64.96063199999999
-45.87442068,43.06533085271761,64.96063199999999
-46.90421743,43.269137144420625,64.96063199999999
-47.90270679,42.76791284340393,64.96063199999999
-48.78766467,43.039540089794244,64.632548
-49.35895004,42.74537797078143,64.632548
-50.32239021,42.17861969671003,64.632548
-50.70864106,41.932086824151774,64.632548
-51.00536686,41.79410937454457,64.632548
-51.28492278,41.75472902268581,64.632548
-51.61779729,41.53537592887544,64.632548
-51.52437853,41.73100604575051,64.632548
-51.46724589,41.870106312037215,64.632548
-51.54271554,41.833416305991996,64.96063199999999
-51.6184314,41.75247593537495,64.96063199999999
-51.83993199,41.47503954716583,64.632548
-51.64853318,41.68024060224445,64.632548
-51.54487063,41.80472353353091,64.632548
-51.6839203,41.65779051941298,64.632548
-51.49302095,41.91588135545838,64.632548
-51.54550842,41.954820974133526,64.632548
-51.81021409,41.695554611781894,64.632548
-51.95340561,41.62569971671728,64.632548
-51.79114793,41.86238694612562,64.632548
-51.96620403,41.691033188575275,64.632548
-51.97296221,41.70410461670702,64.632548
-51.93453158,41.77498855863253,64.96063199999999
-51.85547073,41.86420838810364,64.96063199999999
-51.89944911,41.79136912759155,64.96063199999999
-51.76838,41.80547250844275,64.96063199999999
-51.66730828,41.8881373345369,64.96063199999999
-51.6169842,41.89393027267219,64.96063199999999
-51.58328979,41.82037353089079,64.96063199999999
-51.50016979,41.868101187579995,64.96063199999999
-51.4352075,41.82942484383401,64.96063199999999
-51.45640685,41.72629413018955,64.96063199999999
-51.48214772,41.55677201973782,64.96063199999999
-51.14876716,41.77737386459962,64.96063199999999
-51.330498,41.50015660835533,64.96063199999999
-51.13588008,41.72104603413847,64.96063199999999
-51.06395945,41.80023696530489,64.96063199999999
-51.01257944,41.86085642016442,64.96063199999999
-50.89201165,42.015598813126545,64.96063199999999
-50.87543921,42.03617943385637,64.96063199999999
-50.85715253,42.052123633899846,64.96063199999999
-50.81218435,42.11107583210907,64.96063199999999
-50.96511408,41.93670644688469,64.96063199999999
-51.02459451,41.85655699387388,64.96063199999999
-50.87950793,42.025587922797264,64.96063199999999
-50.85404165,42.0342604325617,64.96063199999999
-51.22658278,41.58256336458228,64.96063199999999
-51.03880286,41.8143856074813,64.96063199999999
-51.17694179,41.64520224092226,64.96063199999999
-51.2464621,41.6070069175419,64.96063199999999
-51.20874542,41.657578087953894,64.96063199999999
-51.25803296,41.59639600034259,64.96063199999999
-51.33985822,41.523540306990384,64.96063199999999
-51.40318933,41.466020029420044,64.96063199999999
-51.29760281,41.62885839704269,64.96063199999999
-51.35533702,41.5706513511466,64.96063199999999
-51.34485431,41.596107909726285,64.96063199999999
-51.29092151,41.60741209750352,64.96063199999999
-51.37061412,41.50062671837437,64.96063199999999
-51.21673292,41.66959477376014,64.96063199999999
-51.28165171,41.57092148885502,64.96063199999999
-51.23252525,41.62624790508118,64.96063199999999
-51.00740675,41.91678459194145,64.96063199999999
-51.32112451,41.60350383713282,64.632548
-51.40707105,41.66732599338807,64.632548
-51.70348425,41.6549504870998,64.632548
-52.48419259,41.92541683758553,64.96063199999999
-53.26418341,41.794884148097566,64.96063199999999
-54.62063797,42.387100810415966,64.96063199999999
-55.85439036,42.1836538789419,64.96063199999999
-57.6442973,42.51483194095698,64.96063199999999
-58.72953517,42.209853432230794,64.96063199999999
-59.36352853,42.31448639653549,64.96063199999999
-59.93303742,42.341335165742656,64.96063199999999
-60.63479709,42.2459349072479,64.96063199999999
-61.07293181,42.06689766250498,64.96063199999999
-61.7617045,41.815169544505345,64.96063199999999
-62.03817196,41.834375106322256,64.96063199999999
-62.57998972,41.53130478592385,64.96063199999999
-62.89894385,41.48386002379133,64.96063199999999
-63.47780536,41.42750822907591,64.96063199999999
-63.73011439,41.3724615706599,64.96063199999999
-64.03536623,41.38338022881569,64.96063199999999
-64.16289318,41.45503012201483,64.96063199999999
-64.47368135,41.64809065913848,64.632548
-65.12419624,41.320190066592176,64.632548
-65.47792576,41.185344315794225,64.632548
-66.30472665,41.50283375787505,64.632548
-67.00854577,41.69871644354978,64.632548
-68.7725565,42.36719150971824,64.632548
-69.98751402,42.57999698514108,64.632548
-71.39671053,43.020725100730985,64.632548
-72.98794486,43.215945963329425,64.632548
-69.61283686,43.04652433567587,64.96063199999999
-56.7985718,42.364179178281304,65.6168
-56.63532999,42.231292723871285,65.6168
-56.65004837,42.102735550080155,65.6168
-56.32660348,42.12818671254736,65.6168
-56.33844333,42.00101677472105,65.6168
-56.14520362,41.98892283052089,65.28871600000001
-56.05737876,41.9808840069079,65.28871600000001
-55.98945424,42.00586120272738,65.28871600000001
-55.91705096,41.98645926932877,65.28871600000001
-55.94181524,41.90531943227983,65.28871600000001
-55.98434288,41.84574679451669,65.28871600000001
-56.0356604,41.79730863932809,65.28871600000001
-56.06317996,41.87507379341304,65.28871600000001
-56.11123323,41.91161671331264,65.28871600000001
-56.19945242,41.88939193269006,65.28871600000001
-56.35163328,41.913539563208424,65.28871600000001
-56.44659379,41.90621302128144,65.28871600000001
-56.58165513,41.93670336642406,65.28871600000001
-56.77715087,41.77026736420475,65.28871600000001
-56.86543068,41.742662206658885,65.28871600000001
-56.94465447,41.72728535813067,65.28871600000001
-57.08628154,41.613570384729776,65.28871600000001
-57.03345225,41.82091003537889,64.96063199999999
-57.17750587,41.682805881680295,64.96063199999999
-57.25122398,41.70253058524663,64.96063199999999
-57.06478064,42.001033204235874,64.96063199999999
-57.21213726,41.84956460701846,64.96063199999999
-57.27138001,41.86192565817159,64.96063199999999
-57.34096837,41.81390342333937,64.96063199999999
-57.66167787,41.489160345983414,64.96063199999999
-57.58736791,41.710364544006666,64.96063199999999
-57.51523063,41.85217184455428,64.96063199999999
-57.6680875,41.67211433145356,64.96063199999999
-57.68366707,41.6970458618941,64.632548
-57.75210688,41.65774761741355,64.632548
-57.79545973,41.68849804963506,64.632548
-57.75301691,41.797099673616955,64.632548
-57.82463733,41.75346674848069,64.632548
-57.88917037,41.71054758298052,64.632548
-58.00203416,41.629463830195256,64.632548
-58.04517669,41.604777177785024,64.632548
-58.02850755,41.70227595059481,64.632548
-58.11615686,41.61442604597317,64.632548
-58.19519379,41.582316599161665,64.632548
-58.24832191,41.54007837984287,64.632548
-58.18568443,41.650884098802955,64.632548
-58.20975174,41.64487711923064,64.632548
-58.15205153,41.76704203727396,64.632548
-58.21432063,41.684716811627894,64.632548
-58.22786481,41.666922923480016,64.632548
-58.1297869,41.82274608529433,64.632548
-58.17853299,41.76953800854991,64.632548
-58.26123834,41.65466492336274,64.632548
-58.19032101,41.73679179313753,64.632548
-58.26266687,41.625582723570126,64.632548
-58.19388035,41.69635098665959,64.632548
-58.14982109,41.73864729358203,64.632548
-58.12489618,41.73736124073085,64.632548
-58.10669933,41.706451040634356,64.632548
-58.16168712,41.58462234838923,64.632548
-58.04580219,41.72093658074453,64.632548
-57.97914052,41.718103352219934,64.632548
-58.06210707,41.54676452892677,64.632548
-57.83304775,41.78608790108868,64.632548
-57.7853106,41.824665564273424,64.632548
-57.82567247,41.739701952766744,64.632548
-57.87867449,41.63865313377767,64.96063199999999
-57.87129016,41.58597854909823,64.96063199999999
-57.7858463,41.685000993089645,64.96063199999999
-57.77813341,41.683916194247544,64.96063199999999
-57.7347164,41.71994840446507,64.632548
-57.80399435,41.57953898780525,64.632548
-57.79924557,41.565351575333764,64.632548
-57.68664492,41.70692669827814,64.632548
-57.69475497,41.648639778650555,64.632548
-57.74179119,41.50531955354131,64.632548
-57.61827929,41.62788979024866,64.632548
-57.66958254,41.51243794914753,64.632548
-57.62467921,41.526505186799795,64.632548
-57.46555334,41.6749394449376,64.632548
-57.5608451,41.539300197575685,64.632548
-57.66087037,41.40653020512294,64.632548
-57.59586492,41.5243993088604,64.632548
-57.58236834,41.568341805763446,64.632548
-57.67234165,41.45354063213919,64.632548
-57.75537139,41.33947159131191,64.632548
-57.67913103,41.44015737327983,64.632548
-57.62758036,41.47475714990967,64.632548
-57.65515397,41.402116256392766,64.632548
-57.5769763,41.486639698860245,64.632548
-57.54927525,41.47289098657286,64.632548
-57.54780367,41.460341785112384,64.632548
-57.49109172,41.52269788736887,64.632548
-57.53227644,41.458881323011504,64.632548
-57.51178489,41.450840498001924,64.632548
-57.5122456,41.42831357919048,64.632548
-57.48627665,41.429559536224716,64.632548
-57.56572893,41.31909073060587,64.632548
-57.46107185,41.44264054921184,64.632548
-57.48213261,41.399390664531694,64.632548
-57.50817967,41.35758186679978,64.632548
-57.50445512,41.35377007083728,64.632548
-57.52138788,41.31109438596159,64.632548
-57.45650133,41.385577047730514,64.632548
-57.43648308,41.397084521248765,64.632548
-57.40131952,41.44863084642373,64.632548
-57.46728047,41.363307501880605,64.632548
-57.39254064,41.50167179295553,64.632548
-57.24257028,41.55321026802985,64.632548
-56.98566026,41.67682549542619,64.632548
-56.98906879,41.657155348644714,64.632548
-56.95271556,41.667404583868475,64.632548
-56.91403203,41.745749386820584,64.632548
-56.85734274,41.80742159913216,64.632548
-56.84977124,41.8293431969136,64.632548
-56.73569943,41.903911387701164,64.632548
-56.79679821,41.78674504530047,64.632548
-56.71037307,41.847624960293075,64.632548
-56.68996734,41.7990170309339,64.632548
-56.71295953,41.743468126222815,64.632548
-56.53755347,41.944400961564405,64.632548
-56.52909061,41.955805792290896,64.632548
-56.55642973,41.91563942061546,64.632548
-56.4149639,42.09981386777164,64.632548
-56.46741135,42.02889180877161,64.632548
-56.43149252,42.07875367545519,64.632548
-56.44749799,42.072105050730414,64.632548
-56.42697731,42.101269233040135,64.632548
-56.62163214,41.84739389890633,64.632548
-56.46030798,42.086759947062205,64.96063199999999
-56.34978941,42.24172927161391,64.96063199999999
-56.45432014,42.09534040590863,64.96063199999999
-56.4289316,42.15458955586999,64.632548
-56.39130935,42.23172864260542,64.632548
-56.46032324,42.142160827051626,64.632548
-56.42670035,42.20031844964424,64.632548
-56.4223562,42.22365131328738,64.632548
-56.47487722,42.16708856520084,64.632548
-56.48555248,42.17582288057926,64.632548
-56.51924632,42.17785296338001,64.632548
-56.52175911,42.19478091790301,64.632548
-56.51781646,42.216510781928484,64.96063199999999
-56.56602712,42.172752682094846,64.96063199999999
-56.6183174,42.13110926311817,64.96063199999999
-56.78385199,41.92210007048246,64.96063199999999
-56.60442328,42.1728423828362,64.96063199999999
-56.61208614,42.16255533680171,64.96063199999999
-56.56574516,42.19782641870341,64.96063199999999
-56.65662371,42.059219718160485,64.96063199999999
-56.6283081,42.06708337010848,64.96063199999999
-56.76082486,41.859922479544,64.96063199999999
-56.58220718,42.02515835570293,64.96063199999999
-56.51287262,42.06836905750014,64.96063199999999
-56.47125796,42.08579363000951,64.96063199999999
-56.42236792,42.0470782502679,64.96063199999999
-56.37895906,42.12445283128636,64.96063199999999
-56.43766847,41.971583511016924,64.96063199999999
-56.49443686,41.84444880106446,64.96063199999999
-56.48605952,41.822684098801034,64.96063199999999
-56.29115107,42.05177101085259,64.96063199999999
-56.3663039,41.92844849698004,64.96063199999999
-56.31378694,41.945154788777245,64.96063199999999
-56.23358369,42.02083626246009,64.96063199999999
-56.22698152,42.00774726385031,64.96063199999999
-56.20619432,42.02898246870207,64.96063199999999
-56.31071749,41.9003803304291,64.96063199999999
-56.25814548,41.992883381541866,64.96063199999999
-56.29035706,42.01225596626372,64.96063199999999
-56.43118017,42.22335886435066,64.96063199999999
-56.8987763,42.01500469613624,64.632548
-57.54897194,42.328917457002426,64.632548
-58.1110032,42.30030630031248,64.632548
-58.33507899,41.99075094972538,64.632548
-59.45387841,42.38160892743807,64.632548
-60.15806496,42.59872616502182,64.632548
-61.80217221,42.85427847560589,64.632548
-62.80082927,42.78329885673953,64.632548
-63.79636669,42.76444971823775,64.632548
-64.88107109,42.545020725556604,64.632548
-65.72955857,42.595174810604505,64.632548
-67.19097668,42.56500991208684,64.632548
-67.91518264,42.29655160285485,64.632548
-68.33659148,42.1703411599075,64.632548
-68.71957764,42.046522324010844,64.632548
-68.8149917,42.02882644349167,64.632548
-68.78441201,42.07005208919043,64.632548
-68.88586423,41.843091067018726,64.632548
-68.5520291,41.9450735002008,64.632548
-68.40307712,41.58378345597009,64.632548
-68.35191325,41.53973291933922,64.632548
-68.3462847,41.52372409705775,64.632548
-68.47041796,41.46457568818736,64.632548
-68.64866952,41.433537771780635,64.96063199999999
-68.8131752,41.76431315004496,64.96063199999999
-68.93020152,41.747216882097554,64.96063199999999
-69.05666853,41.75241924468348,64.632548
-69.05351405,41.821637242273624,64.632548
-69.07654357,41.84884250635563,64.632548
-69.1544735,41.73454477901668,64.632548
-69.10347212,41.815135766754,64.632548
-69.07035169,41.840700778386164,64.632548
-69.04551545,41.832941834104645,64.632548
-69.01939259,41.83933131255258,64.632548
-68.99256077,41.82473469918394,64.632548
-68.98601831,41.86525477185422,64.632548
-68.98881417,41.830281552065806,64.632548
-68.97150887,41.85944144992696,64.632548
-69.01191492,41.806091127898284,64.632548
-69.07063641,41.73184605075662,64.632548
-69.17754628,41.56330386883856,64.632548
-69.1202329,41.68459999876769,64.632548
-69.08192268,41.78230239313891,64.632548
-69.10267241,41.76002959598556,64.632548
-69.18530581,41.647799836309346,64.632548
-69.16153757,41.69043577177894,64.632548
-69.10215194,41.772307440885214,64.632548
-69.07746974,41.823247238309555,64.632548
-69.10632463,41.777454358489805,64.632548
-69.42735152,41.246897617057456,64.632548
-69.06742287,41.84173627257698,64.632548
-69.08431738,41.82967419551075,64.632548
-69.12464555,41.92708322951161,64.632548
-69.19844853,41.90088841388922,64.96063199999999
-69.19169579,41.95761389570175,64.96063199999999
-69.21199559,42.02598180985847,64.96063199999999
-69.25015808,42.06047862372396,64.96063199999999
-69.27436706,42.08129160967786,64.96063199999999
-69.32359428,42.05393947728588,64.96063199999999
-69.3922315,42.009679952374405,64.96063199999999
-69.45511482,42.00652122097625,64.96063199999999
-69.60747854,41.71144885488004,64.96063199999999
-69.64127721,41.62878332279577,64.96063199999999
-69.59159615,41.66837103376706,64.96063199999999
-69.51692793,41.78390868050637,64.96063199999999
-69.56619507,41.690344976940786,64.632548
-69.64101179,41.567168383901965,64.632548
-69.63710649,41.57051030061693,64.632548
-69.66593295,41.515774873905485,64.632548
-69.6834215,41.4819243983508,64.632548
-69.72243309,41.43687389147562,64.632548
-69.65209928,41.57163737726935,64.632548
-69.80804972,41.350441371328095,64.632548
-69.73286672,41.51623862257618,64.304464
-69.73639184,41.545584619989945,64.304464
-69.73689826,41.64144863197701,64.632548
-69.82730721,41.54487527889021,64.632548
-69.72339179,41.75672490210722,64.632548
-69.80978619,41.661445479715006,64.632548
-69.8172341,41.74494139573895,64.632548
-69.82123568,41.78298967579701,64.632548
-69.82055071,41.82437041625832,64.632548
-69.86891809,41.81256431150916,64.632548
-69.88008653,41.82392998770864,64.632548
-69.94569567,41.764052866525304,64.632548
-69.85662211,41.918610496020435,64.632548
-69.79830534,42.021366620109504,64.632548
-69.80935639,41.99027631555933,64.632548
-69.80446763,41.96975818339814,64.632548
-69.7246469,42.10223174333525,64.632548
-69.98940727,41.64458086624015,64.632548
-69.65759906,42.184575265024826,64.632548
-69.68955283,42.15776026712654,64.632548
-69.71411949,42.17483104228035,64.632548
-69.73087064,42.183904112304155,64.632548
-69.77097881,42.216483821101434,64.632548
-69.71028022,42.25211175043068,64.632548
-69.82215084,42.228239548133956,64.632548
-69.84436936,42.17117240480927,64.632548
-69.67199837,41.249876446433106,64.632548
-69.01674239,41.30515458750455,64.632548
-68.1860289,41.10798069021325,64.632548
-67.24623153,40.89851159968885,64.632548
-64.90954996,40.03891773113242,64.632548
-63.46491901,39.785583607411375,64.632548
-60.86630971,39.55905661970484,64.96063199999999
-59.74314853,39.66559207955221,64.96063199999999
-58.82630046,39.81013581292805,64.96063199999999
-58.44660115,39.95245238908989,64.96063199999999
-58.58568917,40.38288647052604,64.96063199999999
-59.0269556,40.64047003106584,64.632548
-59.52224455,41.04285669543081,64.632548
-61.38869119,41.91623722649437,64.632548
-62.90182964,41.98746756891035,64.632548
-63.97056304,42.5336584654297,64.632548
-66.52339878,43.0243289848639,64.632548
-67.72524916,42.86377280989008,64.632548
-68.96438152,43.105278338995525,64.632548
-69.67158333,42.69951508909114,64.632548
-69.44630451,42.46678225706339,64.632548
-69.04227307,41.96476503955051,64.632548
-68.47579805,41.720508182653305,64.96063199999999
-68.10386778,41.4096485389961,64.96063199999999
-68.20297691,41.16436375465636,64.96063199999999
-68.15615798,41.30580607498853,64.632548
-68.44921427,41.29416047811934,64.632548
-68.48869031,41.56859927753358,64.632548
-68.98953191,41.50735796337284,64.632548
-69.31523096,41.62462919919979,64.304464
-69.48338938,41.61981084679555,64.304464
-69.57705147,41.737315156724236,64.304464
-69.58549874,41.766597319376324,64.304464
-69.56490572,41.772215702123304,64.304464
-69.55891439,41.72418094094951,64.304464
-69.46167555,41.77775158364063,64.304464
-69.25906373,41.889441288775494,64.304464
-69.1199033,41.91275852650804,64.304464
-69.08470506,41.900568597719825,64.632548
-69.13546342,41.73746937640623,64.632548
-69.07780659,41.839158717539156,64.632548
-69.07612171,41.8470061176389,64.632548
-69.04046571,41.90138008337068,64.632548
-68.9822042,41.997226851053,64.632548
-69.06835676,41.85538977545269,64.632548
-69.02697105,41.89389465010143,64.632548
-69.03937454,41.8500381909577,64.632548
-68.9839005,41.85103631886836,64.632548
-69.01217575,41.85376491694907,64.632548
-68.95262379,41.87474324411073,64.96063199999999
-68.96977689,41.82181309087539,64.96063199999999
-68.9976657,41.76818413820015,64.96063199999999
-68.98997734,41.72004858930872,64.96063199999999
-68.90480657,41.84350328008229,64.96063199999999
-68.8655198,41.892349701477215,64.632548
-68.85237887,41.896274602918375,64.632548
-68.88025197,41.821993772791366,64.632548
-68.87042783,41.832482263899294,64.632548
-68.79323155,41.98009824617558,64.632548
-68.78071529,41.99367670215812,64.632548
-68.8935564,41.85507338055102,64.632548
-68.85996373,41.90716176501716,64.96063199999999
-68.90492376,41.86858802551699,64.96063199999999
-68.93982493,41.87243203170058,64.96063199999999
-68.88521753,41.949592940767715,64.96063199999999
-68.91165553,41.91688180552796,64.96063199999999
-68.90194084,41.91265063085017,64.96063199999999
-68.91171824,41.878887062175274,64.96063199999999
-68.90240694,41.86767561891754,64.96063199999999
-68.88773036,41.86845183964206,64.96063199999999
-68.87627095,41.896770931294206,64.96063199999999
-68.88837845,41.85095875394796,64.96063199999999
-68.90462657,41.827995621160966,64.96063199999999
-68.87475403,41.87211377558633,64.632548
-68.86920956,41.886914971494406,64.632548
-68.86540609,41.914627033916204,64.632548
-68.88660544,41.911977224819005,64.632548
-68.96510317,41.87694795138332,64.632548
-68.98612559,41.89984870358934,64.632548
-69.02860602,41.90131787011969,64.632548
-69.0277317,41.96847452889769,64.632548
-69.07923844,41.95004744798705,64.632548
-69.08626534,42.03575775737082,64.632548
-69.18845007,41.918662532925,64.632548
-69.13686755,41.99546874131063,64.632548
-69.15659142,41.957920444521875,64.632548
-69.22088949,41.86951070221088,64.632548
-69.15400892,41.98114676440111,64.632548
-69.16810236,41.95855496005133,64.632548
-69.13193424,41.99600681199224,64.304464
-69.11566536,42.00256411705365,64.632548
-69.10040492,42.0251395559157,64.632548
-69.14490686,41.93796272211961,64.632548
-69.10991738,41.996860706701085,64.632548
-69.07008272,42.04593997382354,64.632548
-69.1358395,41.94215667370102,64.632548
-69.14230925,41.962484215701,64.632548
-69.13256164,41.99497398625567,64.632548
-69.16366182,41.960181799041784,64.632548
-69.20143685,41.9497740416428,64.304464
-69.16162028,41.9856790785232,64.304464
-69.19784366,41.98100745358543,64.304464
-69.30508807,41.86403658437572,64.304464
-69.32452122,41.83629351370393,64.304464
-69.30812785,41.86788777648096,64.304464
-69.30783141,41.848705392632155,64.304464
-69.42642813,41.640816798546126,64.304464
-69.30071014,41.8636696755839,64.304464
-69.30716627,41.87265190152632,64.304464
-69.29105206,41.92530256401793,64.632548
-69.21092028,42.05682184184828,64.632548
-69.20995136,42.06473351273058,64.632548
-69.17939228,42.09162267166661,64.632548
-69.17538023,42.07738625159783,64.632548
-69.09534691,42.149490979226314,64.632548
-69.08752098,42.04884107313079,64.632548
-68.93241528,42.23108110251066,64.632548
-68.97920951,42.10613893565393,64.632548
-68.93546263,42.100979016671985,64.632548
-68.90749549,42.09137882528044,64.632548
-68.87256008,42.09506857237146,64.632548
-68.85435371,42.10346339258382,64.632548
-68.85227241,42.0697531294371,64.632548
-68.78910338,42.14596516429968,64.632548
-68.79113559,42.08861056482485,64.632548
-68.79847702,42.04515975131788,64.632548
-68.74874594,42.10318814456219,64.632548
-68.69509073,42.152421544339035,64.632548
-68.72604134,42.072413951549436,64.632548
-68.70919404,42.04337709328058,64.632548
-68.66847096,42.06339593922546,64.96063199999999
-68.64511127,41.99472893887767,64.96063199999999
-68.63443942,41.99896987197108,64.96063199999999
-68.81337948,41.69500929271618,64.96063199999999
-68.83231522,41.663108163793254,64.96063199999999
-68.83741539,41.66418593459921,64.96063199999999
-68.70976443,41.88445074804052,64.96063199999999
-68.62697733,42.021215226224015,64.96063199999999
-68.7200157,41.87204320327639,64.96063199999999
-68.65900468,41.963832224706415,64.96063199999999
-68.66204728,41.95130289842156,64.96063199999999
-68.66864857,41.9285361000506,64.96063199999999
-68.64511017,41.96769089687375,64.96063199999999
-68.61738091,41.99164681643664,64.96063199999999
-68.59360245,41.93557883003949,64.96063199999999
-68.54044621,41.98158823613646,64.96063199999999
-68.5347487,41.960737241372016,64.96063199999999
-68.54916057,41.891906865071554,64.96063199999999
-68.58090525,41.810932671673235,64.96063199999999
-68.53829119,41.82346355814082,64.96063199999999
-68.50601693,41.82596117341049,64.632548
-68.67193716,41.71182957996818,64.632548
-68.63489093,41.756980953117704,64.632548
-68.59411691,41.79303780328532,64.632548
-68.55657883,41.82498609751346,64.632548
-68.56684359,41.76654759246818,64.632548
-68.62241263,41.651161990381404,64.632548
-68.61051791,41.67075283329312,64.632548
-68.78172622,41.81608629795975,64.632548
-68.74280788,41.83524505531693,64.632548
-68.73429706,41.82777289286897,64.632548
-68.71602429,41.83129144892896,64.632548
-68.69684326,41.86278376690631,64.632548
-68.73121282,41.806331134653554,64.632548
-68.71430016,41.834123533133834,64.632548
-68.91973024,41.86886006651518,64.632548
-68.85682324,41.91673847260152,64.632548
-68.8279657,41.933216123565195,64.632548
-68.79721788,41.908645552492,64.632548
-68.82946619,41.89858277392526,64.632548
-68.83511477,41.86847171976679,64.632548
-68.90558745,42.05106194775423,64.96063199999999
-68.97613273,41.92703589770561,64.632548
-68.94535973,41.98834408038376,64.632548
-69.00037885,41.92314775201035,64.632548
-69.03905099,41.93658195745606,64.632548
-69.00924308,42.026628976993706,64.632548
-69.05169078,42.00737187215595,64.632548
-69.12033131,41.93988764049913,64.632548
-69.10439357,42.01163368441155,64.304464
-69.13469544,42.02368345924614,64.304464
-69.19122328,41.983696709413564,64.304464
-69.16952953,42.106566334157726,64.304464
-69.20340112,42.09318881458875,64.304464
-69.19056888,42.155910337304626,64.304464
-69.25211733,42.126104795601805,64.304464
-69.27348446,42.12569847966382,64.304464
-69.29243907,42.15640665398452,64.304464
-69.3272917,42.12434410687616,64.632548
-69.31110837,42.17558665572276,64.632548
-69.31999915,42.162866190558496,64.632548
-69.32352312,42.13180914513662,64.632548
-69.2993215,42.15393084735961,64.632548
-69.26808496,42.15225032556435,64.632548
-69.28586324,42.12302168887154,64.632548
-69.30571683,42.03090554933881,64.632548
-69.22174903,42.13435637366318,64.632548
-69.22121074,42.09736897582027,64.632548
-69.25888907,42.0119503522973,64.632548
-69.2105038,42.06887791766445,64.632548
-69.18460387,42.10704100758719,64.632548
-69.16589845,42.131453598286704,64.632548
-69.17714563,42.10667416888644,64.304464
-69.12169874,42.06778015695908,64.304464
-69.14057941,41.988093202760716,64.304464
-69.09145794,42.03227271768586,64.304464
-69.09477335,41.97882110446855,64.304464
-69.05442537,41.982670430716794,64.304464
-69.05246836,41.97767912314688,64.304464
-69.08059473,41.93137682024648,64.304464
-69.07312609,42.022005984663814,64.632548
-69.09181247,41.998855045068,64.632548
-69.10157647,41.95814028756691,64.632548
-69.03115002,42.01462050922511,64.632548
-69.10643217,41.90080529920248,64.632548
-69.16133555,42.009535654113996,64.632548
-69.28396926,42.00412710776712,64.632548
-69.57955707,42.0226202927801,64.632548
-69.63673634,42.19938458252562,64.632548
-70.28122676,41.847716649356585,64.632548
-70.44710878,41.92824030261464,64.632548
-70.58418529,41.87996075781179,64.632548
-70.85951186,42.096793301688,64.632548
-71.14522082,42.25244292760567,64.632548
-71.569954,42.2982761770861,64.632548
-71.30718285,42.5768105696252,65.28871600000001
-70.35320785,43.473616741612155,65.28871600000001
-70.19414383,42.25694522624113,65.28871600000001
-69.68601825,42.05322067777513,65.28871600000001
-69.05053713,41.78284157614192,65.28871600000001
-68.25740914,41.556839005152895,65.28871600000001
-60.39822146,41.126131818141005,65.28871600000001
-59.99024422,41.10741770782426,65.28871600000001
-58.95465924,41.59678979724937,65.28871600000001
-58.70596292,41.56496766704297,65.28871600000001
-58.24157197,41.808870180284586,65.28871600000001
-58.10616849,41.84601071297526,64.96063199999999
-57.85756244,42.142281271228406,64.96063199999999
-57.85338088,42.11458254709422,64.96063199999999
-57.7016777,42.28168663327634,64.96063199999999
-57.44952998,42.53549906329728,64.96063199999999
-57.45171643,42.43101098778005,64.96063199999999
-57.22382024,42.65556840604308,64.96063199999999
-57.2901056,42.41670008431241,64.96063199999999
-57.16310978,42.48492162626105,64.96063199999999
-56.91294202,42.50549436458827,64.632548
-56.82935901,42.31847635119637,64.632548
-56.76572743,42.5133453882327,64.632548
-56.59119403,42.42346559397449,64.632548
-56.45235366,42.2443477029207,64.632548
-56.02223558,41.9522800720415,64.632548
-55.62253124,41.96912517269588,64.632548
-54.04932408,42.1821030188871,64.632548
-54.7849867,42.6092530536777,64.632548
-54.95443792,42.632844214496366,64.632548
-55.28121808,42.52001148197909,64.632548
-55.54424984,42.754905109800205,64.632548
-56.07060464,42.42809076333807,64.632548
-56.11583052,42.88623215475666,64.632548
-56.83425883,42.65219847309537,64.632548
-57.83767,42.89945726916392,64.632548
-58.09769108,43.256367463830735,64.632548
-58.62847507,43.191263361925714,64.632548
-59.49797634,42.98807970333088,64.632548
-59.70037034,43.04177412220829,64.632548
-59.87123596,43.04702402690867,64.96063199999999
-59.88283338,42.945938323885066,64.96063199999999
-59.832228,42.98493212293937,64.96063199999999
-59.61621582,42.83688643764024,64.96063199999999
-59.60607713,42.75818691562614,64.96063199999999
-59.52455993,42.71478339233829,64.96063199999999
-59.57981721,42.625271385522005,64.96063199999999
-59.6164521,42.6710453979886,64.96063199999999
-59.68069545,42.696278870427065,64.96063199999999
-59.83088085,42.78294195709853,64.96063199999999
-59.99814918,42.85923439970142,64.96063199999999
-60.18388229,42.97287683471895,64.96063199999999
-60.53855805,43.099903307140735,64.96063199999999
-60.75431898,43.07832043616663,64.96063199999999
-60.86138159,43.210911017079646,64.96063199999999
-60.98862012,43.23001250595296,64.96063199999999
-61.0390411,43.2246776720341,64.96063199999999
-60.99864554,43.144317253059825,64.96063199999999
-60.70668428,43.02921956949188,64.96063199999999
-59.62475998,42.60979879468466,64.96063199999999
-58.63074073,42.710729318038034,64.96063199999999
-57.32340382,42.84685575011868,64.96063199999999
-54.86841512,42.4122378728377,64.632548
-53.34778804,42.40417839832339,64.632548
-51.51717414,42.618260329041945,64.632548
-47.65215543,41.291306736509576,64.96063199999999
-47.00888438,41.198013385953395,64.96063199999999
-46.2952003,41.44461866078802,64.96063199999999
-45.96932057,41.77261748193991,64.96063199999999
-45.77698459,42.05268309672787,64.96063199999999
-45.72077327,42.18010584112945,64.96063199999999
-45.46808473,42.387924117128385,64.96063199999999
-45.23580353,42.51365472569336,64.96063199999999
-44.67492994,43.01614509720761,64.96063199999999
-44.79578987,42.80768357411348,64.96063199999999
-44.20822458,43.327070070016326,64.96063199999999
-44.06891132,43.421093812415585,64.96063199999999
-44.03335564,43.34404556548067,64.96063199999999
-43.93805091,43.36408962640258,64.96063199999999
-43.69026972,43.33883529089453,64.96063199999999
-43.74491061,43.44259731138147,64.96063199999999
-43.74514554,43.39998067733427,64.96063199999999
-43.55668758,43.23916384056071,64.96063199999999
-43.14884506,42.95882992502513,64.96063199999999
-42.81163441,42.617225047778135,64.96063199999999
-42.06303014,42.317533992221804,64.96063199999999
-40.9645656,42.287218445976954,64.96063199999999
-39.7893945,41.96795210849658,64.96063199999999
-37.07766945,41.290163019590935,64.632548
-35.63381743,40.930276317204125,64.632548
-34.08447582,40.47828731037184,64.632548
-31.95700689,40.56831061266606,64.96063199999999
-29.98794716,40.47548208703809,64.96063199999999
-23.94669479,38.5484438721485,64.96063199999999
-22.57681984,37.68592687161374,64.96063199999999
-21.0403622,37.863698023516484,64.96063199999999
-19.50549736,37.17256908,64.96063199999999
-18.60427334,36.761202439565366,64.96063199999999
-17.48473568,37.3066885345156,64.96063199999999
-15.0697757,36.37957457673913,64.96063199999999
-12.43902217,36.14729762599719,64.96063199999999
-10.72430292,33.89988927212143,64.96063199999999
-7.774292544,33.206749328494816,64.96063199999999
-6.031647113,30.29362252825719,65.28871600000001
-3.778016454,28.996581103628763,65.28871600000001
-1.562636715,26.177713785361284,65.28871600000001
4.429534503628719,21.543197186882104,64.96063199999999
4.631712841437845,21.50617374509971,65.28871600000001
4.690705037257228,21.569840992318813,65.28871600000001
4.9836907478882635,21.23024566406802,65.28871600000001
5.025257354695966,21.0632309681791,65.28871600000001
5.310373263045692,20.7074526064894,65.28871600000001
5.306668286983167,20.20713866237819,65.28871600000001
5.296553209150929,19.74920189279556,64.96063199999999
5.765206964429968,19.455611236863458,64.96063199999999
5.859620378404857,19.12799327630871,64.96063199999999
5.786949027881884,19.03498427015251,64.96063199999999
5.812135642290674,18.915446712230636,64.96063199999999
5.885441145994163,18.897508647680496,64.96063199999999
5.817769444630056,18.96392702653763,64.96063199999999
5.930056715532068,19.14639376920774,64.96063199999999
5.710321499921395,19.925152936256826,64.96063199999999
5.454874113189041,20.467220177841696,64.96063199999999
5.415853000076984,20.939156147364166,64.96063199999999
5.058592469473852,21.897340780735245,64.96063199999999
4.993906098443948,22.26022227729478,64.632548
4.84162915544422,22.587316139920993,64.632548
4.845622900831431,22.956539856780747,64.632548
4.598284589708868,23.126020014973474,64.632548
4.327613268138609,23.20346104484048,64.632548
4.333423395095487,23.149908059949684,64.632548
4.197819613278474,23.158776552152084,64.96063199999999
4.196736824300506,23.06157210922573,64.96063199999999
3.6696692974888956,23.069802878352288,64.96063199999999
3.953974827136392,23.332738106014006,64.96063199999999
4.0128292609148195,23.37801511575123,64.96063199999999
3.671621727260285,23.52836743691402,64.96063199999999
3.7158891594565304,23.557886485824245,64.96063199999999
3.87845286485746,23.606580559634914,64.96063199999999
3.902934013280881,23.63895769372943,64.96063199999999
3.802505665600701,23.713303841322528,64.96063199999999
3.8985517284680045,23.72041194942234,64.96063199999999
3.5506496112914854,23.790368917430825,64.96063199999999
3.8844451172700656,23.746695687386996,64.96063199999999
3.7996330621352494,23.758519843671785,64.96063199999999
3.775677673132144,23.758485057067997,64.96063199999999
3.768005293773445,23.765117660782558,64.96063199999999
3.588951144227299,23.806088111535466,64.96063199999999
3.4467419443402867,23.844629378259683,64.96063199999999
3.521372636708984,23.835413615186106,64.96063199999999
3.7877644349867254,23.79097928814706,64.96063199999999
3.549056530960245,23.82891898498776,64.96063199999999
3.7423675793677553,23.79892639285479,64.96063199999999
3.6206760953939963,23.7826330927934,64.96063199999999
3.8533756424380607,23.683651256710544,64.96063199999999
4.070342801578655,23.60920967053281,65.28871600000001
3.946516930035827,23.601850133805666,65.28871600000001
3.4973838871826843,23.61821330999116,65.28871600000001
3.9590970337484874,23.51341128855015,65.28871600000001
4.1376979454798155,23.457854854260013,65.28871600000001
4.187852299400849,23.40889214996392,65.28871600000001
4.154340172113626,23.430723254548187,65.28871600000001
3.8862065020404635,23.46085543184088,65.28871600000001
3.8763341286912127,23.424279925779295,64.96063199999999
3.9188946545296304,23.381436877050977,64.96063199999999
4.197144820564407,23.352761906411583,64.96063199999999
3.8864832456767444,23.373077103523276,64.96063199999999
4.083401556583825,23.306572037714865,64.96063199999999
4.119309042147838,23.281361320744296,64.96063199999999
4.088657281986683,23.25335299242619,64.96063199999999
4.021173759372953,23.251599956255866,64.96063199999999
4.008737660722008,23.226680122919586,64.96063199999999
3.9976142784956497,23.213949145133537,64.96063199999999
3.90567940435668,23.220045467848514,64.96063199999999
3.9254237488613626,23.19744987705436,64.96063199999999
4.035157666985518,23.185240791949532,64.96063199999999
3.708613367140757,23.232665587107046,64.96063199999999
3.803473342678446,23.227098625488875,64.96063199999999
3.7656707562706195,23.24854596873632,64.96063199999999
3.6917832159644615,23.26404751721048,64.96063199999999
3.7715462644986335,23.256966410362427,64.96063199999999
3.7934352472781145,23.2553341668907,64.96063199999999
3.647753020544175,23.279294207326906,64.96063199999999
4.083403216438452,23.205641536119508,64.96063199999999
4.081687791001215,23.205943327253184,64.96063199999999
4.0722886777181175,23.201398952972475,64.96063199999999
4.056158393634116,23.212117798354768,64.96063199999999
4.105119836815339,23.207073895905232,64.96063199999999
3.999629720413301,23.237338697641697,64.96063199999999
4.110269115379301,23.22072273089012,64.96063199999999
4.064106894376807,23.227214506868556,64.96063199999999
3.8591389550816317,23.26776785810639,64.96063199999999
4.082862283455497,23.203937851096605,64.632548
4.055282850121886,23.18412727411121,64.632548
4.1442506841589335,23.12666004338342,64.632548
3.968680961231723,23.139027117616724,64.632548
4.195753969069236,23.05704901387338,64.632548
4.251409664590658,23.031438383534393,64.632548
4.296247148496518,23.020746999384013,64.632548
4.310564812900593,23.026515128492676,64.632548
4.248209823578312,23.046541054808596,64.632548
4.310672418326545,23.045854147613944,64.632548
4.219614140455132,23.06173308722358,64.632548
4.042469447376533,23.06792938674865,64.632548
4.21059014737667,23.020258660206316,64.632548
4.236027362907107,23.011154647720595,64.632548
4.197127408331179,22.98539838199237,64.632548
4.270398094642653,22.97563590987607,64.632548
4.250182387812248,23.00924503224132,64.632548
4.29128427147926,23.012094379809025,64.96063199999999
4.119541335659269,23.053390511589328,64.96063199999999
3.947212151111689,23.083321495785246,64.96063199999999
4.36900175564306,23.014163166585785,64.96063199999999
4.308165567153358,23.02562902604487,64.96063199999999
4.423484031225588,22.996503531408514,64.96063199999999
4.283837540432142,22.999932645796882,64.96063199999999
4.355658235517125,22.93968888905554,64.96063199999999
4.323770650133147,22.93156484262886,64.96063199999999
4.315778619387841,22.883292444221585,64.96063199999999
4.077565987067868,22.926937732729183,64.96063199999999
4.411777062345034,22.845130538759435,64.96063199999999
4.438276336482962,22.817403408722793,64.96063199999999
4.45249271459393,22.80196444265158,64.96063199999999
4.301128672756126,22.832035058521974,64.96063199999999
4.421602239116517,22.821910305953743,64.96063199999999
4.437359867005988,22.83750145932564,64.96063199999999
4.417964517324305,22.861177365223096,64.96063199999999
4.29920631284003,22.90480512715866,64.96063199999999
4.431172399205128,22.94844528719183,64.96063199999999
4.391651522472608,22.99458753093965,64.96063199999999
4.348743008446485,23.0572305271561,64.96063199999999
4.2932170431921355,23.086789012857835,64.96063199999999
4.351346125827514,23.09266345329307,64.96063199999999
4.260747698614702,23.111953011615224,64.96063199999999
4.0626529039993535,23.151526420317474,64.96063199999999
4.343728014561004,23.10788495589448,64.96063199999999
4.10302834858756,23.16349710124079,64.96063199999999
4.321690754274059,23.12403218044565,64.96063199999999
4.3738968775015055,23.1052989151569,64.96063199999999
4.180575362014858,23.14059202549085,64.96063199999999
4.419437555936478,23.088146864529996,64.96063199999999
4.349015729985608,23.100680832586033,64.96063199999999
4.329266043487955,23.112301107773526,64.96063199999999
4.351547854734435,23.10477777154689,64.632548
4.169321042074278,23.13152123673468,64.632548
4.053705711838885,23.157224822845485,64.632548
4.151622477707257,23.14140411166452,64.632548
4.372485649600152,23.10630060981223,64.632548
4.301329882028287,23.11921841496997,64.632548
4.392323465509399,23.111287526928553,64.632548
4.205506246763792,23.17018630857059,64.632548
4.206338272414249,23.28096452902767,64.632548
5.205849567936121,26.33902349804243,64.96063199999999
5.169646262883321,26.580253464162695,64.304464
5.481410539090035,26.5507815014387,57.4147
5.740814498600974,26.506780090969254,57.08661600000001
5.811666728886705,26.487372316922674,56.430448
5.694972811334805,26.500693836254367,56.102364
5.822880933637505,26.47244652892855,55.774280000000005
6.247908616708447,26.35709280818943,54.790028
6.1798122338777,26.373917126969122,54.13386
5.975547958564232,26.435040169434654,53.805776
6.05101004118412,26.46229568358416,53.805776
5.978410016784715,26.480978276841366,54.13386
6.143853910013867,26.442106545071443,54.13386
6.411029223902595,26.362564087937113,54.13386
6.240971118338563,26.37407667382119,54.13386
6.491704490784797,26.31348349612532,54.13386
6.181259141761627,26.339205483917226,54.13386
6.0725383133756505,26.338188544343573,53.805776
6.562159948583516,26.20208869510545,53.805776
5.914948287331172,26.325909543118776,53.805776
6.070203092418609,26.2649204059204,53.805776
5.762285473278563,26.21884708676039,53.805776
5.6304477845079415,26.22918719374348,53.805776
6.071434920451817,26.072121457293186,53.805776
5.688849925473299,26.128516481984597,53.805776
5.942940170470715,26.055207059102635,53.805776
6.005204195739081,26.03479904896395,53.805776
6.307809745904331,25.879504660215254,53.14960799999999
6.067357968354583,25.902797748375747,53.14960799999999
